protocol,penalty,series_id,month
v2,0.5,Абазинский муниципальный район,2023-10
v2,0.5,Абазинский муниципальный район,2024-01
v2,0.5,Абазинский муниципальный район,2024-04
v2,0.5,Абанский муниципальный район,2023-10
v2,0.5,Абанский муниципальный район,2024-01
v2,0.5,Абанский муниципальный район,2024-10
v2,0.5,Абатский муниципальный район,2023-06
v2,0.5,Абатский муниципальный район,2023-10
v2,0.5,Абатский муниципальный район,2024-01
v2,0.5,Абатский муниципальный район,2024-10
v2,0.5,Абзелиловский муниципальный район,2023-10
v2,0.5,Абзелиловский муниципальный район,2024-01
v2,0.5,Абзелиловский муниципальный район,2024-10
v2,0.5,Абыйский муниципальный район,2023-09
v2,0.5,Абыйский муниципальный район,2024-02
v2,0.5,Абыйский муниципальный район,2024-08
v2,0.5,Агинский муниципальный район,2023-10
v2,0.5,Агинский муниципальный район,2024-01
v2,0.5,Агинский муниципальный район,2024-10
v2,0.5,Агрызский муниципальный район,2023-10
v2,0.5,Агрызский муниципальный район,2024-01
v2,0.5,Агрызский муниципальный район,2024-10
v2,0.5,Адамовский муниципальный район,2023-10
v2,0.5,Адамовский муниципальный район,2024-01
v2,0.5,Адамовский муниципальный район,2024-10
v2,0.5,Азнакаевский муниципальный район,2023-10
v2,0.5,Азнакаевский муниципальный район,2024-01
v2,0.5,Азнакаевский муниципальный район,2024-10
v2,0.5,Азовский немецкий национальный муниципальный район,2023-10
v2,0.5,Азовский немецкий национальный муниципальный район,2024-01
v2,0.5,Азовский немецкий национальный муниципальный район,2024-10
v2,0.5,Акбулакский муниципальный район,2024-02
v2,0.5,Акбулакский муниципальный район,2024-05
v2,0.5,Акбулакский муниципальный район,2024-10
v2,0.5,Аксубаевский муниципальный район,2023-10
v2,0.5,Аксубаевский муниципальный район,2024-01
v2,0.5,Аксубаевский муниципальный район,2024-10
v2,0.5,Актанышский муниципальный район,2023-10
v2,0.5,Актанышский муниципальный район,2024-01
v2,0.5,Актанышский муниципальный район,2024-07
v2,0.5,Актанышский муниципальный район,2024-10
v2,0.5,Алагирский муниципальный район,2023-10
v2,0.5,Алагирский муниципальный район,2024-01
v2,0.5,Алагирский муниципальный район,2024-06
v2,0.5,Алагирский муниципальный район,2024-10
v2,0.5,Аларский муниципальный район,2023-10
v2,0.5,Аларский муниципальный район,2024-01
v2,0.5,Аларский муниципальный район,2024-10
v2,0.5,Алданский муниципальный район,2023-09
v2,0.5,Алданский муниципальный район,2024-02
v2,0.5,Алданский муниципальный район,2024-07
v2,0.5,Алданский муниципальный район,2024-10
v2,0.5,Александро-Невский муниципальный район,2023-10
v2,0.5,Александро-Невский муниципальный район,2024-01
v2,0.5,Александро-Невский муниципальный район,2024-10
v2,0.5,Александрово-Гайский муниципальный район,2024-02
v2,0.5,Александрово-Гайский муниципальный район,2024-05
v2,0.5,Александрово-Гайский муниципальный район,2024-10
v2,0.5,Александровский муниципальный округ,2023-10
v2,0.5,Александровский муниципальный округ,2024-01
v2,0.5,Александровский муниципальный округ,2024-10
v2,0.5,Александровский муниципальный район #1,2023-07
v2,0.5,Александровский муниципальный район #1,2023-10
v2,0.5,Александровский муниципальный район #1,2024-01
v2,0.5,Александровский муниципальный район #1,2024-10
v2,0.5,Александровский муниципальный район #2,2023-10
v2,0.5,Александровский муниципальный район #2,2024-01
v2,0.5,Александровский муниципальный район #2,2024-10
v2,0.5,Александровский муниципальный район #3,2023-10
v2,0.5,Александровский муниципальный район #3,2024-01
v2,0.5,Александровский муниципальный район #3,2024-10
v2,0.5,Алексеевский муниципальный район #1,2023-05
v2,0.5,Алексеевский муниципальный район #1,2024-02
v2,0.5,Алексеевский муниципальный район #1,2024-07
v2,0.5,Алексеевский муниципальный район #1,2024-10
v2,0.5,Алексеевский муниципальный район #2,2023-10
v2,0.5,Алексеевский муниципальный район #2,2024-01
v2,0.5,Алексеевский муниципальный район #2,2024-10
v2,0.5,Алексеевский муниципальный район #3,2023-08
v2,0.5,Алексеевский муниципальный район #3,2023-11
v2,0.5,Алексеевский муниципальный район #3,2024-04
v2,0.5,Алексеевский муниципальный район #3,2024-10
v2,0.5,Аликовский муниципальный округ,2023-06
v2,0.5,Аликовский муниципальный округ,2023-10
v2,0.5,Аликовский муниципальный округ,2024-01
v2,0.5,Аликовский муниципальный округ,2024-10
v2,0.5,Алтайский муниципальный район #1,2023-09
v2,0.5,Алтайский муниципальный район #1,2024-02
v2,0.5,Алтайский муниципальный район #1,2024-06
v2,0.5,Алтайский муниципальный район #1,2024-10
v2,0.5,Алтайский муниципальный район #2,2023-10
v2,0.5,Алтайский муниципальный район #2,2024-01
v2,0.5,Алтайский муниципальный район #2,2024-10
v2,0.5,Алькеевский муниципальный район,2023-10
v2,0.5,Алькеевский муниципальный район,2024-01
v2,0.5,Алькеевский муниципальный район,2024-10
v2,0.5,Альменевский муниципальный округ,2023-05
v2,0.5,Альменевский муниципальный округ,2023-10
v2,0.5,Альменевский муниципальный округ,2024-01
v2,0.5,Альменевский муниципальный округ,2024-10
v2,0.5,Альметьевский муниципальный район,2023-10
v2,0.5,Альметьевский муниципальный район,2024-01
v2,0.5,Альметьевский муниципальный район,2024-10
v2,0.5,Альшеевский муниципальный район,2023-10
v2,0.5,Альшеевский муниципальный район,2024-01
v2,0.5,Альшеевский муниципальный район,2024-10
v2,0.5,Амгинский муниципальный район,2023-09
v2,0.5,Амгинский муниципальный район,2024-02
v2,0.5,Амгинский муниципальный район,2024-07
v2,0.5,Амгинский муниципальный район,2024-10
v2,0.5,Амурский муниципальный район,2023-10
v2,0.5,Амурский муниципальный район,2024-01
v2,0.5,Амурский муниципальный район,2024-10
v2,0.5,Анабарский национальный (долгано-эвенкийский) муниципальный район,2023-05
v2,0.5,Анабарский национальный (долгано-эвенкийский) муниципальный район,2023-08
v2,0.5,Анабарский национальный (долгано-эвенкийский) муниципальный район,2023-12
v2,0.5,Анабарский национальный (долгано-эвенкийский) муниципальный район,2024-04
v2,0.5,Анабарский национальный (долгано-эвенкийский) муниципальный район,2024-10
v2,0.5,Анадырский муниципальный район,2023-08
v2,0.5,Анадырский муниципальный район,2024-02
v2,0.5,Анадырский муниципальный район,2024-08
v2,0.5,Андроповский муниципальный округ,2023-10
v2,0.5,Андроповский муниципальный округ,2024-01
v2,0.5,Андроповский муниципальный округ,2024-10
v2,0.5,Антроповский муниципальный район,2023-08
v2,0.5,Антроповский муниципальный район,2024-02
v2,0.5,Антроповский муниципальный район,2024-05
v2,0.5,Антроповский муниципальный район,2024-10
v2,0.5,Анучинский муниципальный округ,2023-10
v2,0.5,Анучинский муниципальный округ,2024-01
v2,0.5,Анучинский муниципальный округ,2024-04
v2,0.5,Анучинский муниципальный округ,2024-10
v2,0.5,Апанасенковский муниципальный округ,2023-10
v2,0.5,Апанасенковский муниципальный округ,2024-01
v2,0.5,Апанасенковский муниципальный округ,2024-10
v2,0.5,Апастовский муниципальный район,2023-10
v2,0.5,Апастовский муниципальный район,2024-01
v2,0.5,Апастовский муниципальный район,2024-10
v2,0.5,Аргаяшский муниципальный район,2023-10
v2,0.5,Аргаяшский муниципальный район,2024-01
v2,0.5,Аргаяшский муниципальный район,2024-10
v2,0.5,Ардатовский муниципальный округ,2023-11
v2,0.5,Ардатовский муниципальный округ,2024-02
v2,0.5,Ардатовский муниципальный округ,2024-07
v2,0.5,Ардатовский муниципальный округ,2024-10
v2,0.5,Ардатовский муниципальный район,2024-02
v2,0.5,Ардатовский муниципальный район,2024-05
v2,0.5,Ардатовский муниципальный район,2024-10
v2,0.5,Ардонский муниципальный район,2023-07
v2,0.5,Ардонский муниципальный район,2023-10
v2,0.5,Ардонский муниципальный район,2024-01
v2,0.5,Ардонский муниципальный район,2024-06
v2,0.5,Арзгирский муниципальный округ,2023-10
v2,0.5,Арзгирский муниципальный округ,2024-01
v2,0.5,Арзгирский муниципальный округ,2024-06
v2,0.5,Арзгирский муниципальный округ,2024-10
v2,0.5,Аркадакский муниципальный район,2023-10
v2,0.5,Аркадакский муниципальный район,2024-01
v2,0.5,Аркадакский муниципальный район,2024-10
v2,0.5,Армизонский муниципальный район,2023-10
v2,0.5,Армизонский муниципальный район,2024-01
v2,0.5,Армизонский муниципальный район,2024-10
v2,0.5,Аромашевский муниципальный район,2023-10
v2,0.5,Аромашевский муниципальный район,2024-01
v2,0.5,Аромашевский муниципальный район,2024-10
v2,0.5,Арсеньевский муниципальный район,2023-10
v2,0.5,Арсеньевский муниципальный район,2024-01
v2,0.5,Арсеньевский муниципальный район,2024-04
v2,0.5,Арсеньевский муниципальный район,2024-10
v2,0.5,Арский муниципальный район,2023-10
v2,0.5,Арский муниципальный район,2024-01
v2,0.5,Арский муниципальный район,2024-10
v2,0.5,Архангельский муниципальный район,2023-10
v2,0.5,Архангельский муниципальный район,2024-01
v2,0.5,Архангельский муниципальный район,2024-10
v2,0.5,Архаринский муниципальный округ,2024-02
v2,0.5,Архаринский муниципальный округ,2024-06
v2,0.5,Архаринский муниципальный округ,2024-10
v2,0.5,Асекеевский муниципальный район,2023-10
v2,0.5,Асекеевский муниципальный район,2024-01
v2,0.5,Асекеевский муниципальный район,2024-10
v2,0.5,Асиновский муниципальный район,2023-08
v2,0.5,Асиновский муниципальный район,2023-11
v2,0.5,Асиновский муниципальный район,2024-02
v2,0.5,Асиновский муниципальный район,2024-06
v2,0.5,Асиновский муниципальный район,2024-10
v2,0.5,Аскинский муниципальный район,2023-08
v2,0.5,Аскинский муниципальный район,2023-11
v2,0.5,Аскинский муниципальный район,2024-02
v2,0.5,Аскинский муниципальный район,2024-05
v2,0.5,Аскинский муниципальный район,2024-10
v2,0.5,Аткарский муниципальный район,2023-10
v2,0.5,Аткарский муниципальный район,2024-01
v2,0.5,Аткарский муниципальный район,2024-10
v2,0.5,Атнинский муниципальный район,2023-07
v2,0.5,Атнинский муниципальный район,2023-10
v2,0.5,Атнинский муниципальный район,2024-01
v2,0.5,Атнинский муниципальный район,2024-05
v2,0.5,Атнинский муниципальный район,2024-08
v2,0.5,Атюрьевский муниципальный район,2023-08
v2,0.5,Атюрьевский муниципальный район,2023-11
v2,0.5,Атюрьевский муниципальный район,2024-02
v2,0.5,Атюрьевский муниципальный район,2024-05
v2,0.5,Атюрьевский муниципальный район,2024-10
v2,0.5,Атяшевский муниципальный район,2024-02
v2,0.5,Атяшевский муниципальный район,2024-05
v2,0.5,Атяшевский муниципальный район,2024-10
v2,0.5,Аургазинский муниципальный район,2023-09
v2,0.5,Аургазинский муниципальный район,2023-12
v2,0.5,Аургазинский муниципальный район,2024-04
v2,0.5,Аургазинский муниципальный район,2024-10
v2,0.5,Ахтубинский муниципальный район,2023-10
v2,0.5,Ахтубинский муниципальный район,2024-01
v2,0.5,Ахтубинский муниципальный район,2024-10
v2,0.5,Ашинский муниципальный район,2023-06
v2,0.5,Ашинский муниципальный район,2023-10
v2,0.5,Ашинский муниципальный район,2024-01
v2,0.5,Ашинский муниципальный район,2024-10
v2,0.5,Бабаевский муниципальный округ,2023-10
v2,0.5,Бабаевский муниципальный округ,2024-01
v2,0.5,Бабаевский муниципальный округ,2024-10
v2,0.5,Бабушкинский муниципальный округ,2023-10
v2,0.5,Бабушкинский муниципальный округ,2024-01
v2,0.5,Бабушкинский муниципальный округ,2024-10
v2,0.5,Бабынинский муниципальный район,2023-10
v2,0.5,Бабынинский муниципальный район,2024-01
v2,0.5,Бабынинский муниципальный район,2024-10
v2,0.5,Бавлинский муниципальный район,2023-10
v2,0.5,Бавлинский муниципальный район,2024-01
v2,0.5,Бавлинский муниципальный район,2024-10
v2,0.5,Баганский муниципальный район,2023-10
v2,0.5,Баганский муниципальный район,2024-01
v2,0.5,Баганский муниципальный район,2024-10
v2,0.5,Баевский муниципальный район,2023-05
v2,0.5,Баевский муниципальный район,2023-10
v2,0.5,Баевский муниципальный район,2024-01
v2,0.5,Баевский муниципальный район,2024-10
v2,0.5,Базарно-Карабулакский муниципальный район,2024-02
v2,0.5,Базарно-Карабулакский муниципальный район,2024-05
v2,0.5,Базарно-Карабулакский муниципальный район,2024-10
v2,0.5,Базарносызганский муниципальный район,2024-02
v2,0.5,Базарносызганский муниципальный район,2024-05
v2,0.5,Базарносызганский муниципальный район,2024-10
v2,0.5,Бай-Тайгинский муниципальный район,2023-07
v2,0.5,Бай-Тайгинский муниципальный район,2023-10
v2,0.5,Бай-Тайгинский муниципальный район,2024-01
v2,0.5,Бай-Тайгинский муниципальный район,2024-05
v2,0.5,Бай-Тайгинский муниципальный район,2024-08
v2,0.5,Байкаловский муниципальный район,2023-10
v2,0.5,Байкаловский муниципальный район,2024-01
v2,0.5,Байкаловский муниципальный район,2024-10
v2,0.5,Баймакский муниципальный район,2023-07
v2,0.5,Баймакский муниципальный район,2023-10
v2,0.5,Баймакский муниципальный район,2024-01
v2,0.5,Баймакский муниципальный район,2024-10
v2,0.5,Бакалинский муниципальный район,2023-10
v2,0.5,Бакалинский муниципальный район,2024-01
v2,0.5,Бакалинский муниципальный район,2024-10
v2,0.5,Бакчарский муниципальный район,2023-07
v2,0.5,Бакчарский муниципальный район,2023-10
v2,0.5,Бакчарский муниципальный район,2024-01
v2,0.5,Бакчарский муниципальный район,2024-07
v2,0.5,Бакчарский муниципальный район,2024-10
v2,0.5,Балаганский муниципальный район,2023-07
v2,0.5,Балаганский муниципальный район,2023-10
v2,0.5,Балаганский муниципальный район,2024-01
v2,0.5,Балаганский муниципальный район,2024-10
v2,0.5,Балаковский муниципальный район,2023-10
v2,0.5,Балаковский муниципальный район,2024-01
v2,0.5,Балаковский муниципальный район,2024-10
v2,0.5,Балахнинский муниципальный округ,2023-10
v2,0.5,Балахнинский муниципальный округ,2024-01
v2,0.5,Балахнинский муниципальный округ,2024-10
v2,0.5,Балахтинский муниципальный район,2023-10
v2,0.5,Балахтинский муниципальный район,2024-01
v2,0.5,Балахтинский муниципальный район,2024-07
v2,0.5,Балахтинский муниципальный район,2024-10
v2,0.5,Балашовский муниципальный район,2023-10
v2,0.5,Балашовский муниципальный район,2024-01
v2,0.5,Балашовский муниципальный район,2024-10
v2,0.5,Балейский муниципальный район,2023-10
v2,0.5,Балейский муниципальный район,2024-01
v2,0.5,Балейский муниципальный район,2024-10
v2,0.5,Балтайский муниципальный район,2023-07
v2,0.5,Балтайский муниципальный район,2023-10
v2,0.5,Балтайский муниципальный район,2024-01
v2,0.5,Балтайский муниципальный район,2024-10
v2,0.5,Балтасинский муниципальный район,2023-10
v2,0.5,Балтасинский муниципальный район,2024-01
v2,0.5,Балтасинский муниципальный район,2024-07
v2,0.5,Балтасинский муниципальный район,2024-10
v2,0.5,Балтачевский муниципальный район,2023-05
v2,0.5,Балтачевский муниципальный район,2023-10
v2,0.5,Балтачевский муниципальный район,2024-01
v2,0.5,Балтачевский муниципальный район,2024-07
v2,0.5,Балтачевский муниципальный район,2024-10
v2,0.5,Барабинский муниципальный район,2023-09
v2,0.5,Барабинский муниципальный район,2024-02
v2,0.5,Барабинский муниципальный район,2024-07
v2,0.5,Барабинский муниципальный район,2024-10
v2,0.5,Барун-Хемчикский муниципальный район,2023-10
v2,0.5,Барун-Хемчикский муниципальный район,2024-01
v2,0.5,Барун-Хемчикский муниципальный район,2024-10
v2,0.5,Барышский муниципальный район,2023-10
v2,0.5,Барышский муниципальный район,2024-01
v2,0.5,Барышский муниципальный район,2024-10
v2,0.5,Барятинский муниципальный район,2023-10
v2,0.5,Барятинский муниципальный район,2024-01
v2,0.5,Барятинский муниципальный район,2024-10
v2,0.5,Батыревский муниципальный округ,2023-10
v2,0.5,Батыревский муниципальный округ,2024-01
v2,0.5,Батыревский муниципальный округ,2024-10
v2,0.5,Башмаковский муниципальный район,2023-10
v2,0.5,Башмаковский муниципальный район,2024-01
v2,0.5,Башмаковский муниципальный район,2024-10
v2,0.5,Баяндаевский муниципальный район,2023-10
v2,0.5,Баяндаевский муниципальный район,2024-01
v2,0.5,Баяндаевский муниципальный район,2024-10
v2,0.5,Бежаницкий муниципальный район,2024-02
v2,0.5,Бежаницкий муниципальный район,2024-06
v2,0.5,Бежаницкий муниципальный район,2024-10
v2,0.5,Безенчукский муниципальный район,2023-10
v2,0.5,Безенчукский муниципальный район,2024-01
v2,0.5,Безенчукский муниципальный район,2024-10
v2,0.5,Бейский муниципальный район,2023-10
v2,0.5,Бейский муниципальный район,2024-01
v2,0.5,Бейский муниципальный район,2024-10
v2,0.5,Бековский муниципальный район,2023-10
v2,0.5,Бековский муниципальный район,2024-01
v2,0.5,Бековский муниципальный район,2024-10
v2,0.5,Белебеевский муниципальный район,2023-10
v2,0.5,Белебеевский муниципальный район,2024-01
v2,0.5,Белебеевский муниципальный район,2024-10
v2,0.5,Белевский муниципальный район,2023-10
v2,0.5,Белевский муниципальный район,2024-01
v2,0.5,Белевский муниципальный район,2024-10
v2,0.5,Белинский муниципальный район,2023-10
v2,0.5,Белинский муниципальный район,2024-01
v2,0.5,Белинский муниципальный район,2024-10
v2,0.5,Беловский муниципальный округ,2023-05
v2,0.5,Беловский муниципальный округ,2023-10
v2,0.5,Беловский муниципальный округ,2024-01
v2,0.5,Беловский муниципальный округ,2024-10
v2,0.5,Белогорский муниципальный округ,2023-10
v2,0.5,Белогорский муниципальный округ,2024-01
v2,0.5,Белогорский муниципальный округ,2024-10
v2,0.5,Белозерский муниципальный округ #1,2023-07
v2,0.5,Белозерский муниципальный округ #1,2023-10
v2,0.5,Белозерский муниципальный округ #1,2024-01
v2,0.5,Белозерский муниципальный округ #1,2024-10
v2,0.5,Белозерский муниципальный округ #2,2023-10
v2,0.5,Белозерский муниципальный округ #2,2024-01
v2,0.5,Белозерский муниципальный округ #2,2024-10
v2,0.5,Белокатайский муниципальный район,2023-10
v2,0.5,Белокатайский муниципальный район,2024-01
v2,0.5,Белокатайский муниципальный район,2024-10
v2,0.5,Беломорский муниципальный округ,2023-07
v2,0.5,Беломорский муниципальный округ,2023-10
v2,0.5,Беломорский муниципальный округ,2024-02
v2,0.5,Беломорский муниципальный округ,2024-06
v2,0.5,Беломорский муниципальный округ,2024-10
v2,0.5,Белорецкий муниципальный район,2023-06
v2,0.5,Белорецкий муниципальный район,2023-10
v2,0.5,Белорецкий муниципальный район,2024-01
v2,0.5,Белорецкий муниципальный район,2024-10
v2,0.5,Белохолуницкий муниципальный район,2023-10
v2,0.5,Белохолуницкий муниципальный район,2024-01
v2,0.5,Белохолуницкий муниципальный район,2024-10
v2,0.5,Белоярский муниципальный район,2023-05
v2,0.5,Белоярский муниципальный район,2023-08
v2,0.5,Белоярский муниципальный район,2023-12
v2,0.5,Белоярский муниципальный район,2024-08
v2,0.5,Беляевский муниципальный район,2023-10
v2,0.5,Беляевский муниципальный район,2024-01
v2,0.5,Беляевский муниципальный район,2024-10
v2,0.5,Бердюжский муниципальный район,2023-10
v2,0.5,Бердюжский муниципальный район,2024-01
v2,0.5,Бердюжский муниципальный район,2024-10
v2,0.5,Березовский муниципальный район #1,2023-07
v2,0.5,Березовский муниципальный район #1,2023-10
v2,0.5,Березовский муниципальный район #1,2024-01
v2,0.5,Березовский муниципальный район #1,2024-05
v2,0.5,Березовский муниципальный район #1,2024-10
v2,0.5,Березовский муниципальный район #2,2023-05
v2,0.5,Березовский муниципальный район #2,2023-08
v2,0.5,Березовский муниципальный район #2,2023-12
v2,0.5,Березовский муниципальный район #2,2024-04
v2,0.5,Березовский муниципальный район #2,2024-10
v2,0.5,Бессоновский муниципальный район,2024-02
v2,0.5,Бессоновский муниципальный район,2024-05
v2,0.5,Бессоновский муниципальный район,2024-10
v2,0.5,Бижбулякский муниципальный район,2023-10
v2,0.5,Бижбулякский муниципальный район,2024-01
v2,0.5,Бижбулякский муниципальный район,2024-10
v2,0.5,Бийский муниципальный район,2023-06
v2,0.5,Бийский муниципальный район,2023-10
v2,0.5,Бийский муниципальный район,2024-01
v2,0.5,Бийский муниципальный район,2024-10
v2,0.5,Бикинский муниципальный район,2023-09
v2,0.5,Бикинский муниципальный район,2023-12
v2,0.5,Бикинский муниципальный район,2024-04
v2,0.5,Бикинский муниципальный район,2024-10
v2,0.5,Билибинский муниципальный район,2023-05
v2,0.5,Билибинский муниципальный район,2023-08
v2,0.5,Билибинский муниципальный район,2024-02
v2,0.5,Билибинский муниципальный район,2024-09
v2,0.5,Бирилюсский муниципальный район,2023-05
v2,0.5,Бирилюсский муниципальный район,2023-10
v2,0.5,Бирилюсский муниципальный район,2024-01
v2,0.5,Бирилюсский муниципальный район,2024-10
v2,0.5,Биробиджанский муниципальный район,2023-10
v2,0.5,Биробиджанский муниципальный район,2024-01
v2,0.5,Биробиджанский муниципальный район,2024-07
v2,0.5,Бирский муниципальный район,2023-10
v2,0.5,Бирский муниципальный район,2024-01
v2,0.5,Бирский муниципальный район,2024-10
v2,0.5,Благоварский муниципальный район,2023-10
v2,0.5,Благоварский муниципальный район,2024-01
v2,0.5,Благоварский муниципальный район,2024-10
v2,0.5,Благовещенский муниципальный округ,2023-10
v2,0.5,Благовещенский муниципальный округ,2024-01
v2,0.5,Благовещенский муниципальный округ,2024-10
v2,0.5,Благовещенский муниципальный район #1,2024-02
v2,0.5,Благовещенский муниципальный район #1,2024-07
v2,0.5,Благовещенский муниципальный район #1,2024-10
v2,0.5,Благовещенский муниципальный район #2,2023-10
v2,0.5,Благовещенский муниципальный район #2,2024-01
v2,0.5,Благовещенский муниципальный район #2,2024-10
v2,0.5,Благодарненский муниципальный округ,2023-10
v2,0.5,Благодарненский муниципальный округ,2024-01
v2,0.5,Благодарненский муниципальный округ,2024-10
v2,0.5,Богатовский муниципальный район,2023-10
v2,0.5,Богатовский муниципальный район,2024-01
v2,0.5,Богатовский муниципальный район,2024-10
v2,0.5,Богородицкий муниципальный район,2023-10
v2,0.5,Богородицкий муниципальный район,2024-01
v2,0.5,Богородицкий муниципальный район,2024-10
v2,0.5,Богородский муниципальный округ,2023-10
v2,0.5,Богородский муниципальный округ,2024-01
v2,0.5,Богородский муниципальный округ,2024-10
v2,0.5,Боградский муниципальный район,2023-05
v2,0.5,Боградский муниципальный район,2023-10
v2,0.5,Боградский муниципальный район,2024-01
v2,0.5,Боградский муниципальный район,2024-10
v2,0.5,Богучанский муниципальный район,2023-06
v2,0.5,Богучанский муниципальный район,2023-10
v2,0.5,Богучанский муниципальный район,2024-01
v2,0.5,Богучанский муниципальный район,2024-10
v2,0.5,Бокситогорский муниципальный район,2023-10
v2,0.5,Бокситогорский муниципальный район,2024-01
v2,0.5,Бокситогорский муниципальный район,2024-10
v2,0.5,Болотнинский муниципальный район,2023-10
v2,0.5,Болотнинский муниципальный район,2024-01
v2,0.5,Болотнинский муниципальный район,2024-10
v2,0.5,Болховский муниципальный район,2023-10
v2,0.5,Болховский муниципальный район,2024-01
v2,0.5,Болховский муниципальный район,2024-10
v2,0.5,Большеберезниковский муниципальный район,2023-08
v2,0.5,Большеберезниковский муниципальный район,2024-02
v2,0.5,Большеберезниковский муниципальный район,2024-07
v2,0.5,Большеберезниковский муниципальный район,2024-10
v2,0.5,Большеболдинский муниципальный округ,2023-10
v2,0.5,Большеболдинский муниципальный округ,2024-01
v2,0.5,Большеболдинский муниципальный округ,2024-10
v2,0.5,Большеглушицкий муниципальный район,2023-10
v2,0.5,Большеглушицкий муниципальный район,2024-01
v2,0.5,Большеглушицкий муниципальный район,2024-10
v2,0.5,Большемурашкинский муниципальный округ,2023-10
v2,0.5,Большемурашкинский муниципальный округ,2024-01
v2,0.5,Большемурашкинский муниципальный округ,2024-10
v2,0.5,Большемуртинский муниципальный район,2023-07
v2,0.5,Большемуртинский муниципальный район,2023-10
v2,0.5,Большемуртинский муниципальный район,2024-01
v2,0.5,Большемуртинский муниципальный район,2024-10
v2,0.5,Большереченский муниципальный район,2024-02
v2,0.5,Большереченский муниципальный район,2024-05
v2,0.5,Большереченский муниципальный район,2024-10
v2,0.5,Большесельский муниципальный район,2023-10
v2,0.5,Большесельский муниципальный район,2024-02
v2,0.5,Большесельский муниципальный район,2024-05
v2,0.5,Большесельский муниципальный район,2024-10
v2,0.5,Большеуковский муниципальный район,2023-06
v2,0.5,Большеуковский муниципальный район,2023-10
v2,0.5,Большеуковский муниципальный район,2024-01
v2,0.5,Большеуковский муниципальный район,2024-10
v2,0.5,Большеулуйский муниципальный район,2023-10
v2,0.5,Большеулуйский муниципальный район,2024-01
v2,0.5,Большеулуйский муниципальный район,2024-10
v2,0.5,Большечерниговский муниципальный район,2023-12
v2,0.5,Большечерниговский муниципальный район,2024-04
v2,0.5,Большечерниговский муниципальный район,2024-10
v2,0.5,Бондарский муниципальный округ,2023-10
v2,0.5,Бондарский муниципальный округ,2024-01
v2,0.5,Бондарский муниципальный округ,2024-10
v2,0.5,Борзинский муниципальный район,2023-10
v2,0.5,Борзинский муниципальный район,2024-01
v2,0.5,Борзинский муниципальный район,2024-10
v2,0.5,Борисоглебский муниципальный район,2024-02
v2,0.5,Борисоглебский муниципальный район,2024-05
v2,0.5,Борисоглебский муниципальный район,2024-10
v2,0.5,Боровичский муниципальный район,2023-10
v2,0.5,Боровичский муниципальный район,2024-01
v2,0.5,Боровичский муниципальный район,2024-10
v2,0.5,Боровский муниципальный район,2023-10
v2,0.5,Боровский муниципальный район,2024-01
v2,0.5,Боровский муниципальный район,2024-10
v2,0.5,Борский муниципальный район,2023-10
v2,0.5,Борский муниципальный район,2024-01
v2,0.5,Борский муниципальный район,2024-10
v2,0.5,Боханский муниципальный район,2024-02
v2,0.5,Боханский муниципальный район,2024-05
v2,0.5,Боханский муниципальный район,2024-10
v2,0.5,Братский муниципальный район,2023-10
v2,0.5,Братский муниципальный район,2024-01
v2,0.5,Братский муниципальный район,2024-07
v2,0.5,Братский муниципальный район,2024-10
v2,0.5,Брединский муниципальный район,2023-10
v2,0.5,Брединский муниципальный район,2024-01
v2,0.5,Брединский муниципальный район,2024-10
v2,0.5,Брейтовский муниципальный район,2023-10
v2,0.5,Брейтовский муниципальный район,2024-01
v2,0.5,Брейтовский муниципальный район,2024-04
v2,0.5,Брейтовский муниципальный район,2024-10
v2,0.5,Бугульминский муниципальный район,2023-06
v2,0.5,Бугульминский муниципальный район,2023-10
v2,0.5,Бугульминский муниципальный район,2024-01
v2,0.5,Бугульминский муниципальный район,2024-10
v2,0.5,Бугурусланский муниципальный район,2023-10
v2,0.5,Бугурусланский муниципальный район,2024-01
v2,0.5,Бугурусланский муниципальный район,2024-10
v2,0.5,Будённовский муниципальный округ,2023-10
v2,0.5,Будённовский муниципальный округ,2024-01
v2,0.5,Будённовский муниципальный округ,2024-10
v2,0.5,Буздякский муниципальный район,2023-06
v2,0.5,Буздякский муниципальный район,2023-10
v2,0.5,Буздякский муниципальный район,2024-01
v2,0.5,Буздякский муниципальный район,2024-10
v2,0.5,Буинский муниципальный район,2023-10
v2,0.5,Буинский муниципальный район,2024-01
v2,0.5,Буинский муниципальный район,2024-10
v2,0.5,Буйский муниципальный район,2023-05
v2,0.5,Буйский муниципальный район,2023-10
v2,0.5,Буйский муниципальный район,2024-01
v2,0.5,Буйский муниципальный район,2024-10
v2,0.5,Булунский муниципальный район,2023-08
v2,0.5,Булунский муниципальный район,2024-02
v2,0.5,Булунский муниципальный район,2024-07
v2,0.5,Булунский муниципальный район,2024-10
v2,0.5,Бураевский муниципальный район,2023-10
v2,0.5,Бураевский муниципальный район,2024-01
v2,0.5,Бураевский муниципальный район,2024-10
v2,0.5,Бурейский муниципальный округ,2023-10
v2,0.5,Бурейский муниципальный округ,2024-01
v2,0.5,Бурейский муниципальный округ,2024-10
v2,0.5,Бурзянский муниципальный район,2023-07
v2,0.5,Бурзянский муниципальный район,2023-10
v2,0.5,Бурзянский муниципальный район,2024-01
v2,0.5,Бурзянский муниципальный район,2024-10
v2,0.5,Бурлинский муниципальный район,2023-07
v2,0.5,Бурлинский муниципальный район,2023-10
v2,0.5,Бурлинский муниципальный район,2024-01
v2,0.5,Бурлинский муниципальный район,2024-10
v2,0.5,Бутурлинский муниципальный округ,2023-10
v2,0.5,Бутурлинский муниципальный округ,2024-02
v2,0.5,Бутурлинский муниципальный округ,2024-07
v2,0.5,Бутурлинский муниципальный округ,2024-10
v2,0.5,Быковский муниципальный район,2023-10
v2,0.5,Быковский муниципальный район,2024-01
v2,0.5,Быковский муниципальный район,2024-04
v2,0.5,Быковский муниципальный район,2024-10
v2,0.5,Быстроистокский муниципальный район,2023-07
v2,0.5,Быстроистокский муниципальный район,2023-10
v2,0.5,Быстроистокский муниципальный район,2024-02
v2,0.5,Быстроистокский муниципальный район,2024-05
v2,0.5,Быстроистокский муниципальный район,2024-10
v2,0.5,Вагайский муниципальный район,2023-05
v2,0.5,Вагайский муниципальный район,2023-10
v2,0.5,Вагайский муниципальный район,2024-01
v2,0.5,Вагайский муниципальный район,2024-10
v2,0.5,Вадинский муниципальный район,2023-06
v2,0.5,Вадинский муниципальный район,2023-10
v2,0.5,Вадинский муниципальный район,2024-01
v2,0.5,Вадинский муниципальный район,2024-06
v2,0.5,Вадский муниципальный округ,2023-10
v2,0.5,Вадский муниципальный округ,2024-01
v2,0.5,Вадский муниципальный округ,2024-10
v2,0.5,Валдайский муниципальный район,2023-10
v2,0.5,Валдайский муниципальный район,2024-01
v2,0.5,Валдайский муниципальный район,2024-10
v2,0.5,Ванинский муниципальный район,2023-10
v2,0.5,Ванинский муниципальный район,2024-01
v2,0.5,Ванинский муниципальный район,2024-10
v2,0.5,Варгашинский муниципальный округ,2024-02
v2,0.5,Варгашинский муниципальный округ,2024-06
v2,0.5,Варгашинский муниципальный округ,2024-10
v2,0.5,Варнавинский муниципальный округ,2023-10
v2,0.5,Варнавинский муниципальный округ,2024-01
v2,0.5,Варнавинский муниципальный округ,2024-10
v2,0.5,Варненский муниципальный район,2023-10
v2,0.5,Варненский муниципальный район,2024-01
v2,0.5,Варненский муниципальный район,2024-10
v2,0.5,Вачский муниципальный округ,2023-10
v2,0.5,Вачский муниципальный округ,2024-01
v2,0.5,Вачский муниципальный округ,2024-10
v2,0.5,Велижский муниципальный район,2023-08
v2,0.5,Велижский муниципальный район,2023-11
v2,0.5,Велижский муниципальный район,2024-02
v2,0.5,Велижский муниципальный район,2024-05
v2,0.5,Великоустюгский муниципальный округ,2023-10
v2,0.5,Великоустюгский муниципальный округ,2024-01
v2,0.5,Великоустюгский муниципальный округ,2024-10
v2,0.5,Вельский муниципальный район,2023-10
v2,0.5,Вельский муниципальный район,2024-01
v2,0.5,Вельский муниципальный район,2024-10
v2,0.5,Венгеровский муниципальный район,2023-10
v2,0.5,Венгеровский муниципальный район,2024-01
v2,0.5,Венгеровский муниципальный район,2024-10
v2,0.5,Веневский муниципальный район,2023-10
v2,0.5,Веневский муниципальный район,2024-01
v2,0.5,Веневский муниципальный район,2024-10
v2,0.5,Верхнебуреинский муниципальный район,2023-09
v2,0.5,Верхнебуреинский муниципальный район,2023-12
v2,0.5,Верхнебуреинский муниципальный район,2024-04
v2,0.5,Верхнебуреинский муниципальный район,2024-10
v2,0.5,Верхневилюйский муниципальный район,2023-07
v2,0.5,Верхневилюйский муниципальный район,2023-10
v2,0.5,Верхневилюйский муниципальный район,2024-01
v2,0.5,Верхневилюйский муниципальный район,2024-10
v2,0.5,Верхнекетский муниципальный район,2023-07
v2,0.5,Верхнекетский муниципальный район,2023-10
v2,0.5,Верхнекетский муниципальный район,2024-01
v2,0.5,Верхнекетский муниципальный район,2024-10
v2,0.5,Верхнеколымский муниципальный район,2023-09
v2,0.5,Верхнеколымский муниципальный район,2024-02
v2,0.5,Верхнеколымский муниципальный район,2024-08
v2,0.5,Верхнетоемский муниципальный округ,2023-10
v2,0.5,Верхнетоемский муниципальный округ,2024-01
v2,0.5,Верхнетоемский муниципальный округ,2024-10
v2,0.5,Верхнеуральский муниципальный район,2023-10
v2,0.5,Верхнеуральский муниципальный район,2024-01
v2,0.5,Верхнеуральский муниципальный район,2024-10
v2,0.5,Верхнеуслонский муниципальный район,2023-11
v2,0.5,Верхнеуслонский муниципальный район,2024-02
v2,0.5,Верхнеуслонский муниципальный район,2024-05
v2,0.5,Верхнеуслонский муниципальный район,2024-10
v2,0.5,Верховажский муниципальный округ,2024-02
v2,0.5,Верховажский муниципальный округ,2024-05
v2,0.5,Верховажский муниципальный округ,2024-10
v2,0.5,Верховский муниципальный район,2024-02
v2,0.5,Верховский муниципальный район,2024-05
v2,0.5,Верховский муниципальный район,2024-10
v2,0.5,Верхошижемский муниципальный район,2023-09
v2,0.5,Верхошижемский муниципальный район,2023-12
v2,0.5,Верхошижемский муниципальный район,2024-04
v2,0.5,Верхошижемский муниципальный район,2024-10
v2,0.5,Верхоянский муниципальный район,2023-05
v2,0.5,Верхоянский муниципальный район,2023-08
v2,0.5,Верхоянский муниципальный район,2024-02
v2,0.5,Верхоянский муниципальный район,2024-08
v2,0.5,Ветлужский муниципальный округ,2023-10
v2,0.5,Ветлужский муниципальный округ,2024-01
v2,0.5,Ветлужский муниципальный округ,2024-10
v2,0.5,Вешкаймский муниципальный район,2023-10
v2,0.5,Вешкаймский муниципальный район,2024-01
v2,0.5,Вешкаймский муниципальный район,2024-10
v2,0.5,Викуловский муниципальный район,2023-07
v2,0.5,Викуловский муниципальный район,2023-10
v2,0.5,Викуловский муниципальный район,2024-01
v2,0.5,Викуловский муниципальный район,2024-10
v2,0.5,Вилюйский муниципальный район,2023-09
v2,0.5,Вилюйский муниципальный район,2024-02
v2,0.5,Вилюйский муниципальный район,2024-07
v2,0.5,Вилюйский муниципальный район,2024-10
v2,0.5,Виноградовский муниципальный округ,2023-07
v2,0.5,Виноградовский муниципальный округ,2023-10
v2,0.5,Виноградовский муниципальный округ,2024-01
v2,0.5,Виноградовский муниципальный округ,2024-10
v2,0.5,Вичугский муниципальный район,2023-10
v2,0.5,Вичугский муниципальный район,2024-01
v2,0.5,Вичугский муниципальный район,2024-10
v2,0.5,Вожегодский муниципальный округ,2023-06
v2,0.5,Вожегодский муниципальный округ,2023-10
v2,0.5,Вожегодский муниципальный округ,2024-01
v2,0.5,Вожегодский муниципальный округ,2024-10
v2,0.5,Вознесенский муниципальный округ,2023-10
v2,0.5,Вознесенский муниципальный округ,2024-01
v2,0.5,Вознесенский муниципальный округ,2024-10
v2,0.5,Волжский муниципальный район #1,2023-10
v2,0.5,Волжский муниципальный район #1,2024-01
v2,0.5,Волжский муниципальный район #1,2024-10
v2,0.5,Волжский муниципальный район #2,2023-10
v2,0.5,Волжский муниципальный район #2,2024-01
v2,0.5,Волжский муниципальный район #2,2024-10
v2,0.5,Воловский муниципальный район #1,2023-06
v2,0.5,Воловский муниципальный район #1,2023-10
v2,0.5,Воловский муниципальный район #1,2024-01
v2,0.5,Воловский муниципальный район #1,2024-10
v2,0.5,Воловский муниципальный район #2,2023-10
v2,0.5,Воловский муниципальный район #2,2024-01
v2,0.5,Воловский муниципальный район #2,2024-10
v2,0.5,Вологодский муниципальный округ,2023-06
v2,0.5,Вологодский муниципальный округ,2023-10
v2,0.5,Вологодский муниципальный округ,2024-01
v2,0.5,Вологодский муниципальный округ,2024-10
v2,0.5,Володарский муниципальный округ,2023-10
v2,0.5,Володарский муниципальный округ,2024-01
v2,0.5,Володарский муниципальный округ,2024-10
v2,0.5,Волосовский муниципальный район,2023-11
v2,0.5,Волосовский муниципальный район,2024-02
v2,0.5,Волосовский муниципальный район,2024-06
v2,0.5,Волосовский муниципальный район,2024-10
v2,0.5,Волховский муниципальный район,2023-07
v2,0.5,Волховский муниципальный район,2023-10
v2,0.5,Волховский муниципальный район,2024-01
v2,0.5,Волховский муниципальный район,2024-10
v2,0.5,Волчихинский муниципальный район,2023-08
v2,0.5,Волчихинский муниципальный район,2024-02
v2,0.5,Волчихинский муниципальный район,2024-07
v2,0.5,Волчихинский муниципальный район,2024-10
v2,0.5,Вольский муниципальный район,2023-10
v2,0.5,Вольский муниципальный район,2024-01
v2,0.5,Вольский муниципальный район,2024-10
v2,0.5,Воскресенский муниципальный округ,2023-08
v2,0.5,Воскресенский муниципальный округ,2024-02
v2,0.5,Воскресенский муниципальный округ,2024-06
v2,0.5,Воскресенский муниципальный округ,2024-10
v2,0.5,Воскресенский муниципальный район,2023-10
v2,0.5,Воскресенский муниципальный район,2024-01
v2,0.5,Воскресенский муниципальный район,2024-04
v2,0.5,Воскресенский муниципальный район,2024-10
v2,0.5,Вохомский муниципальный район,2023-07
v2,0.5,Вохомский муниципальный район,2023-10
v2,0.5,Вохомский муниципальный район,2024-01
v2,0.5,Вохомский муниципальный район,2024-10
v2,0.5,Всеволожский муниципальный район,2023-06
v2,0.5,Всеволожский муниципальный район,2023-10
v2,0.5,Всеволожский муниципальный район,2024-01
v2,0.5,Всеволожский муниципальный район,2024-10
v2,0.5,Вурнарский муниципальный округ,2023-10
v2,0.5,Вурнарский муниципальный округ,2024-01
v2,0.5,Вурнарский муниципальный округ,2024-10
v2,0.5,Выборгский муниципальный район,2023-10
v2,0.5,Выборгский муниципальный район,2024-01
v2,0.5,Выборгский муниципальный район,2024-10
v2,0.5,Высокогорский муниципальный район,2023-10
v2,0.5,Высокогорский муниципальный район,2024-01
v2,0.5,Высокогорский муниципальный район,2024-10
v2,0.5,Вытегорский муниципальный район,2024-02
v2,0.5,Вытегорский муниципальный район,2024-07
v2,0.5,Вытегорский муниципальный район,2024-10
v2,0.5,Вяземский муниципальный район #1,2023-09
v2,0.5,Вяземский муниципальный район #1,2024-02
v2,0.5,Вяземский муниципальный район #1,2024-05
v2,0.5,Вяземский муниципальный район #1,2024-10
v2,0.5,Вяземский муниципальный район #2,2023-10
v2,0.5,Вяземский муниципальный район #2,2024-01
v2,0.5,Вяземский муниципальный район #2,2024-10
v2,0.5,Вязниковский муниципальный район,2023-10
v2,0.5,Вязниковский муниципальный район,2024-01
v2,0.5,Вязниковский муниципальный район,2024-10
v2,0.5,Вятскополянский муниципальный район,2023-06
v2,0.5,Вятскополянский муниципальный район,2023-10
v2,0.5,Вятскополянский муниципальный район,2024-01
v2,0.5,Вятскополянский муниципальный район,2024-10
v2,0.5,Гаврилов-Ямский муниципальный район,2023-10
v2,0.5,Гаврилов-Ямский муниципальный район,2024-01
v2,0.5,Гаврилов-Ямский муниципальный район,2024-10
v2,0.5,Гаврилово-Посадский муниципальный район,2023-10
v2,0.5,Гаврилово-Посадский муниципальный район,2024-01
v2,0.5,Гаврилово-Посадский муниципальный район,2024-10
v2,0.5,Гавриловский муниципальный округ,2023-10
v2,0.5,Гавриловский муниципальный округ,2024-01
v2,0.5,Гавриловский муниципальный округ,2024-10
v2,0.5,Гагаринский муниципальный район,2023-10
v2,0.5,Гагаринский муниципальный район,2024-01
v2,0.5,Гагаринский муниципальный район,2024-10
v2,0.5,Гагинский муниципальный округ,2024-02
v2,0.5,Гагинский муниципальный округ,2024-06
v2,0.5,Гагинский муниципальный округ,2024-10
v2,0.5,Газимуро-Заводский муниципальный округ,2023-08
v2,0.5,Газимуро-Заводский муниципальный округ,2023-11
v2,0.5,Газимуро-Заводский муниципальный округ,2024-02
v2,0.5,Газимуро-Заводский муниципальный округ,2024-06
v2,0.5,Газимуро-Заводский муниципальный округ,2024-10
v2,0.5,Галичский муниципальный район,2023-09
v2,0.5,Галичский муниципальный район,2024-01
v2,0.5,Галичский муниципальный район,2024-10
v2,0.5,Гатчинский муниципальный район,2023-06
v2,0.5,Гатчинский муниципальный район,2023-10
v2,0.5,Гатчинский муниципальный район,2024-01
v2,0.5,Гатчинский муниципальный район,2024-10
v2,0.5,Гафурийский муниципальный район,2023-10
v2,0.5,Гафурийский муниципальный район,2024-01
v2,0.5,Гафурийский муниципальный район,2024-10
v2,0.5,Гдовский муниципальный район,2023-10
v2,0.5,Гдовский муниципальный район,2024-01
v2,0.5,Гдовский муниципальный район,2024-10
v2,0.5,Георгиевский муниципальный округ,2023-10
v2,0.5,Георгиевский муниципальный округ,2024-01
v2,0.5,Георгиевский муниципальный округ,2024-06
v2,0.5,Георгиевский муниципальный округ,2024-10
v2,0.5,Гиагинский муниципальный район,2023-10
v2,0.5,Гиагинский муниципальный район,2024-01
v2,0.5,Гиагинский муниципальный район,2024-10
v2,0.5,Глазуновский муниципальный район,2023-10
v2,0.5,Глазуновский муниципальный район,2024-01
v2,0.5,Глазуновский муниципальный район,2024-10
v2,0.5,Глинковский муниципальный район,2023-10
v2,0.5,Глинковский муниципальный район,2024-01
v2,0.5,Глинковский муниципальный район,2024-10
v2,0.5,Горномарийский муниципальный район,2023-10
v2,0.5,Горномарийский муниципальный район,2024-01
v2,0.5,Горномарийский муниципальный район,2024-10
v2,0.5,Горный муниципальный район,2023-09
v2,0.5,Горный муниципальный район,2023-12
v2,0.5,Горный муниципальный район,2024-07
v2,0.5,Горный муниципальный район,2024-10
v2,0.5,Городецкий муниципальный округ,2023-10
v2,0.5,Городецкий муниципальный округ,2024-01
v2,0.5,Городецкий муниципальный округ,2024-10
v2,0.5,Городищенский муниципальный район #1,2023-10
v2,0.5,Городищенский муниципальный район #1,2024-01
v2,0.5,Городищенский муниципальный район #1,2024-10
v2,0.5,Городищенский муниципальный район #2,2023-10
v2,0.5,Городищенский муниципальный район #2,2024-01
v2,0.5,Городищенский муниципальный район #2,2024-10
v2,0.5,Городовиковский муниципальный район,2023-10
v2,0.5,Городовиковский муниципальный район,2024-01
v2,0.5,Городовиковский муниципальный район,2024-06
v2,0.5,Гороховецкий муниципальный район,2023-10
v2,0.5,Гороховецкий муниципальный район,2024-01
v2,0.5,Гороховецкий муниципальный район,2024-10
v2,0.5,Горьковский муниципальный район,2023-10
v2,0.5,Горьковский муниципальный район,2024-01
v2,0.5,Горьковский муниципальный район,2024-10
v2,0.5,Грачёвский муниципальный округ,2023-10
v2,0.5,Грачёвский муниципальный округ,2024-01
v2,0.5,Грачёвский муниципальный округ,2024-10
v2,0.5,Грачёвский муниципальный район,2023-05
v2,0.5,Грачёвский муниципальный район,2023-10
v2,0.5,Грачёвский муниципальный район,2024-01
v2,0.5,Грачёвский муниципальный район,2024-10
v2,0.5,Грязинский муниципальный район,2023-10
v2,0.5,Грязинский муниципальный район,2024-01
v2,0.5,Грязинский муниципальный район,2024-10
v2,0.5,Грязовецкий муниципальный округ,2023-10
v2,0.5,Грязовецкий муниципальный округ,2024-01
v2,0.5,Грязовецкий муниципальный округ,2024-10
v2,0.5,Гурьевский муниципальный округ,2023-08
v2,0.5,Гурьевский муниципальный округ,2024-02
v2,0.5,Гурьевский муниципальный округ,2024-07
v2,0.5,Гурьевский муниципальный округ,2024-10
v2,0.5,Гусь-Хрустальный муниципальный район,2023-10
v2,0.5,Гусь-Хрустальный муниципальный район,2024-01
v2,0.5,Гусь-Хрустальный муниципальный район,2024-10
v2,0.5,Давлекановский муниципальный район,2023-10
v2,0.5,Давлекановский муниципальный район,2024-01
v2,0.5,Давлекановский муниципальный район,2024-10
v2,0.5,Далматовский муниципальный округ,2023-10
v2,0.5,Далматовский муниципальный округ,2024-01
v2,0.5,Далматовский муниципальный округ,2024-10
v2,0.5,Дальнеконстантиновский муниципальный округ,2023-10
v2,0.5,Дальнеконстантиновский муниципальный округ,2024-01
v2,0.5,Дальнеконстантиновский муниципальный округ,2024-10
v2,0.5,Дальнереченский муниципальный район,2023-06
v2,0.5,Дальнереченский муниципальный район,2024-01
v2,0.5,Дальнереченский муниципальный район,2024-10
v2,0.5,Даниловский муниципальный район #1,2023-10
v2,0.5,Даниловский муниципальный район #1,2024-01
v2,0.5,Даниловский муниципальный район #1,2024-10
v2,0.5,Даниловский муниципальный район #2,2023-11
v2,0.5,Даниловский муниципальный район #2,2024-02
v2,0.5,Даниловский муниципальный район #2,2024-05
v2,0.5,Даниловский муниципальный район #2,2024-10
v2,0.5,Данковский муниципальный район,2023-10
v2,0.5,Данковский муниципальный район,2024-01
v2,0.5,Данковский муниципальный район,2024-10
v2,0.5,Даровской муниципальный район,2024-02
v2,0.5,Даровской муниципальный район,2024-05
v2,0.5,Даровской муниципальный район,2024-10
v2,0.5,Дедовичский муниципальный район,2023-10
v2,0.5,Дедовичский муниципальный район,2024-01
v2,0.5,Дедовичский муниципальный район,2024-10
v2,0.5,Демидовский муниципальный район,2023-10
v2,0.5,Демидовский муниципальный район,2024-01
v2,0.5,Демидовский муниципальный район,2024-10
v2,0.5,Дергачевский муниципальный район,2023-10
v2,0.5,Дергачевский муниципальный район,2024-01
v2,0.5,Дергачевский муниципальный район,2024-10
v2,0.5,Дзержинский муниципальный район #1,2023-10
v2,0.5,Дзержинский муниципальный район #1,2024-01
v2,0.5,Дзержинский муниципальный район #1,2024-10
v2,0.5,Дзержинский муниципальный район #2,2023-07
v2,0.5,Дзержинский муниципальный район #2,2023-10
v2,0.5,Дзержинский муниципальный район #2,2024-01
v2,0.5,Дзержинский муниципальный район #2,2024-10
v2,0.5,Дзун-Хемчикский муниципальный район,2023-07
v2,0.5,Дзун-Хемчикский муниципальный район,2023-11
v2,0.5,Дзун-Хемчикский муниципальный район,2024-02
v2,0.5,Дзун-Хемчикский муниципальный район,2024-07
v2,0.5,Дзун-Хемчикский муниципальный район,2024-10
v2,0.5,Дивеевский муниципальный округ,2023-10
v2,0.5,Дивеевский муниципальный округ,2024-01
v2,0.5,Дивеевский муниципальный округ,2024-10
v2,0.5,Дигорский муниципальный район,2024-01
v2,0.5,Дигорский муниципальный район,2024-04
v2,0.5,Дигорский муниципальный район,2024-10
v2,0.5,Дновский муниципальный район,2023-09
v2,0.5,Дновский муниципальный район,2024-02
v2,0.5,Дновский муниципальный район,2024-06
v2,0.5,Дновский муниципальный район,2024-10
v2,0.5,Добринский муниципальный район,2023-10
v2,0.5,Добринский муниципальный район,2024-01
v2,0.5,Добринский муниципальный район,2024-10
v2,0.5,Добровский муниципальный район,2023-10
v2,0.5,Добровский муниципальный район,2024-01
v2,0.5,Добровский муниципальный район,2024-10
v2,0.5,Доволенский муниципальный район,2023-10
v2,0.5,Доволенский муниципальный район,2024-01
v2,0.5,Доволенский муниципальный район,2024-10
v2,0.5,Долгоруковский муниципальный район,2023-10
v2,0.5,Долгоруковский муниципальный район,2024-01
v2,0.5,Долгоруковский муниципальный район,2024-10
v2,0.5,Должанский муниципальный район,2023-12
v2,0.5,Должанский муниципальный район,2024-04
v2,0.5,Должанский муниципальный район,2024-10
v2,0.5,Домбаровский муниципальный район,2023-07
v2,0.5,Домбаровский муниципальный район,2023-10
v2,0.5,Домбаровский муниципальный район,2024-01
v2,0.5,Домбаровский муниципальный район,2024-10
v2,0.5,Дорогобужский муниципальный район,2023-10
v2,0.5,Дорогобужский муниципальный район,2024-01
v2,0.5,Дорогобужский муниципальный район,2024-10
v2,0.5,Дрожжановский муниципальный район,2023-10
v2,0.5,Дрожжановский муниципальный район,2024-01
v2,0.5,Дрожжановский муниципальный район,2024-10
v2,0.5,Дубенский муниципальный район #1,2023-10
v2,0.5,Дубенский муниципальный район #1,2024-01
v2,0.5,Дубенский муниципальный район #1,2024-10
v2,0.5,Дубенский муниципальный район #2,2023-11
v2,0.5,Дубенский муниципальный район #2,2024-02
v2,0.5,Дубенский муниципальный район #2,2024-05
v2,0.5,Дубенский муниципальный район #2,2024-10
v2,0.5,Дубовский муниципальный район,2023-10
v2,0.5,Дубовский муниципальный район,2024-01
v2,0.5,Дубовский муниципальный район,2024-10
v2,0.5,Дуванский муниципальный район,2023-10
v2,0.5,Дуванский муниципальный район,2024-01
v2,0.5,Дуванский муниципальный район,2024-10
v2,0.5,Дульдургинский муниципальный район,2023-07
v2,0.5,Дульдургинский муниципальный район,2023-10
v2,0.5,Дульдургинский муниципальный район,2024-01
v2,0.5,Дульдургинский муниципальный район,2024-10
v2,0.5,Думиничский муниципальный район,2023-10
v2,0.5,Думиничский муниципальный район,2024-01
v2,0.5,Думиничский муниципальный район,2024-10
v2,0.5,Духовницкий муниципальный район,2023-10
v2,0.5,Духовницкий муниципальный район,2024-01
v2,0.5,Духовницкий муниципальный район,2024-10
v2,0.5,Духовщинский муниципальный район,2023-10
v2,0.5,Духовщинский муниципальный район,2024-01
v2,0.5,Духовщинский муниципальный район,2024-10
v2,0.5,Дюртюлинский муниципальный район,2023-10
v2,0.5,Дюртюлинский муниципальный район,2024-01
v2,0.5,Дюртюлинский муниципальный район,2024-10
v2,0.5,Егорьевский муниципальный район,2023-08
v2,0.5,Егорьевский муниципальный район,2024-02
v2,0.5,Егорьевский муниципальный район,2024-06
v2,0.5,Егорьевский муниципальный район,2024-10
v2,0.5,Екатериновский муниципальный район,2023-10
v2,0.5,Екатериновский муниципальный район,2024-01
v2,0.5,Екатериновский муниципальный район,2024-10
v2,0.5,Елабужский муниципальный район,2023-10
v2,0.5,Елабужский муниципальный район,2024-01
v2,0.5,Елабужский муниципальный район,2024-10
v2,0.5,Еланский муниципальный район,2023-10
v2,0.5,Еланский муниципальный район,2024-01
v2,0.5,Еланский муниципальный район,2024-10
v2,0.5,Елизовский муниципальный район,2023-10
v2,0.5,Елизовский муниципальный район,2024-01
v2,0.5,Елизовский муниципальный район,2024-10
v2,0.5,Елховский муниципальный район,2023-10
v2,0.5,Елховский муниципальный район,2024-01
v2,0.5,Елховский муниципальный район,2024-10
v2,0.5,Ельниковский муниципальный район,2023-10
v2,0.5,Ельниковский муниципальный район,2024-01
v2,0.5,Ельниковский муниципальный район,2024-10
v2,0.5,Ельнинский муниципальный район,2023-10
v2,0.5,Ельнинский муниципальный район,2024-01
v2,0.5,Ельнинский муниципальный район,2024-10
v2,0.5,Ельцовский муниципальный район,2023-07
v2,0.5,Ельцовский муниципальный район,2023-11
v2,0.5,Ельцовский муниципальный район,2024-04
v2,0.5,Ельцовский муниципальный район,2024-10
v2,0.5,Еманжелинский муниципальный район,2023-10
v2,0.5,Еманжелинский муниципальный район,2024-01
v2,0.5,Еманжелинский муниципальный район,2024-10
v2,0.5,Емельяновский муниципальный район,2023-10
v2,0.5,Емельяновский муниципальный район,2024-01
v2,0.5,Емельяновский муниципальный район,2024-05
v2,0.5,Емельяновский муниципальный район,2024-10
v2,0.5,Енисейский муниципальный район,2023-10
v2,0.5,Енисейский муниципальный район,2024-01
v2,0.5,Енисейский муниципальный район,2024-07
v2,0.5,Енисейский муниципальный район,2024-10
v2,0.5,Енотаевский муниципальный район,2024-02
v2,0.5,Енотаевский муниципальный район,2024-05
v2,0.5,Енотаевский муниципальный район,2024-10
v2,0.5,Ермаковский муниципальный район,2023-07
v2,0.5,Ермаковский муниципальный район,2023-10
v2,0.5,Ермаковский муниципальный район,2024-01
v2,0.5,Ермаковский муниципальный район,2024-10
v2,0.5,Ермекеевский муниципальный район,2023-07
v2,0.5,Ермекеевский муниципальный район,2023-10
v2,0.5,Ермекеевский муниципальный район,2024-01
v2,0.5,Ермекеевский муниципальный район,2024-10
v2,0.5,Ермишинский муниципальный район,2023-08
v2,0.5,Ермишинский муниципальный район,2024-02
v2,0.5,Ермишинский муниципальный район,2024-05
v2,0.5,Ермишинский муниципальный район,2024-10
v2,0.5,Ершичский муниципальный район,2023-10
v2,0.5,Ершичский муниципальный район,2024-01
v2,0.5,Ершичский муниципальный район,2024-10
v2,0.5,Ершовский муниципальный район,2023-10
v2,0.5,Ершовский муниципальный район,2024-01
v2,0.5,Ершовский муниципальный район,2024-10
v2,0.5,Еткульский муниципальный район,2023-10
v2,0.5,Еткульский муниципальный район,2024-01
v2,0.5,Еткульский муниципальный район,2024-10
v2,0.5,Жердевский муниципальный округ,2023-10
v2,0.5,Жердевский муниципальный округ,2024-01
v2,0.5,Жердевский муниципальный округ,2024-10
v2,0.5,Жигаловский муниципальный район,2023-07
v2,0.5,Жигаловский муниципальный район,2023-10
v2,0.5,Жигаловский муниципальный район,2024-01
v2,0.5,Жигаловский муниципальный район,2024-10
v2,0.5,Жиздринский муниципальный район,2023-10
v2,0.5,Жиздринский муниципальный район,2024-01
v2,0.5,Жиздринский муниципальный район,2024-10
v2,0.5,Жирновский муниципальный район,2023-11
v2,0.5,Жирновский муниципальный район,2024-02
v2,0.5,Жирновский муниципальный район,2024-05
v2,0.5,Жирновский муниципальный район,2024-10
v2,0.5,Жуковский муниципальный район,2023-10
v2,0.5,Жуковский муниципальный район,2024-01
v2,0.5,Жуковский муниципальный район,2024-10
v2,0.5,Забайкальский муниципальный район,2023-10
v2,0.5,Забайкальский муниципальный район,2024-01
v2,0.5,Забайкальский муниципальный район,2024-10
v2,0.5,Завитинский муниципальный округ,2023-10
v2,0.5,Завитинский муниципальный округ,2024-01
v2,0.5,Завитинский муниципальный округ,2024-10
v2,0.5,Заволжский муниципальный район,2023-10
v2,0.5,Заволжский муниципальный район,2024-01
v2,0.5,Заволжский муниципальный район,2024-10
v2,0.5,Завьяловский муниципальный район,2023-10
v2,0.5,Завьяловский муниципальный район,2024-01
v2,0.5,Завьяловский муниципальный район,2024-10
v2,0.5,Задонский муниципальный район,2023-10
v2,0.5,Задонский муниципальный район,2024-01
v2,0.5,Задонский муниципальный район,2024-10
v2,0.5,Заинский муниципальный район,2023-10
v2,0.5,Заинский муниципальный район,2024-01
v2,0.5,Заинский муниципальный район,2024-10
v2,0.5,Заларинский муниципальный район,2023-10
v2,0.5,Заларинский муниципальный район,2024-01
v2,0.5,Заларинский муниципальный район,2024-10
v2,0.5,Залегощенский муниципальный район,2023-10
v2,0.5,Залегощенский муниципальный район,2024-01
v2,0.5,Залегощенский муниципальный район,2024-10
v2,0.5,Залесовский муниципальный округ,2023-10
v2,0.5,Залесовский муниципальный округ,2024-01
v2,0.5,Залесовский муниципальный округ,2024-10
v2,0.5,Заокский муниципальный район,2023-10
v2,0.5,Заокский муниципальный район,2024-01
v2,0.5,Заокский муниципальный район,2024-10
v2,0.5,Захаровский муниципальный район,2023-06
v2,0.5,Захаровский муниципальный район,2023-10
v2,0.5,Захаровский муниципальный район,2024-01
v2,0.5,Захаровский муниципальный район,2024-10
v2,0.5,Звениговский муниципальный район,2023-10
v2,0.5,Звениговский муниципальный район,2024-01
v2,0.5,Звениговский муниципальный район,2024-10
v2,0.5,Звериноголовский муниципальный округ,2023-07
v2,0.5,Звериноголовский муниципальный округ,2023-10
v2,0.5,Звериноголовский муниципальный округ,2024-01
v2,0.5,Звериноголовский муниципальный округ,2024-07
v2,0.5,Здвинский муниципальный район,2023-07
v2,0.5,Здвинский муниципальный район,2023-10
v2,0.5,Здвинский муниципальный район,2024-01
v2,0.5,Здвинский муниципальный район,2024-10
v2,0.5,Зейский муниципальный округ,2023-10
v2,0.5,Зейский муниципальный округ,2024-01
v2,0.5,Зейский муниципальный округ,2024-10
v2,0.5,Зеленодольский муниципальный район,2023-10
v2,0.5,Зеленодольский муниципальный район,2024-01
v2,0.5,Зеленодольский муниципальный район,2024-10
v2,0.5,Зеленчукский муниципальный район,2023-10
v2,0.5,Зеленчукский муниципальный район,2024-01
v2,0.5,Зеленчукский муниципальный район,2024-10
v2,0.5,Земетчинский муниципальный район,2023-10
v2,0.5,Земетчинский муниципальный район,2024-01
v2,0.5,Земетчинский муниципальный район,2024-10
v2,0.5,Зианчуринский муниципальный район,2023-11
v2,0.5,Зианчуринский муниципальный район,2024-02
v2,0.5,Зианчуринский муниципальный район,2024-06
v2,0.5,Зианчуринский муниципальный район,2024-10
v2,0.5,Зилаирский муниципальный район,2023-10
v2,0.5,Зилаирский муниципальный район,2024-01
v2,0.5,Зилаирский муниципальный район,2024-10
v2,0.5,Зиминский муниципальный район,2023-10
v2,0.5,Зиминский муниципальный район,2024-01
v2,0.5,Зиминский муниципальный район,2024-10
v2,0.5,Змеиногорский муниципальный район,2023-10
v2,0.5,Змеиногорский муниципальный район,2024-01
v2,0.5,Змеиногорский муниципальный район,2024-10
v2,0.5,Знаменский муниципальный округ,2023-10
v2,0.5,Знаменский муниципальный округ,2024-01
v2,0.5,Знаменский муниципальный округ,2024-10
v2,0.5,Знаменский муниципальный район #2,2023-10
v2,0.5,Знаменский муниципальный район #2,2024-01
v2,0.5,Знаменский муниципальный район #2,2024-10
v2,0.5,Зональный муниципальный район,2023-10
v2,0.5,Зональный муниципальный район,2024-01
v2,0.5,Зубово-Полянский муниципальный район,2023-10
v2,0.5,Зубово-Полянский муниципальный район,2024-01
v2,0.5,Зубово-Полянский муниципальный район,2024-10
v2,0.5,Зуевский муниципальный район,2023-10
v2,0.5,Зуевский муниципальный район,2024-01
v2,0.5,Зуевский муниципальный район,2024-10
v2,0.5,Зырянский муниципальный район,2024-02
v2,0.5,Зырянский муниципальный район,2024-05
v2,0.5,Зырянский муниципальный район,2024-10
v2,0.5,Ибресинский муниципальный округ,2023-10
v2,0.5,Ибресинский муниципальный округ,2024-01
v2,0.5,Ибресинский муниципальный округ,2024-10
v2,0.5,Ивановский муниципальный округ,2023-10
v2,0.5,Ивановский муниципальный округ,2024-01
v2,0.5,Ивановский муниципальный округ,2024-10
v2,0.5,Ивановский муниципальный район,2023-05
v2,0.5,Ивановский муниципальный район,2023-10
v2,0.5,Ивановский муниципальный район,2024-01
v2,0.5,Ивановский муниципальный район,2024-10
v2,0.5,Ивантеевский муниципальный район,2024-02
v2,0.5,Ивантеевский муниципальный район,2024-06
v2,0.5,Ивантеевский муниципальный район,2024-10
v2,0.5,Иглинский муниципальный район,2023-10
v2,0.5,Иглинский муниципальный район,2024-01
v2,0.5,Иглинский муниципальный район,2024-10
v2,0.5,Идринский муниципальный район,2023-10
v2,0.5,Идринский муниципальный район,2024-01
v2,0.5,Идринский муниципальный район,2024-10
v2,0.5,Ижемский муниципальный район,2023-07
v2,0.5,Ижемский муниципальный район,2023-10
v2,0.5,Ижемский муниципальный район,2024-01
v2,0.5,Ижемский муниципальный район,2024-10
v2,0.5,Ижморский муниципальный округ,2023-06
v2,0.5,Ижморский муниципальный округ,2023-10
v2,0.5,Ижморский муниципальный округ,2024-01
v2,0.5,Ижморский муниципальный округ,2024-10
v2,0.5,Измалковский муниципальный район,2023-10
v2,0.5,Измалковский муниципальный район,2024-01
v2,0.5,Измалковский муниципальный район,2024-10
v2,0.5,Износковский муниципальный район,2023-09
v2,0.5,Износковский муниципальный район,2024-01
v2,0.5,Износковский муниципальный район,2024-10
v2,0.5,Изобильненский муниципальный округ,2023-10
v2,0.5,Изобильненский муниципальный округ,2024-01
v2,0.5,Изобильненский муниципальный округ,2024-10
v2,0.5,Икрянинский муниципальный район,2024-02
v2,0.5,Икрянинский муниципальный район,2024-05
v2,0.5,Икрянинский муниципальный район,2024-10
v2,0.5,Иланский муниципальный район,2023-10
v2,0.5,Иланский муниципальный район,2024-01
v2,0.5,Иланский муниципальный район,2024-10
v2,0.5,Илекский муниципальный район,2023-10
v2,0.5,Илекский муниципальный район,2024-01
v2,0.5,Илекский муниципальный район,2024-10
v2,0.5,Илишевский муниципальный район,2023-06
v2,0.5,Илишевский муниципальный район,2023-10
v2,0.5,Илишевский муниципальный район,2024-01
v2,0.5,Илишевский муниципальный район,2024-10
v2,0.5,Иловлинский муниципальный район,2023-11
v2,0.5,Иловлинский муниципальный район,2024-02
v2,0.5,Иловлинский муниципальный район,2024-05
v2,0.5,Иловлинский муниципальный район,2024-10
v2,0.5,Ильинский муниципальный район,2023-11
v2,0.5,Ильинский муниципальный район,2024-02
v2,0.5,Ильинский муниципальный район,2024-05
v2,0.5,Ильинский муниципальный район,2024-10
v2,0.5,Инжавинский муниципальный округ,2023-10
v2,0.5,Инжавинский муниципальный округ,2024-01
v2,0.5,Инжавинский муниципальный округ,2024-10
v2,0.5,Инзенский муниципальный район,2023-10
v2,0.5,Инзенский муниципальный район,2024-01
v2,0.5,Инзенский муниципальный район,2024-10
v2,0.5,Инсарский муниципальный район,2023-10
v2,0.5,Инсарский муниципальный район,2024-01
v2,0.5,Инсарский муниципальный район,2024-10
v2,0.5,Ипатовский муниципальный округ,2023-10
v2,0.5,Ипатовский муниципальный округ,2024-01
v2,0.5,Ипатовский муниципальный округ,2024-10
v2,0.5,Ирафский муниципальный район,2023-11
v2,0.5,Ирафский муниципальный район,2024-02
v2,0.5,Ирафский муниципальный район,2024-05
v2,0.5,Ирафский муниципальный район,2024-10
v2,0.5,Ирбейский муниципальный район,2023-10
v2,0.5,Ирбейский муниципальный район,2024-01
v2,0.5,Ирбейский муниципальный район,2024-10
v2,0.5,Иркутский муниципальный район,2023-10
v2,0.5,Иркутский муниципальный район,2024-01
v2,0.5,Иркутский муниципальный район,2024-10
v2,0.5,Исаклинский муниципальный район,2023-06
v2,0.5,Исаклинский муниципальный район,2024-02
v2,0.5,Исаклинский муниципальный район,2024-07
v2,0.5,Исаклинский муниципальный район,2024-10
v2,0.5,Исетский муниципальный район,2023-10
v2,0.5,Исетский муниципальный район,2024-01
v2,0.5,Исетский муниципальный район,2024-10
v2,0.5,Исилькульский муниципальный район,2023-10
v2,0.5,Исилькульский муниципальный район,2024-01
v2,0.5,Исилькульский муниципальный район,2024-10
v2,0.5,Искитимский муниципальный район,2023-10
v2,0.5,Искитимский муниципальный район,2024-01
v2,0.5,Искитимский муниципальный район,2024-10
v2,0.5,Иссинский муниципальный район,2023-10
v2,0.5,Иссинский муниципальный район,2024-01
v2,0.5,Иссинский муниципальный район,2024-10
v2,0.5,Ичалковский муниципальный район,2023-11
v2,0.5,Ичалковский муниципальный район,2024-02
v2,0.5,Ичалковский муниципальный район,2024-05
v2,0.5,Ичалковский муниципальный район,2024-10
v2,0.5,Ишимбайский муниципальный район,2023-06
v2,0.5,Ишимбайский муниципальный район,2023-10
v2,0.5,Ишимбайский муниципальный район,2024-01
v2,0.5,Ишимбайский муниципальный район,2024-10
v2,0.5,Ишимский муниципальный район,2023-10
v2,0.5,Ишимский муниципальный район,2024-01
v2,0.5,Ишимский муниципальный район,2024-10
v2,0.5,Каа-Хемский муниципальный район,2023-07
v2,0.5,Каа-Хемский муниципальный район,2023-10
v2,0.5,Каа-Хемский муниципальный район,2024-01
v2,0.5,Каа-Хемский муниципальный район,2024-10
v2,0.5,Кавалеровский муниципальный округ,2023-10
v2,0.5,Кавалеровский муниципальный округ,2024-01
v2,0.5,Кавалеровский муниципальный округ,2024-10
v2,0.5,Кадомский муниципальный район,2024-02
v2,0.5,Кадомский муниципальный район,2024-05
v2,0.5,Кадомский муниципальный район,2024-10
v2,0.5,Кадошкинский муниципальный район,2023-10
v2,0.5,Кадошкинский муниципальный район,2024-02
v2,0.5,Кадошкинский муниципальный район,2024-05
v2,0.5,Кадошкинский муниципальный район,2024-10
v2,0.5,Кадуйский муниципальный округ,2023-10
v2,0.5,Кадуйский муниципальный округ,2024-01
v2,0.5,Кадуйский муниципальный округ,2024-07
v2,0.5,Кадуйский муниципальный округ,2024-10
v2,0.5,Кадыйский муниципальный район,2023-07
v2,0.5,Кадыйский муниципальный район,2023-10
v2,0.5,Кадыйский муниципальный район,2024-02
v2,0.5,Кадыйский муниципальный район,2024-05
v2,0.5,Кадыйский муниципальный район,2024-10
v2,0.5,Казанский муниципальный район,2024-02
v2,0.5,Казанский муниципальный район,2024-07
v2,0.5,Казанский муниципальный район,2024-10
v2,0.5,Казачинский муниципальный район,2023-06
v2,0.5,Казачинский муниципальный район,2023-10
v2,0.5,Казачинский муниципальный район,2024-01
v2,0.5,Казачинский муниципальный район,2024-10
v2,0.5,Казачинско-Ленский муниципальный район,2023-10
v2,0.5,Казачинско-Ленский муниципальный район,2024-01
v2,0.5,Казачинско-Ленский муниципальный район,2024-10
v2,0.5,Кайбицкий муниципальный район,2023-10
v2,0.5,Кайбицкий муниципальный район,2024-01
v2,0.5,Кайбицкий муниципальный район,2024-05
v2,0.5,Кайбицкий муниципальный район,2024-10
v2,0.5,Каларский муниципальный округ,2023-08
v2,0.5,Каларский муниципальный округ,2024-02
v2,0.5,Каларский муниципальный округ,2024-07
v2,0.5,Каларский муниципальный округ,2024-10
v2,0.5,Калачевский муниципальный район,2023-10
v2,0.5,Калачевский муниципальный район,2024-01
v2,0.5,Калачевский муниципальный район,2024-10
v2,0.5,Калачинский муниципальный район,2023-10
v2,0.5,Калачинский муниципальный район,2024-01
v2,0.5,Калачинский муниципальный район,2024-10
v2,0.5,Калганский муниципальный округ,2023-10
v2,0.5,Калганский муниципальный округ,2024-01
v2,0.5,Калганский муниципальный округ,2024-10
v2,0.5,Калевальский муниципальный район,2023-09
v2,0.5,Калевальский муниципальный район,2024-02
v2,0.5,Калевальский муниципальный район,2024-06
v2,0.5,Калевальский муниципальный район,2024-10
v2,0.5,Калининский муниципальный район,2023-10
v2,0.5,Калининский муниципальный район,2024-01
v2,0.5,Калининский муниципальный район,2024-10
v2,0.5,Калманский муниципальный район,2023-10
v2,0.5,Калманский муниципальный район,2024-01
v2,0.5,Калманский муниципальный район,2024-10
v2,0.5,Калтасинский муниципальный район,2023-10
v2,0.5,Калтасинский муниципальный район,2024-01
v2,0.5,Калтасинский муниципальный район,2024-10
v2,0.5,Каменский муниципальный район #1,2023-10
v2,0.5,Каменский муниципальный район #1,2024-01
v2,0.5,Каменский муниципальный район #1,2024-10
v2,0.5,Каменский муниципальный район #2,2023-10
v2,0.5,Каменский муниципальный район #2,2024-01
v2,0.5,Каменский муниципальный район #2,2024-10
v2,0.5,Каменский муниципальный район #3,2023-10
v2,0.5,Каменский муниципальный район #3,2024-01
v2,0.5,Каменский муниципальный район #3,2024-10
v2,0.5,Камешкирский муниципальный район,2023-10
v2,0.5,Камешкирский муниципальный район,2024-01
v2,0.5,Камешкирский муниципальный район,2024-10
v2,0.5,Камешковский муниципальный район,2023-06
v2,0.5,Камешковский муниципальный район,2023-10
v2,0.5,Камешковский муниципальный район,2024-01
v2,0.5,Камешковский муниципальный район,2024-10
v2,0.5,Камско-Устьинский муниципальный район,2023-07
v2,0.5,Камско-Устьинский муниципальный район,2023-10
v2,0.5,Камско-Устьинский муниципальный район,2024-01
v2,0.5,Камско-Устьинский муниципальный район,2024-10
v2,0.5,Камызякский муниципальный район,2023-10
v2,0.5,Камызякский муниципальный район,2024-01
v2,0.5,Камызякский муниципальный район,2024-10
v2,0.5,Камышлинский муниципальный район,2023-11
v2,0.5,Камышлинский муниципальный район,2024-02
v2,0.5,Камышлинский муниципальный район,2024-05
v2,0.5,Камышлинский муниципальный район,2024-10
v2,0.5,Камышловский муниципальный район,2023-10
v2,0.5,Камышловский муниципальный район,2024-01
v2,0.5,Камышловский муниципальный район,2024-10
v2,0.5,Кандалакшский муниципальный район,2023-10
v2,0.5,Кандалакшский муниципальный район,2024-01
v2,0.5,Кандалакшский муниципальный район,2024-10
v2,0.5,Карагинский муниципальный район,2023-09
v2,0.5,Карагинский муниципальный район,2024-02
v2,0.5,Карагинский муниципальный район,2024-06
v2,0.5,Карагинский муниципальный район,2024-09
v2,0.5,Караидельский муниципальный район,2023-06
v2,0.5,Караидельский муниципальный район,2023-10
v2,0.5,Караидельский муниципальный район,2024-01
v2,0.5,Караидельский муниципальный район,2024-10
v2,0.5,Карасукский муниципальный район,2023-10
v2,0.5,Карасукский муниципальный район,2024-01
v2,0.5,Карасукский муниципальный район,2024-10
v2,0.5,Каратузский муниципальный район,2023-10
v2,0.5,Каратузский муниципальный район,2024-01
v2,0.5,Каратузский муниципальный район,2024-10
v2,0.5,Каргапольский муниципальный округ,2023-10
v2,0.5,Каргапольский муниципальный округ,2024-01
v2,0.5,Каргапольский муниципальный округ,2024-10
v2,0.5,Каргасокский муниципальный район,2023-10
v2,0.5,Каргасокский муниципальный район,2024-01
v2,0.5,Каргасокский муниципальный район,2024-10
v2,0.5,Каргатский муниципальный район,2023-10
v2,0.5,Каргатский муниципальный район,2024-01
v2,0.5,Каргатский муниципальный район,2024-10
v2,0.5,Кардымовский муниципальный район,2023-10
v2,0.5,Кардымовский муниципальный район,2024-01
v2,0.5,Кардымовский муниципальный район,2024-10
v2,0.5,Кармаскалинский муниципальный район,2023-10
v2,0.5,Кармаскалинский муниципальный район,2024-01
v2,0.5,Кармаскалинский муниципальный район,2024-10
v2,0.5,Карсунский муниципальный район,2023-10
v2,0.5,Карсунский муниципальный район,2024-01
v2,0.5,Карсунский муниципальный район,2024-10
v2,0.5,Карталинский муниципальный район,2023-10
v2,0.5,Карталинский муниципальный район,2024-01
v2,0.5,Карталинский муниципальный район,2024-10
v2,0.5,Карымский муниципальный район,2023-10
v2,0.5,Карымский муниципальный район,2024-01
v2,0.5,Карымский муниципальный район,2024-10
v2,0.5,Касимовский муниципальный район,2023-11
v2,0.5,Касимовский муниципальный район,2024-02
v2,0.5,Касимовский муниципальный район,2024-06
v2,0.5,Касимовский муниципальный район,2024-10
v2,0.5,Каслинский муниципальный район,2023-10
v2,0.5,Каслинский муниципальный район,2024-01
v2,0.5,Каслинский муниципальный район,2024-10
v2,0.5,Катав-Ивановский муниципальный район,2023-10
v2,0.5,Катав-Ивановский муниципальный район,2024-01
v2,0.5,Катав-Ивановский муниципальный район,2024-10
v2,0.5,Катайский муниципальный округ,2023-10
v2,0.5,Катайский муниципальный округ,2024-01
v2,0.5,Катайский муниципальный округ,2024-10
v2,0.5,Катангский муниципальный район,2023-07
v2,0.5,Катангский муниципальный район,2023-11
v2,0.5,Катангский муниципальный район,2024-02
v2,0.5,Катангский муниципальный район,2024-07
v2,0.5,Катангский муниципальный район,2024-10
v2,0.5,Качугский муниципальный район,2023-10
v2,0.5,Качугский муниципальный район,2024-01
v2,0.5,Качугский муниципальный район,2024-10
v2,0.5,Кваркенский муниципальный район,2023-10
v2,0.5,Кваркенский муниципальный район,2024-01
v2,0.5,Кваркенский муниципальный район,2024-10
v2,0.5,Кежемский муниципальный район,2023-08
v2,0.5,Кежемский муниципальный район,2023-11
v2,0.5,Кежемский муниципальный район,2024-02
v2,0.5,Кежемский муниципальный район,2024-07
v2,0.5,Кежемский муниципальный район,2024-10
v2,0.5,Кемеровский муниципальный округ,2023-10
v2,0.5,Кемеровский муниципальный округ,2024-01
v2,0.5,Кемеровский муниципальный округ,2024-10
v2,0.5,Кемский муниципальный район,2023-07
v2,0.5,Кемский муниципальный район,2023-10
v2,0.5,Кемский муниципальный район,2024-01
v2,0.5,Кемский муниципальный район,2024-10
v2,0.5,Кетовский муниципальный округ,2023-05
v2,0.5,Кетовский муниципальный округ,2023-11
v2,0.5,Кетовский муниципальный округ,2024-04
v2,0.5,Кетовский муниципальный округ,2024-10
v2,0.5,Кигинский муниципальный район,2023-10
v2,0.5,Кигинский муниципальный район,2024-01
v2,0.5,Кигинский муниципальный район,2024-10
v2,0.5,Кизильский муниципальный район,2023-10
v2,0.5,Кизильский муниципальный район,2024-01
v2,0.5,Кизильский муниципальный район,2024-10
v2,0.5,Киквидзенский муниципальный район,2023-10
v2,0.5,Киквидзенский муниципальный район,2024-01
v2,0.5,Киквидзенский муниципальный район,2024-10
v2,0.5,Килемарский муниципальный район,2023-10
v2,0.5,Килемарский муниципальный район,2024-01
v2,0.5,Килемарский муниципальный район,2024-10
v2,0.5,Кильмезский муниципальный район,2023-06
v2,0.5,Кильмезский муниципальный район,2024-02
v2,0.5,Кильмезский муниципальный район,2024-05
v2,0.5,Кильмезский муниципальный район,2024-10
v2,0.5,Кимовский муниципальный район,2023-10
v2,0.5,Кимовский муниципальный район,2024-01
v2,0.5,Кимовский муниципальный район,2024-10
v2,0.5,Кингисеппский муниципальный район,2023-10
v2,0.5,Кингисеппский муниципальный район,2024-01
v2,0.5,Кингисеппский муниципальный район,2024-10
v2,0.5,Кинель-Черкасский муниципальный район,2023-10
v2,0.5,Кинель-Черкасский муниципальный район,2024-01
v2,0.5,Кинель-Черкасский муниципальный район,2024-10
v2,0.5,Кинельский муниципальный район,2023-10
v2,0.5,Кинельский муниципальный район,2024-01
v2,0.5,Кинельский муниципальный район,2024-10
v2,0.5,Кинешемский муниципальный район,2023-10
v2,0.5,Кинешемский муниципальный район,2024-01
v2,0.5,Кинешемский муниципальный район,2024-10
v2,0.5,Киреевский муниципальный район,2023-10
v2,0.5,Киреевский муниципальный район,2024-01
v2,0.5,Киреевский муниципальный район,2024-10
v2,0.5,Киренский муниципальный район,2023-07
v2,0.5,Киренский муниципальный район,2023-10
v2,0.5,Киренский муниципальный район,2024-01
v2,0.5,Киренский муниципальный район,2024-10
v2,0.5,Киржачский муниципальный район,2023-10
v2,0.5,Киржачский муниципальный район,2024-01
v2,0.5,Киржачский муниципальный район,2024-10
v2,0.5,Кирилловский муниципальный округ,2023-11
v2,0.5,Кирилловский муниципальный округ,2024-02
v2,0.5,Кирилловский муниципальный округ,2024-05
v2,0.5,Кирилловский муниципальный округ,2024-10
v2,0.5,Киришский муниципальный район,2023-06
v2,0.5,Киришский муниципальный район,2023-10
v2,0.5,Киришский муниципальный район,2024-01
v2,0.5,Киришский муниципальный район,2024-10
v2,0.5,Кирово-Чепецкий муниципальный район,2023-11
v2,0.5,Кирово-Чепецкий муниципальный район,2024-02
v2,0.5,Кирово-Чепецкий муниципальный район,2024-05
v2,0.5,Кирово-Чепецкий муниципальный район,2024-10
v2,0.5,Кировский муниципальный округ,2023-10
v2,0.5,Кировский муниципальный округ,2024-01
v2,0.5,Кировский муниципальный округ,2024-10
v2,0.5,Кировский муниципальный район #1,2023-10
v2,0.5,Кировский муниципальный район #1,2024-01
v2,0.5,Кировский муниципальный район #1,2024-10
v2,0.5,Кировский муниципальный район #2,2023-10
v2,0.5,Кировский муниципальный район #2,2024-01
v2,0.5,Кировский муниципальный район #2,2024-10
v2,0.5,Кировский муниципальный район #4,2023-06
v2,0.5,Кировский муниципальный район #4,2023-10
v2,0.5,Кировский муниципальный район #4,2024-01
v2,0.5,Кировский муниципальный район #4,2024-10
v2,0.5,Кичменгско-Городецкий муниципальный округ,2023-10
v2,0.5,Кичменгско-Городецкий муниципальный округ,2024-01
v2,0.5,Кичменгско-Городецкий муниципальный округ,2024-10
v2,0.5,Клепиковский муниципальный район,2023-10
v2,0.5,Клепиковский муниципальный район,2024-01
v2,0.5,Клепиковский муниципальный район,2024-10
v2,0.5,Клетский муниципальный район,2023-10
v2,0.5,Клетский муниципальный район,2024-01
v2,0.5,Клетский муниципальный район,2024-10
v2,0.5,Ключевский муниципальный район,2023-07
v2,0.5,Ключевский муниципальный район,2023-10
v2,0.5,Ключевский муниципальный район,2024-01
v2,0.5,Ключевский муниципальный район,2024-10
v2,0.5,Клявлинский муниципальный район,2023-08
v2,0.5,Клявлинский муниципальный район,2023-11
v2,0.5,Клявлинский муниципальный район,2024-02
v2,0.5,Клявлинский муниципальный район,2024-05
v2,0.5,Клявлинский муниципальный район,2024-10
v2,0.5,Княгининский муниципальный округ,2023-10
v2,0.5,Княгининский муниципальный округ,2024-01
v2,0.5,Княгининский муниципальный округ,2024-10
v2,0.5,Княжпогостский муниципальный район,2023-06
v2,0.5,Княжпогостский муниципальный район,2023-10
v2,0.5,Княжпогостский муниципальный район,2024-01
v2,0.5,Княжпогостский муниципальный район,2024-10
v2,0.5,Кобяйский муниципальный район,2023-09
v2,0.5,Кобяйский муниципальный район,2023-12
v2,0.5,Кобяйский муниципальный район,2024-04
v2,0.5,Кобяйский муниципальный район,2024-10
v2,0.5,Ковдорский муниципальный округ,2023-08
v2,0.5,Ковдорский муниципальный округ,2023-11
v2,0.5,Ковдорский муниципальный округ,2024-02
v2,0.5,Ковдорский муниципальный округ,2024-05
v2,0.5,Ковдорский муниципальный округ,2024-10
v2,0.5,Ковернинский муниципальный округ,2023-09
v2,0.5,Ковернинский муниципальный округ,2024-02
v2,0.5,Ковернинский муниципальный округ,2024-05
v2,0.5,Ковернинский муниципальный округ,2024-10
v2,0.5,Ковылкинский муниципальный район,2023-10
v2,0.5,Ковылкинский муниципальный район,2024-01
v2,0.5,Ковылкинский муниципальный район,2024-10
v2,0.5,Кожевниковский муниципальный район,2023-07
v2,0.5,Кожевниковский муниципальный район,2023-10
v2,0.5,Кожевниковский муниципальный район,2024-01
v2,0.5,Кожевниковский муниципальный район,2024-10
v2,0.5,Козельский муниципальный район,2023-10
v2,0.5,Козельский муниципальный район,2024-01
v2,0.5,Козельский муниципальный район,2024-10
v2,0.5,Козловский муниципальный округ,2023-10
v2,0.5,Козловский муниципальный округ,2024-01
v2,0.5,Козловский муниципальный округ,2024-10
v2,0.5,Козульский муниципальный район,2023-10
v2,0.5,Козульский муниципальный район,2024-01
v2,0.5,Козульский муниципальный район,2024-10
v2,0.5,Койгородский муниципальный район,2023-08
v2,0.5,Койгородский муниципальный район,2023-11
v2,0.5,Койгородский муниципальный район,2024-02
v2,0.5,Койгородский муниципальный район,2024-05
v2,0.5,Койгородский муниципальный район,2024-10
v2,0.5,Кологривский муниципальный округ,2023-08
v2,0.5,Кологривский муниципальный округ,2023-11
v2,0.5,Кологривский муниципальный округ,2024-02
v2,0.5,Кологривский муниципальный округ,2024-05
v2,0.5,Кологривский муниципальный округ,2024-10
v2,0.5,Колосовский муниципальный район,2023-10
v2,0.5,Колосовский муниципальный район,2024-01
v2,0.5,Колосовский муниципальный район,2024-10
v2,0.5,Колпашевский муниципальный район,2023-10
v2,0.5,Колпашевский муниципальный район,2024-01
v2,0.5,Колпашевский муниципальный район,2024-10
v2,0.5,Колпнянский муниципальный район,2023-05
v2,0.5,Колпнянский муниципальный район,2023-10
v2,0.5,Колпнянский муниципальный район,2024-01
v2,0.5,Колпнянский муниципальный район,2024-05
v2,0.5,Колпнянский муниципальный район,2024-10
v2,0.5,Колыванский муниципальный район,2023-10
v2,0.5,Колыванский муниципальный район,2024-01
v2,0.5,Колыванский муниципальный район,2024-10
v2,0.5,Колышлейский муниципальный район,2023-10
v2,0.5,Колышлейский муниципальный район,2024-01
v2,0.5,Колышлейский муниципальный район,2024-10
v2,0.5,Кольский муниципальный район,2023-08
v2,0.5,Кольский муниципальный район,2024-02
v2,0.5,Кольский муниципальный район,2024-07
v2,0.5,Кольский муниципальный район,2024-10
v2,0.5,Кольчугинский муниципальный район,2023-10
v2,0.5,Кольчугинский муниципальный район,2024-01
v2,0.5,Кольчугинский муниципальный район,2024-10
v2,0.5,Комсомольский муниципальный округ,2023-10
v2,0.5,Комсомольский муниципальный округ,2024-01
v2,0.5,Комсомольский муниципальный округ,2024-10
v2,0.5,Комсомольский муниципальный район #1,2023-10
v2,0.5,Комсомольский муниципальный район #1,2024-01
v2,0.5,Комсомольский муниципальный район #1,2024-10
v2,0.5,Кондинский муниципальный район,2023-10
v2,0.5,Кондинский муниципальный район,2024-01
v2,0.5,Кондинский муниципальный район,2024-10
v2,0.5,Кондопожский муниципальный район,2023-07
v2,0.5,Кондопожский муниципальный район,2023-10
v2,0.5,Кондопожский муниципальный район,2024-02
v2,0.5,Кондопожский муниципальный район,2024-06
v2,0.5,Кондопожский муниципальный район,2024-10
v2,0.5,Коношский муниципальный район,2024-02
v2,0.5,Коношский муниципальный район,2024-06
v2,0.5,Коношский муниципальный район,2024-10
v2,0.5,Константиновский муниципальный район,2023-10
v2,0.5,Константиновский муниципальный район,2024-01
v2,0.5,Константиновский муниципальный район,2024-10
v2,0.5,Кораблинский муниципальный район,2023-11
v2,0.5,Кораблинский муниципальный район,2024-02
v2,0.5,Кораблинский муниципальный район,2024-05
v2,0.5,Кораблинский муниципальный район,2024-10
v2,0.5,Коркинский муниципальный округ,2023-10
v2,0.5,Коркинский муниципальный округ,2024-01
v2,0.5,Коркинский муниципальный округ,2024-10
v2,0.5,Кормиловский муниципальный район,2023-10
v2,0.5,Кормиловский муниципальный район,2024-01
v2,0.5,Кормиловский муниципальный район,2024-10
v2,0.5,Корткеросский муниципальный район,2023-09
v2,0.5,Корткеросский муниципальный район,2023-12
v2,0.5,Корткеросский муниципальный район,2024-04
v2,0.5,Корткеросский муниципальный район,2024-10
v2,0.5,Косихинский муниципальный район,2023-08
v2,0.5,Косихинский муниципальный район,2023-11
v2,0.5,Косихинский муниципальный район,2024-02
v2,0.5,Косихинский муниципальный район,2024-05
v2,0.5,Косихинский муниципальный район,2024-10
v2,0.5,Костромской муниципальный район,2023-10
v2,0.5,Костромской муниципальный район,2024-01
v2,0.5,Костромской муниципальный район,2024-10
v2,0.5,Котельниковский муниципальный район,2023-10
v2,0.5,Котельниковский муниципальный район,2024-01
v2,0.5,Котельниковский муниципальный район,2024-10
v2,0.5,Котельничский муниципальный район,2023-10
v2,0.5,Котельничский муниципальный район,2024-01
v2,0.5,Котельничский муниципальный район,2024-10
v2,0.5,Котласский муниципальный округ,2023-09
v2,0.5,Котласский муниципальный округ,2023-12
v2,0.5,Котласский муниципальный округ,2024-04
v2,0.5,Котласский муниципальный округ,2024-10
v2,0.5,Котовский муниципальный район,2023-10
v2,0.5,Котовский муниципальный район,2024-01
v2,0.5,Котовский муниципальный район,2024-10
v2,0.5,Коченевский муниципальный район,2023-10
v2,0.5,Коченевский муниципальный район,2024-01
v2,0.5,Коченевский муниципальный район,2024-10
v2,0.5,Кочковский муниципальный район,2023-07
v2,0.5,Кочковский муниципальный район,2023-10
v2,0.5,Кочковский муниципальный район,2024-01
v2,0.5,Кочковский муниципальный район,2024-05
v2,0.5,Кочковский муниципальный район,2024-10
v2,0.5,Кочубеевский муниципальный округ,2023-10
v2,0.5,Кочубеевский муниципальный округ,2024-01
v2,0.5,Кочубеевский муниципальный округ,2024-10
v2,0.5,Кош-Агачский муниципальный район,2023-09
v2,0.5,Кош-Агачский муниципальный район,2024-02
v2,0.5,Кош-Агачский муниципальный район,2024-07
v2,0.5,Кошехабльский муниципальный район,2023-10
v2,0.5,Кошехабльский муниципальный район,2024-01
v2,0.5,Кошехабльский муниципальный район,2024-10
v2,0.5,Кошкинский муниципальный район,2023-10
v2,0.5,Кошкинский муниципальный район,2024-01
v2,0.5,Кошкинский муниципальный район,2024-10
v2,0.5,Крапивинский муниципальный округ,2023-07
v2,0.5,Крапивинский муниципальный округ,2023-10
v2,0.5,Крапивинский муниципальный округ,2024-01
v2,0.5,Крапивинский муниципальный округ,2024-10
v2,0.5,Краснинский муниципальный район #1,2023-10
v2,0.5,Краснинский муниципальный район #1,2024-01
v2,0.5,Краснинский муниципальный район #1,2024-10
v2,0.5,Краснинский муниципальный район #2,2023-10
v2,0.5,Краснинский муниципальный район #2,2024-01
v2,0.5,Краснинский муниципальный район #2,2024-10
v2,0.5,Красноармейский муниципальный округ #1,2023-10
v2,0.5,Красноармейский муниципальный округ #1,2024-01
v2,0.5,Красноармейский муниципальный округ #1,2024-10
v2,0.5,Красноармейский муниципальный округ #2,2023-10
v2,0.5,Красноармейский муниципальный округ #2,2024-01
v2,0.5,Красноармейский муниципальный округ #2,2024-10
v2,0.5,Красноармейский муниципальный район #1,2023-10
v2,0.5,Красноармейский муниципальный район #1,2024-01
v2,0.5,Красноармейский муниципальный район #1,2024-10
v2,0.5,Красноармейский муниципальный район #2,2024-02
v2,0.5,Красноармейский муниципальный район #2,2024-05
v2,0.5,Красноармейский муниципальный район #2,2024-10
v2,0.5,Красноармейский муниципальный район #3,2023-10
v2,0.5,Красноармейский муниципальный район #3,2024-01
v2,0.5,Красноармейский муниципальный район #3,2024-10
v2,0.5,Краснобаковский муниципальный округ,2023-10
v2,0.5,Краснобаковский муниципальный округ,2024-01
v2,0.5,Краснобаковский муниципальный округ,2024-10
v2,0.5,Красноборский муниципальный округ,2023-10
v2,0.5,Красноборский муниципальный округ,2024-01
v2,0.5,Красноборский муниципальный округ,2024-10
v2,0.5,Красногвардейский муниципальный округ,2023-10
v2,0.5,Красногвардейский муниципальный округ,2024-01
v2,0.5,Красногвардейский муниципальный округ,2024-10
v2,0.5,Красногвардейский муниципальный район #1,2023-08
v2,0.5,Красногвардейский муниципальный район #1,2024-02
v2,0.5,Красногвардейский муниципальный район #1,2024-06
v2,0.5,Красногвардейский муниципальный район #1,2024-10
v2,0.5,Красногвардейский муниципальный район #2,2023-10
v2,0.5,Красногвардейский муниципальный район #2,2024-01
v2,0.5,Красногвардейский муниципальный район #2,2024-10
v2,0.5,Красногорский муниципальный район,2023-08
v2,0.5,Красногорский муниципальный район,2023-11
v2,0.5,Красногорский муниципальный район,2024-02
v2,0.5,Красногорский муниципальный район,2024-05
v2,0.5,Красногорский муниципальный район,2024-10
v2,0.5,Краснозерский муниципальный район,2023-07
v2,0.5,Краснозерский муниципальный район,2023-10
v2,0.5,Краснозерский муниципальный район,2024-01
v2,0.5,Краснозерский муниципальный район,2024-10
v2,0.5,Краснозоренский муниципальный район,2024-01
v2,0.5,Краснозоренский муниципальный район,2024-10
v2,0.5,Краснокамский муниципальный район,2023-05
v2,0.5,Краснокамский муниципальный район,2023-09
v2,0.5,Краснокамский муниципальный район,2023-12
v2,0.5,Краснокамский муниципальный район,2024-04
v2,0.5,Краснокамский муниципальный район,2024-10
v2,0.5,Краснокутский муниципальный район,2023-10
v2,0.5,Краснокутский муниципальный район,2024-01
v2,0.5,Краснокутский муниципальный район,2024-10
v2,0.5,Краснооктябрьский муниципальный округ,2023-10
v2,0.5,Краснооктябрьский муниципальный округ,2024-01
v2,0.5,Краснооктябрьский муниципальный округ,2024-10
v2,0.5,Краснопартизанский муниципальный район,2023-10
v2,0.5,Краснопартизанский муниципальный район,2024-01
v2,0.5,Краснопартизанский муниципальный район,2024-10
v2,0.5,Красносельский муниципальный район,2023-05
v2,0.5,Красносельский муниципальный район,2023-10
v2,0.5,Красносельский муниципальный район,2024-01
v2,0.5,Красносельский муниципальный район,2024-10
v2,0.5,Краснослободский муниципальный район,2024-02
v2,0.5,Краснослободский муниципальный район,2024-05
v2,0.5,Краснослободский муниципальный район,2024-10
v2,0.5,Краснотуранский муниципальный район,2023-10
v2,0.5,Краснотуранский муниципальный район,2024-01
v2,0.5,Краснотуранский муниципальный район,2024-10
v2,0.5,Красночетайский муниципальный округ,2023-10
v2,0.5,Красночетайский муниципальный округ,2024-01
v2,0.5,Красночетайский муниципальный округ,2024-10
v2,0.5,Красночикойский муниципальный район,2023-07
v2,0.5,Красночикойский муниципальный район,2023-10
v2,0.5,Красночикойский муниципальный район,2024-01
v2,0.5,Красночикойский муниципальный район,2024-10
v2,0.5,Краснощёковский муниципальный район,2023-08
v2,0.5,Краснощёковский муниципальный район,2024-02
v2,0.5,Краснощёковский муниципальный район,2024-07
v2,0.5,Краснощёковский муниципальный район,2024-10
v2,0.5,Красноярский муниципальный район #1,2023-10
v2,0.5,Красноярский муниципальный район #1,2024-01
v2,0.5,Красноярский муниципальный район #1,2024-10
v2,0.5,Красноярский муниципальный район #2,2023-10
v2,0.5,Красноярский муниципальный район #2,2024-01
v2,0.5,Красноярский муниципальный район #2,2024-10
v2,0.5,Кривошеинский муниципальный район,2023-11
v2,0.5,Кривошеинский муниципальный район,2024-02
v2,0.5,Кривошеинский муниципальный район,2024-07
v2,0.5,Кривошеинский муниципальный район,2024-10
v2,0.5,Кромской муниципальный район,2023-10
v2,0.5,Кромской муниципальный район,2024-01
v2,0.5,Кромской муниципальный район,2024-10
v2,0.5,Крутинский муниципальный район,2023-10
v2,0.5,Крутинский муниципальный район,2024-01
v2,0.5,Крутинский муниципальный район,2024-10
v2,0.5,Крутихинский муниципальный район,2023-08
v2,0.5,Крутихинский муниципальный район,2024-02
v2,0.5,Крутихинский муниципальный район,2024-07
v2,0.5,Крутихинский муниципальный район,2024-10
v2,0.5,Кстовский муниципальный округ,2023-10
v2,0.5,Кстовский муниципальный округ,2024-01
v2,0.5,Кстовский муниципальный округ,2024-10
v2,0.5,Кугарчинский муниципальный район,2023-10
v2,0.5,Кугарчинский муниципальный район,2024-01
v2,0.5,Кугарчинский муниципальный район,2024-10
v2,0.5,Куженерский муниципальный район,2023-11
v2,0.5,Куженерский муниципальный район,2024-02
v2,0.5,Куженерский муниципальный район,2024-07
v2,0.5,Куженерский муниципальный район,2024-10
v2,0.5,Кузоватовский муниципальный район,2024-02
v2,0.5,Кузоватовский муниципальный район,2024-05
v2,0.5,Кузоватовский муниципальный район,2024-10
v2,0.5,Куйбышевский муниципальный район #1,2023-10
v2,0.5,Куйбышевский муниципальный район #1,2024-01
v2,0.5,Куйбышевский муниципальный район #1,2024-10
v2,0.5,Куйбышевский муниципальный район #2,2023-10
v2,0.5,Куйбышевский муниципальный район #2,2024-01
v2,0.5,Куйбышевский муниципальный район #2,2024-10
v2,0.5,Куйтунский муниципальный район,2023-07
v2,0.5,Куйтунский муниципальный район,2023-10
v2,0.5,Куйтунский муниципальный район,2024-01
v2,0.5,Куйтунский муниципальный район,2024-10
v2,0.5,Кукморский муниципальный район,2023-10
v2,0.5,Кукморский муниципальный район,2024-01
v2,0.5,Кукморский муниципальный район,2024-10
v2,0.5,Кулундинский муниципальный район,2023-07
v2,0.5,Кулундинский муниципальный район,2023-10
v2,0.5,Кулундинский муниципальный район,2024-01
v2,0.5,Кулундинский муниципальный район,2024-10
v2,0.5,Куменский муниципальный район,2023-10
v2,0.5,Куменский муниципальный район,2024-01
v2,0.5,Куменский муниципальный район,2024-10
v2,0.5,Кумылженский муниципальный район,2023-10
v2,0.5,Кумылженский муниципальный район,2024-01
v2,0.5,Кумылженский муниципальный район,2024-10
v2,0.5,Кунашакский муниципальный район,2023-10
v2,0.5,Кунашакский муниципальный район,2024-01
v2,0.5,Кунашакский муниципальный район,2024-10
v2,0.5,Купинский муниципальный район,2023-08
v2,0.5,Купинский муниципальный район,2023-11
v2,0.5,Купинский муниципальный район,2024-02
v2,0.5,Купинский муниципальный район,2024-07
v2,0.5,Купинский муниципальный район,2024-10
v2,0.5,Курагинский муниципальный район,2023-10
v2,0.5,Курагинский муниципальный район,2024-01
v2,0.5,Курагинский муниципальный район,2024-10
v2,0.5,Куркинский муниципальный район,2023-10
v2,0.5,Куркинский муниципальный район,2024-01
v2,0.5,Куркинский муниципальный район,2024-10
v2,0.5,Курманаевский муниципальный район,2023-10
v2,0.5,Курманаевский муниципальный район,2024-01
v2,0.5,Курманаевский муниципальный район,2024-10
v2,0.5,Курский муниципальный округ,2023-10
v2,0.5,Курский муниципальный округ,2024-01
v2,0.5,Курский муниципальный округ,2024-10
v2,0.5,Куртамышский муниципальный округ,2023-10
v2,0.5,Куртамышский муниципальный округ,2024-01
v2,0.5,Куртамышский муниципальный округ,2024-10
v2,0.5,Курьинский муниципальный район,2023-08
v2,0.5,Курьинский муниципальный район,2023-11
v2,0.5,Курьинский муниципальный район,2024-02
v2,0.5,Курьинский муниципальный район,2024-07
v2,0.5,Курьинский муниципальный район,2024-10
v2,0.5,Кусинский муниципальный район,2023-10
v2,0.5,Кусинский муниципальный район,2024-01
v2,0.5,Кусинский муниципальный район,2024-10
v2,0.5,Кушнаренковский муниципальный район,2023-07
v2,0.5,Кушнаренковский муниципальный район,2023-10
v2,0.5,Кушнаренковский муниципальный район,2024-01
v2,0.5,Кушнаренковский муниципальный район,2024-10
v2,0.5,Кызылский муниципальный район,2023-10
v2,0.5,Кызылский муниципальный район,2024-01
v2,0.5,Кызылский муниципальный район,2024-05
v2,0.5,Кыринский муниципальный район,2023-07
v2,0.5,Кыринский муниципальный район,2023-10
v2,0.5,Кыринский муниципальный район,2024-01
v2,0.5,Кыринский муниципальный район,2024-10
v2,0.5,Кытмановский муниципальный район,2023-07
v2,0.5,Кытмановский муниципальный район,2023-10
v2,0.5,Кытмановский муниципальный район,2024-01
v2,0.5,Кытмановский муниципальный район,2024-10
v2,0.5,Кыштовский муниципальный район,2024-01
v2,0.5,Кыштовский муниципальный район,2024-10
v2,0.5,Лаганский муниципальный район,2023-07
v2,0.5,Лаганский муниципальный район,2023-10
v2,0.5,Лаганский муниципальный район,2024-01
v2,0.5,Лаганский муниципальный район,2024-10
v2,0.5,Лазовский муниципальный округ,2023-06
v2,0.5,Лазовский муниципальный округ,2023-10
v2,0.5,Лазовский муниципальный округ,2024-01
v2,0.5,Лазовский муниципальный округ,2024-10
v2,0.5,Лаишевский муниципальный район,2023-10
v2,0.5,Лаишевский муниципальный район,2024-01
v2,0.5,Лаишевский муниципальный район,2024-10
v2,0.5,Лахденпохский муниципальный район,2024-02
v2,0.5,Лахденпохский муниципальный район,2024-06
v2,0.5,Лахденпохский муниципальный район,2024-10
v2,0.5,Лебедянский муниципальный район,2023-10
v2,0.5,Лебедянский муниципальный район,2024-01
v2,0.5,Лебедянский муниципальный район,2024-10
v2,0.5,Лебяжьевский муниципальный округ,2023-08
v2,0.5,Лебяжьевский муниципальный округ,2023-12
v2,0.5,Лебяжьевский муниципальный округ,2024-04
v2,0.5,Лебяжьевский муниципальный округ,2024-10
v2,0.5,Лев-Толстовский муниципальный район,2023-06
v2,0.5,Лев-Толстовский муниципальный район,2023-10
v2,0.5,Лев-Толстовский муниципальный район,2024-01
v2,0.5,Лев-Толстовский муниципальный район,2024-10
v2,0.5,Левокумский муниципальный округ,2023-10
v2,0.5,Левокумский муниципальный округ,2024-01
v2,0.5,Левокумский муниципальный округ,2024-10
v2,0.5,Лежневский муниципальный район,2023-10
v2,0.5,Лежневский муниципальный район,2024-02
v2,0.5,Лежневский муниципальный район,2024-07
v2,0.5,Лежневский муниципальный район,2024-10
v2,0.5,Лениногорский муниципальный район,2023-10
v2,0.5,Лениногорский муниципальный район,2024-01
v2,0.5,Лениногорский муниципальный район,2024-10
v2,0.5,Ленинский муниципальный район #1,2023-06
v2,0.5,Ленинский муниципальный район #1,2023-10
v2,0.5,Ленинский муниципальный район #1,2024-01
v2,0.5,Ленинский муниципальный район #1,2024-10
v2,0.5,Ленинский муниципальный район #2,2023-10
v2,0.5,Ленинский муниципальный район #2,2024-01
v2,0.5,Ленинский муниципальный район #2,2024-10
v2,0.5,Ленский муниципальный район #1,2023-08
v2,0.5,Ленский муниципальный район #1,2023-11
v2,0.5,Ленский муниципальный район #1,2024-02
v2,0.5,Ленский муниципальный район #1,2024-07
v2,0.5,Ленский муниципальный район #1,2024-10
v2,0.5,Ленский муниципальный район #2,2023-07
v2,0.5,Ленский муниципальный район #2,2023-10
v2,0.5,Ленский муниципальный район #2,2024-01
v2,0.5,Ленский муниципальный район #2,2024-10
v2,0.5,Лиманский муниципальный район,2024-01
v2,0.5,Лиманский муниципальный район,2024-10
v2,0.5,Ловозерский муниципальный район,2023-07
v2,0.5,Ловозерский муниципальный район,2023-10
v2,0.5,Ловозерский муниципальный район,2024-02
v2,0.5,Ловозерский муниципальный район,2024-07
v2,0.5,Ловозерский муниципальный район,2024-10
v2,0.5,Лодейнопольский муниципальный район,2023-08
v2,0.5,Лодейнопольский муниципальный район,2023-11
v2,0.5,Лодейнопольский муниципальный район,2024-02
v2,0.5,Лодейнопольский муниципальный район,2024-06
v2,0.5,Лодейнопольский муниципальный район,2024-10
v2,0.5,Локтевский муниципальный район,2023-07
v2,0.5,Локтевский муниципальный район,2023-10
v2,0.5,Локтевский муниципальный район,2024-01
v2,0.5,Локтевский муниципальный район,2024-10
v2,0.5,Ломоносовский муниципальный район,2023-06
v2,0.5,Ломоносовский муниципальный район,2023-10
v2,0.5,Ломоносовский муниципальный район,2024-01
v2,0.5,Ломоносовский муниципальный район,2024-10
v2,0.5,Лопатинский муниципальный район,2023-10
v2,0.5,Лопатинский муниципальный район,2024-01
v2,0.5,Лопатинский муниципальный район,2024-10
v2,0.5,Лоухский муниципальный район,2023-06
v2,0.5,Лоухский муниципальный район,2023-11
v2,0.5,Лоухский муниципальный район,2024-02
v2,0.5,Лоухский муниципальный район,2024-06
v2,0.5,Лоухский муниципальный район,2024-10
v2,0.5,Лужский муниципальный район,2023-10
v2,0.5,Лужский муниципальный район,2024-01
v2,0.5,Лужский муниципальный район,2024-10
v2,0.5,Лукояновский муниципальный округ,2024-02
v2,0.5,Лукояновский муниципальный округ,2024-06
v2,0.5,Лукояновский муниципальный округ,2024-10
v2,0.5,Лунинский муниципальный район,2023-10
v2,0.5,Лунинский муниципальный район,2024-01
v2,0.5,Лунинский муниципальный район,2024-10
v2,0.5,Лухский муниципальный район,2023-10
v2,0.5,Лухский муниципальный район,2024-01
v2,0.5,Лухский муниципальный район,2024-10
v2,0.5,Лысковский муниципальный округ,2024-02
v2,0.5,Лысковский муниципальный округ,2024-07
v2,0.5,Лысковский муниципальный округ,2024-10
v2,0.5,Лысогорский муниципальный район,2023-10
v2,0.5,Лысогорский муниципальный район,2024-01
v2,0.5,Лысогорский муниципальный район,2024-10
v2,0.5,Любимский муниципальный район,2023-10
v2,0.5,Любимский муниципальный район,2024-01
v2,0.5,Любимский муниципальный район,2024-10
v2,0.5,Любинский муниципальный район,2023-10
v2,0.5,Любинский муниципальный район,2024-01
v2,0.5,Любинский муниципальный район,2024-10
v2,0.5,Любытинский муниципальный район,2024-02
v2,0.5,Любытинский муниципальный район,2024-05
v2,0.5,Любытинский муниципальный район,2024-10
v2,0.5,Людиновский муниципальный район,2023-10
v2,0.5,Людиновский муниципальный район,2024-01
v2,0.5,Людиновский муниципальный район,2024-10
v2,0.5,Лямбирский муниципальный район,2023-10
v2,0.5,Лямбирский муниципальный район,2024-01
v2,0.5,Лямбирский муниципальный район,2024-10
v2,0.5,Магдагачинский муниципальный район,2023-10
v2,0.5,Магдагачинский муниципальный район,2024-01
v2,0.5,Магдагачинский муниципальный район,2024-10
v2,0.5,Мазановский муниципальный район,2023-10
v2,0.5,Мазановский муниципальный район,2024-01
v2,0.5,Мазановский муниципальный район,2024-10
v2,0.5,Майкопский муниципальный район,2023-10
v2,0.5,Майкопский муниципальный район,2024-01
v2,0.5,Майкопский муниципальный район,2024-10
v2,0.5,Майминский муниципальный район,2023-09
v2,0.5,Майминский муниципальный район,2024-02
v2,0.5,Майминский муниципальный район,2024-05
v2,0.5,Майминский муниципальный район,2024-10
v2,0.5,Майнский муниципальный район,2023-09
v2,0.5,Майнский муниципальный район,2024-02
v2,0.5,Майнский муниципальный район,2024-05
v2,0.5,Майнский муниципальный район,2024-10
v2,0.5,Майский муниципальный район,2023-10
v2,0.5,Майский муниципальный район,2024-01
v2,0.5,Майский муниципальный район,2024-10
v2,0.5,Макарьевский муниципальный район,2023-06
v2,0.5,Макарьевский муниципальный район,2023-10
v2,0.5,Макарьевский муниципальный район,2024-01
v2,0.5,Макарьевский муниципальный район,2024-10
v2,0.5,Малмыжский муниципальный район,2023-06
v2,0.5,Малмыжский муниципальный район,2023-10
v2,0.5,Малмыжский муниципальный район,2024-01
v2,0.5,Малмыжский муниципальный район,2024-10
v2,0.5,Малоархангельский муниципальный район,2023-10
v2,0.5,Малоархангельский муниципальный район,2024-01
v2,0.5,Малоархангельский муниципальный район,2024-10
v2,0.5,Маловишерский муниципальный район,2023-07
v2,0.5,Маловишерский муниципальный район,2023-10
v2,0.5,Маловишерский муниципальный район,2024-01
v2,0.5,Маловишерский муниципальный район,2024-10
v2,0.5,Малодербетовский муниципальный район,2023-06
v2,0.5,Малодербетовский муниципальный район,2023-09
v2,0.5,Малодербетовский муниципальный район,2024-10
v2,0.5,Малокарачаевский муниципальный район,2023-05
v2,0.5,Малокарачаевский муниципальный район,2023-09
v2,0.5,Малокарачаевский муниципальный район,2024-02
v2,0.5,Малокарачаевский муниципальный район,2024-10
v2,0.5,Малосердобинский муниципальный район,2023-10
v2,0.5,Малосердобинский муниципальный район,2024-01
v2,0.5,Малосердобинский муниципальный район,2024-10
v2,0.5,Малоярославецкий муниципальный район,2023-10
v2,0.5,Малоярославецкий муниципальный район,2024-01
v2,0.5,Малоярославецкий муниципальный район,2024-06
v2,0.5,Малоярославецкий муниципальный район,2024-10
v2,0.5,Мамадышский муниципальный район,2023-10
v2,0.5,Мамадышский муниципальный район,2024-01
v2,0.5,Мамадышский муниципальный район,2024-10
v2,0.5,Мамонтовский муниципальный район,2024-02
v2,0.5,Мамонтовский муниципальный район,2024-07
v2,0.5,Мамонтовский муниципальный район,2024-10
v2,0.5,Манский муниципальный район,2023-10
v2,0.5,Манский муниципальный район,2024-01
v2,0.5,Манский муниципальный район,2024-10
v2,0.5,Мантуровский муниципальный округ,2023-06
v2,0.5,Мантуровский муниципальный округ,2023-10
v2,0.5,Мантуровский муниципальный округ,2024-01
v2,0.5,Мантуровский муниципальный округ,2024-10
v2,0.5,Мари-Турекский муниципальный район,2023-10
v2,0.5,Мари-Турекский муниципальный район,2024-01
v2,0.5,Мари-Турекский муниципальный район,2024-10
v2,0.5,Мариинский муниципальный округ,2023-10
v2,0.5,Мариинский муниципальный округ,2024-01
v2,0.5,Мариинский муниципальный округ,2024-10
v2,0.5,Мариинско-Посадский муниципальный округ,2024-02
v2,0.5,Мариинско-Посадский муниципальный округ,2024-05
v2,0.5,Мариинско-Посадский муниципальный округ,2024-10
v2,0.5,Марксовский муниципальный район,2023-10
v2,0.5,Марксовский муниципальный район,2024-01
v2,0.5,Марксовский муниципальный район,2024-10
v2,0.5,Марьяновский муниципальный район,2023-10
v2,0.5,Марьяновский муниципальный район,2024-01
v2,0.5,Марьяновский муниципальный район,2024-10
v2,0.5,Маслянинский муниципальный район,2023-10
v2,0.5,Маслянинский муниципальный район,2024-01
v2,0.5,Маслянинский муниципальный район,2024-10
v2,0.5,Матвеевский муниципальный район,2023-10
v2,0.5,Матвеевский муниципальный район,2024-01
v2,0.5,Матвеевский муниципальный район,2024-10
v2,0.5,Мегино-Кангаласский муниципальный район,2023-09
v2,0.5,Мегино-Кангаласский муниципальный район,2024-02
v2,0.5,Мегино-Кангаласский муниципальный район,2024-07
v2,0.5,Мегино-Кангаласский муниципальный район,2024-10
v2,0.5,Медведевский муниципальный район,2023-10
v2,0.5,Медведевский муниципальный район,2024-01
v2,0.5,Медведевский муниципальный район,2024-10
v2,0.5,Медвежьегорский муниципальный район,2023-10
v2,0.5,Медвежьегорский муниципальный район,2024-01
v2,0.5,Медвежьегорский муниципальный район,2024-10
v2,0.5,Медынский муниципальный район,2023-10
v2,0.5,Медынский муниципальный район,2024-01
v2,0.5,Медынский муниципальный район,2024-10
v2,0.5,Междуреченский муниципальный округ,2023-05
v2,0.5,Междуреченский муниципальный округ,2023-08
v2,0.5,Междуреченский муниципальный округ,2024-02
v2,0.5,Междуреченский муниципальный округ,2024-06
v2,0.5,Междуреченский муниципальный округ,2024-10
v2,0.5,Межевской муниципальный округ,2023-09
v2,0.5,Межевской муниципальный округ,2024-02
v2,0.5,Межевской муниципальный округ,2024-05
v2,0.5,Межевской муниципальный округ,2024-10
v2,0.5,Мезенский муниципальный округ,2023-07
v2,0.5,Мезенский муниципальный округ,2023-10
v2,0.5,Мезенский муниципальный округ,2024-01
v2,0.5,Мезенский муниципальный округ,2024-06
v2,0.5,Мезенский муниципальный округ,2024-09
v2,0.5,Меленковский муниципальный район,2023-10
v2,0.5,Меленковский муниципальный район,2024-01
v2,0.5,Меленковский муниципальный район,2024-10
v2,0.5,Мелеузовский муниципальный район,2023-06
v2,0.5,Мелеузовский муниципальный район,2023-10
v2,0.5,Мелеузовский муниципальный район,2024-01
v2,0.5,Мелеузовский муниципальный район,2024-10
v2,0.5,Менделеевский муниципальный район,2023-10
v2,0.5,Менделеевский муниципальный район,2024-01
v2,0.5,Менделеевский муниципальный район,2024-06
v2,0.5,Менделеевский муниципальный район,2024-10
v2,0.5,Мензелинский муниципальный район,2023-10
v2,0.5,Мензелинский муниципальный район,2024-01
v2,0.5,Мензелинский муниципальный район,2024-10
v2,0.5,Мечетлинский муниципальный район,2023-10
v2,0.5,Мечетлинский муниципальный район,2024-01
v2,0.5,Мечетлинский муниципальный район,2024-10
v2,0.5,Мещовский муниципальный район,2023-10
v2,0.5,Мещовский муниципальный район,2024-01
v2,0.5,Мещовский муниципальный район,2024-10
v2,0.5,Милославский муниципальный район,2023-07
v2,0.5,Милославский муниципальный район,2023-10
v2,0.5,Милославский муниципальный район,2024-01
v2,0.5,Милославский муниципальный район,2024-10
v2,0.5,Мильковский муниципальный округ,2023-07
v2,0.5,Мильковский муниципальный округ,2023-10
v2,0.5,Мильковский муниципальный округ,2024-01
v2,0.5,Мильковский муниципальный округ,2024-10
v2,0.5,Минераловодский муниципальный округ,2023-10
v2,0.5,Минераловодский муниципальный округ,2024-01
v2,0.5,Минераловодский муниципальный округ,2024-10
v2,0.5,Мирнинский муниципальный район,2023-08
v2,0.5,Мирнинский муниципальный район,2024-02
v2,0.5,Мирнинский муниципальный район,2024-07
v2,0.5,Мирнинский муниципальный район,2024-10
v2,0.5,Михайловский муниципальный район #1,2023-10
v2,0.5,Михайловский муниципальный район #1,2024-01
v2,0.5,Михайловский муниципальный район #1,2024-10
v2,0.5,Михайловский муниципальный район #2,2023-10
v2,0.5,Михайловский муниципальный район #2,2024-01
v2,0.5,Михайловский муниципальный район #2,2024-10
v2,0.5,Михайловский муниципальный район #3,2023-07
v2,0.5,Михайловский муниципальный район #3,2023-10
v2,0.5,Михайловский муниципальный район #3,2024-01
v2,0.5,Михайловский муниципальный район #3,2024-10
v2,0.5,Михайловский муниципальный район #4,2023-08
v2,0.5,Михайловский муниципальный район #4,2023-11
v2,0.5,Михайловский муниципальный район #4,2024-02
v2,0.5,Михайловский муниципальный район #4,2024-05
v2,0.5,Михайловский муниципальный район #4,2024-10
v2,0.5,Мишкинский муниципальный округ,2023-10
v2,0.5,Мишкинский муниципальный округ,2024-01
v2,0.5,Мишкинский муниципальный округ,2024-10
v2,0.5,Мишкинский муниципальный район,2023-06
v2,0.5,Мишкинский муниципальный район,2023-10
v2,0.5,Мишкинский муниципальный район,2024-01
v2,0.5,Мишкинский муниципальный район,2024-10
v2,0.5,Миякинский муниципальный район,2023-10
v2,0.5,Миякинский муниципальный район,2024-01
v2,0.5,Миякинский муниципальный район,2024-10
v2,0.5,Могойтуйский муниципальный район,2023-10
v2,0.5,Могойтуйский муниципальный район,2024-01
v2,0.5,Могойтуйский муниципальный район,2024-10
v2,0.5,Могочинский муниципальный округ,2023-10
v2,0.5,Могочинский муниципальный округ,2024-01
v2,0.5,Могочинский муниципальный округ,2024-10
v2,0.5,Моздокский муниципальный район,2023-10
v2,0.5,Моздокский муниципальный район,2024-01
v2,0.5,Моздокский муниципальный район,2024-10
v2,0.5,Мокроусовский муниципальный округ,2023-10
v2,0.5,Мокроусовский муниципальный округ,2024-01
v2,0.5,Мокроусовский муниципальный округ,2024-10
v2,0.5,Мокшанский муниципальный район,2023-10
v2,0.5,Мокшанский муниципальный район,2024-01
v2,0.5,Мокшанский муниципальный район,2024-10
v2,0.5,Молчановский муниципальный район,2023-10
v2,0.5,Молчановский муниципальный район,2024-01
v2,0.5,Молчановский муниципальный район,2024-10
v2,0.5,Монастырщинский муниципальный район,2023-06
v2,0.5,Монастырщинский муниципальный район,2023-10
v2,0.5,Монастырщинский муниципальный район,2024-01
v2,0.5,Монастырщинский муниципальный район,2024-10
v2,0.5,Моргаушский муниципальный округ,2023-10
v2,0.5,Моргаушский муниципальный округ,2024-01
v2,0.5,Моргаушский муниципальный округ,2024-10
v2,0.5,Мордовский муниципальный округ,2023-10
v2,0.5,Мордовский муниципальный округ,2024-01
v2,0.5,Мордовский муниципальный округ,2024-10
v2,0.5,Моркинский муниципальный район,2023-10
v2,0.5,Моркинский муниципальный район,2024-01
v2,0.5,Моркинский муниципальный район,2024-10
v2,0.5,Мосальский муниципальный район,2024-02
v2,0.5,Мосальский муниципальный район,2024-06
v2,0.5,Мосальский муниципальный район,2024-10
v2,0.5,Москаленский муниципальный район,2023-10
v2,0.5,Москаленский муниципальный район,2024-01
v2,0.5,Москаленский муниципальный район,2024-10
v2,0.5,Мотыгинский муниципальный район,2023-08
v2,0.5,Мотыгинский муниципальный район,2023-11
v2,0.5,Мотыгинский муниципальный район,2024-02
v2,0.5,Мотыгинский муниципальный район,2024-06
v2,0.5,Мотыгинский муниципальный район,2024-10
v2,0.5,Мошковский муниципальный район,2023-10
v2,0.5,Мошковский муниципальный район,2024-01
v2,0.5,Мошковский муниципальный район,2024-10
v2,0.5,Муезерский муниципальный район,2023-06
v2,0.5,Муезерский муниципальный район,2023-10
v2,0.5,Муезерский муниципальный район,2024-02
v2,0.5,Муезерский муниципальный район,2024-07
v2,0.5,Муезерский муниципальный район,2024-10
v2,0.5,Муромцевский муниципальный район,2023-10
v2,0.5,Муромцевский муниципальный район,2024-01
v2,0.5,Муромцевский муниципальный район,2024-10
v2,0.5,Муслюмовский муниципальный район,2023-10
v2,0.5,Муслюмовский муниципальный район,2024-01
v2,0.5,Муслюмовский муниципальный район,2024-07
v2,0.5,Муслюмовский муниципальный район,2024-10
v2,0.5,Мучкапский муниципальный округ,2023-10
v2,0.5,Мучкапский муниципальный округ,2024-01
v2,0.5,Мучкапский муниципальный округ,2024-10
v2,0.5,Мышкинский муниципальный район,2023-10
v2,0.5,Мышкинский муниципальный район,2024-01
v2,0.5,Мышкинский муниципальный район,2024-10
v2,0.5,Нагайбакский муниципальный район,2023-10
v2,0.5,Нагайбакский муниципальный район,2024-01
v2,0.5,Нагайбакский муниципальный район,2024-10
v2,0.5,Нагорский муниципальный район,2023-08
v2,0.5,Нагорский муниципальный район,2023-11
v2,0.5,Нагорский муниципальный район,2024-04
v2,0.5,Нагорский муниципальный район,2024-10
v2,0.5,Надеждинский муниципальный район,2023-10
v2,0.5,Надеждинский муниципальный район,2024-01
v2,0.5,Надеждинский муниципальный район,2024-10
v2,0.5,Называевский муниципальный район,2023-10
v2,0.5,Называевский муниципальный район,2024-01
v2,0.5,Называевский муниципальный район,2024-10
v2,0.5,Намский муниципальный район,2023-07
v2,0.5,Намский муниципальный район,2023-10
v2,0.5,Намский муниципальный район,2024-01
v2,0.5,Намский муниципальный район,2024-10
v2,0.5,Нанайский муниципальный район,2023-11
v2,0.5,Нанайский муниципальный район,2024-02
v2,0.5,Нанайский муниципальный район,2024-05
v2,0.5,Нанайский муниципальный район,2024-10
v2,0.5,Наримановский муниципальный район,2023-10
v2,0.5,Наримановский муниципальный район,2024-01
v2,0.5,Наримановский муниципальный район,2024-10
v2,0.5,Наровчатский муниципальный район,2023-10
v2,0.5,Наровчатский муниципальный район,2024-01
v2,0.5,Наровчатский муниципальный район,2024-10
v2,0.5,Неверкинский муниципальный район,2023-10
v2,0.5,Неверкинский муниципальный район,2024-01
v2,0.5,Неверкинский муниципальный район,2024-10
v2,0.5,Нейский муниципальный округ,2023-10
v2,0.5,Нейский муниципальный округ,2024-01
v2,0.5,Нейский муниципальный округ,2024-10
v2,0.5,Некоузский муниципальный район,2023-10
v2,0.5,Некоузский муниципальный район,2024-01
v2,0.5,Некоузский муниципальный район,2024-10
v2,0.5,Некрасовский муниципальный район,2023-10
v2,0.5,Некрасовский муниципальный район,2024-01
v2,0.5,Некрасовский муниципальный район,2024-10
v2,0.5,Немецкий национальный муниципальный район,2023-07
v2,0.5,Немецкий национальный муниципальный район,2023-10
v2,0.5,Немецкий национальный муниципальный район,2024-01
v2,0.5,Немецкий национальный муниципальный район,2024-10
v2,0.5,Нерчинский муниципальный район,2023-10
v2,0.5,Нерчинский муниципальный район,2024-01
v2,0.5,Нерчинский муниципальный район,2024-10
v2,0.5,Нерюнгринский муниципальный район,2023-09
v2,0.5,Нерюнгринский муниципальный район,2024-02
v2,0.5,Нерюнгринский муниципальный район,2024-07
v2,0.5,Нерюнгринский муниципальный район,2024-10
v2,0.5,Нефтегорский муниципальный район,2023-09
v2,0.5,Нефтегорский муниципальный район,2024-02
v2,0.5,Нефтегорский муниципальный район,2024-05
v2,0.5,Нефтегорский муниципальный район,2024-10
v2,0.5,Нефтекумский муниципальный округ,2023-10
v2,0.5,Нефтекумский муниципальный округ,2024-01
v2,0.5,Нефтекумский муниципальный округ,2024-06
v2,0.5,Нефтекумский муниципальный округ,2024-10
v2,0.5,Нефтеюганский муниципальный район,2023-08
v2,0.5,Нефтеюганский муниципальный район,2023-11
v2,0.5,Нефтеюганский муниципальный район,2024-02
v2,0.5,Нефтеюганский муниципальный район,2024-07
v2,0.5,Нефтеюганский муниципальный район,2024-10
v2,0.5,Нехаевский муниципальный район,2023-10
v2,0.5,Нехаевский муниципальный район,2024-01
v2,0.5,Нехаевский муниципальный район,2024-10
v2,0.5,Нижневартовский муниципальный район,2024-02
v2,0.5,Нижневартовский муниципальный район,2024-07
v2,0.5,Нижневартовский муниципальный район,2024-10
v2,0.5,Нижнеилимский муниципальный район,2023-08
v2,0.5,Нижнеилимский муниципальный район,2023-11
v2,0.5,Нижнеилимский муниципальный район,2024-02
v2,0.5,Нижнеилимский муниципальный район,2024-06
v2,0.5,Нижнеилимский муниципальный район,2024-10
v2,0.5,Нижнеингашский муниципальный район,2023-10
v2,0.5,Нижнеингашский муниципальный район,2024-01
v2,0.5,Нижнеингашский муниципальный район,2024-10
v2,0.5,Нижнекамский муниципальный район,2023-10
v2,0.5,Нижнекамский муниципальный район,2024-01
v2,0.5,Нижнекамский муниципальный район,2024-10
v2,0.5,Нижнеколымский муниципальный район,2023-08
v2,0.5,Нижнеколымский муниципальный район,2023-12
v2,0.5,Нижнеколымский муниципальный район,2024-08
v2,0.5,Нижнеломовский муниципальный район,2023-10
v2,0.5,Нижнеломовский муниципальный район,2024-01
v2,0.5,Нижнеломовский муниципальный район,2024-10
v2,0.5,Нижнеомский муниципальный район,2023-10
v2,0.5,Нижнеомский муниципальный район,2024-01
v2,0.5,Нижнеомский муниципальный район,2024-10
v2,0.5,Нижнесергинский муниципальный район,2023-06
v2,0.5,Нижнесергинский муниципальный район,2023-10
v2,0.5,Нижнесергинский муниципальный район,2024-01
v2,0.5,Нижнесергинский муниципальный район,2024-10
v2,0.5,Нижнетавдинский муниципальный район,2023-10
v2,0.5,Нижнетавдинский муниципальный район,2024-01
v2,0.5,Нижнетавдинский муниципальный район,2024-10
v2,0.5,Нижнеудинский муниципальный район,2023-10
v2,0.5,Нижнеудинский муниципальный район,2024-01
v2,0.5,Нижнеудинский муниципальный район,2024-10
v2,0.5,Никифоровский муниципальный округ,2023-10
v2,0.5,Никифоровский муниципальный округ,2024-01
v2,0.5,Никифоровский муниципальный округ,2024-10
v2,0.5,Николаевский муниципальный район #1,2023-10
v2,0.5,Николаевский муниципальный район #1,2024-01
v2,0.5,Николаевский муниципальный район #1,2024-10
v2,0.5,Николаевский муниципальный район #2,2023-09
v2,0.5,Николаевский муниципальный район #2,2023-12
v2,0.5,Николаевский муниципальный район #2,2024-10
v2,0.5,Николаевский муниципальный район #3,2023-10
v2,0.5,Николаевский муниципальный район #3,2024-01
v2,0.5,Николаевский муниципальный район #3,2024-10
v2,0.5,Никольский муниципальный округ,2024-02
v2,0.5,Никольский муниципальный округ,2024-07
v2,0.5,Никольский муниципальный округ,2024-10
v2,0.5,Никольский муниципальный район,2023-10
v2,0.5,Никольский муниципальный район,2024-01
v2,0.5,Никольский муниципальный район,2024-10
v2,0.5,Новгородский муниципальный район,2023-10
v2,0.5,Новгородский муниципальный район,2024-01
v2,0.5,Новгородский муниципальный район,2024-10
v2,0.5,Новичихинский муниципальный район,2023-08
v2,0.5,Новичихинский муниципальный район,2024-02
v2,0.5,Новичихинский муниципальный район,2024-07
v2,0.5,Новичихинский муниципальный район,2024-10
v2,0.5,Новоалександровский муниципальный округ,2023-10
v2,0.5,Новоалександровский муниципальный округ,2024-01
v2,0.5,Новоалександровский муниципальный округ,2024-06
v2,0.5,Новоалександровский муниципальный округ,2024-10
v2,0.5,Новоаннинский муниципальный район,2023-10
v2,0.5,Новоаннинский муниципальный район,2024-01
v2,0.5,Новоаннинский муниципальный район,2024-10
v2,0.5,Новобурасский муниципальный район,2023-10
v2,0.5,Новобурасский муниципальный район,2024-01
v2,0.5,Новобурасский муниципальный район,2024-10
v2,0.5,Нововаршавский муниципальный район,2023-10
v2,0.5,Нововаршавский муниципальный район,2024-01
v2,0.5,Нововаршавский муниципальный район,2024-10
v2,0.5,Новодеревеньковский муниципальный район,2023-10
v2,0.5,Новодеревеньковский муниципальный район,2024-01
v2,0.5,Новодеревеньковский муниципальный район,2024-10
v2,0.5,Новодугинский муниципальный район,2023-10
v2,0.5,Новодугинский муниципальный район,2024-01
v2,0.5,Новодугинский муниципальный район,2024-10
v2,0.5,Новониколаевский муниципальный район,2023-10
v2,0.5,Новониколаевский муниципальный район,2024-01
v2,0.5,Новониколаевский муниципальный район,2024-10
v2,0.5,Новоорский муниципальный район,2023-10
v2,0.5,Новоорский муниципальный район,2024-01
v2,0.5,Новоорский муниципальный район,2024-10
v2,0.5,Новоселицкий муниципальный округ,2023-10
v2,0.5,Новоселицкий муниципальный округ,2024-01
v2,0.5,Новоселицкий муниципальный округ,2024-05
v2,0.5,Новоселицкий муниципальный округ,2024-10
v2,0.5,Новоселовский муниципальный район,2023-07
v2,0.5,Новоселовский муниципальный район,2023-10
v2,0.5,Новоселовский муниципальный район,2024-01
v2,0.5,Новоселовский муниципальный район,2024-10
v2,0.5,Новосергиевский муниципальный район,2023-10
v2,0.5,Новосергиевский муниципальный район,2024-01
v2,0.5,Новосергиевский муниципальный район,2024-10
v2,0.5,Новосибирский муниципальный район,2024-01
v2,0.5,Новосибирский муниципальный район,2024-10
v2,0.5,Новосильский муниципальный район,2023-10
v2,0.5,Новосильский муниципальный район,2024-01
v2,0.5,Новосильский муниципальный район,2024-10
v2,0.5,Новосокольнический муниципальный район,2023-11
v2,0.5,Новосокольнический муниципальный район,2024-04
v2,0.5,Новосокольнический муниципальный район,2024-10
v2,0.5,Новоспасский муниципальный район,2023-10
v2,0.5,Новоспасский муниципальный район,2024-01
v2,0.5,Новоспасский муниципальный район,2024-10
v2,0.5,Новоторъяльский муниципальный район,2023-10
v2,0.5,Новоторъяльский муниципальный район,2024-01
v2,0.5,Новоторъяльский муниципальный район,2024-10
v2,0.5,Новоузенский муниципальный район,2023-10
v2,0.5,Новоузенский муниципальный район,2024-01
v2,0.5,Новоузенский муниципальный район,2024-10
v2,0.5,Новошешминский муниципальный район,2023-05
v2,0.5,Новошешминский муниципальный район,2023-08
v2,0.5,Новошешминский муниципальный район,2023-11
v2,0.5,Новошешминский муниципальный район,2024-04
v2,0.5,Новошешминский муниципальный район,2024-10
v2,0.5,Ногайский муниципальный район #1,2024-01
v2,0.5,Ногайский муниципальный район #1,2024-06
v2,0.5,Ногайский муниципальный район #1,2024-10
v2,0.5,Нолинский муниципальный район,2023-11
v2,0.5,Нолинский муниципальный район,2024-02
v2,0.5,Нолинский муниципальный район,2024-05
v2,0.5,Нолинский муниципальный район,2024-10
v2,0.5,Нукутский муниципальный район,2023-06
v2,0.5,Нукутский муниципальный район,2023-10
v2,0.5,Нукутский муниципальный район,2024-01
v2,0.5,Нукутский муниципальный район,2024-10
v2,0.5,Нуримановский муниципальный район,2023-10
v2,0.5,Нуримановский муниципальный район,2024-01
v2,0.5,Нуримановский муниципальный район,2024-10
v2,0.5,Нурлатский муниципальный район,2023-10
v2,0.5,Нурлатский муниципальный район,2024-01
v2,0.5,Нурлатский муниципальный район,2024-10
v2,0.5,Нюксенский муниципальный округ,2024-02
v2,0.5,Нюксенский муниципальный округ,2024-05
v2,0.5,Нюксенский муниципальный округ,2024-10
v2,0.5,Нюрбинский муниципальный район,2023-07
v2,0.5,Нюрбинский муниципальный район,2023-10
v2,0.5,Нюрбинский муниципальный район,2024-01
v2,0.5,Нюрбинский муниципальный район,2024-10
v2,0.5,Нязепетровский муниципальный район,2023-10
v2,0.5,Нязепетровский муниципальный район,2024-01
v2,0.5,Нязепетровский муниципальный район,2024-10
v2,0.5,Няндомский муниципальный округ,2023-06
v2,0.5,Няндомский муниципальный округ,2023-10
v2,0.5,Няндомский муниципальный округ,2024-01
v2,0.5,Няндомский муниципальный округ,2024-10
v2,0.5,Облученский муниципальный район,2023-10
v2,0.5,Облученский муниципальный район,2024-01
v2,0.5,Облученский муниципальный район,2024-10
v2,0.5,Одесский муниципальный район,2023-10
v2,0.5,Одесский муниципальный район,2024-01
v2,0.5,Одесский муниципальный район,2024-10
v2,0.5,Одоевский муниципальный район,2023-10
v2,0.5,Одоевский муниципальный район,2024-01
v2,0.5,Одоевский муниципальный район,2024-10
v2,0.5,Озинский муниципальный район,2023-10
v2,0.5,Озинский муниципальный район,2024-01
v2,0.5,Озинский муниципальный район,2024-10
v2,0.5,Оймяконский муниципальный район,2023-10
v2,0.5,Оймяконский муниципальный район,2024-01
v2,0.5,Оймяконский муниципальный район,2024-05
v2,0.5,Оймяконский муниципальный район,2024-08
v2,0.5,Оконешниковский муниципальный район,2023-10
v2,0.5,Оконешниковский муниципальный район,2024-01
v2,0.5,Оконешниковский муниципальный район,2024-10
v2,0.5,Октябрьский муниципальный округ,2023-10
v2,0.5,Октябрьский муниципальный округ,2024-01
v2,0.5,Октябрьский муниципальный округ,2024-10
v2,0.5,Октябрьский муниципальный район #1,2023-06
v2,0.5,Октябрьский муниципальный район #1,2023-10
v2,0.5,Октябрьский муниципальный район #1,2024-01
v2,0.5,Октябрьский муниципальный район #1,2024-10
v2,0.5,Октябрьский муниципальный район #2,2023-10
v2,0.5,Октябрьский муниципальный район #2,2024-01
v2,0.5,Октябрьский муниципальный район #2,2024-10
v2,0.5,Октябрьский муниципальный район #4,2023-07
v2,0.5,Октябрьский муниципальный район #4,2023-10
v2,0.5,Октябрьский муниципальный район #4,2024-01
v2,0.5,Октябрьский муниципальный район #4,2024-07
v2,0.5,Октябрьский муниципальный район #4,2024-10
v2,0.5,Октябрьский муниципальный район #5,2024-02
v2,0.5,Октябрьский муниципальный район #5,2024-05
v2,0.5,Октябрьский муниципальный район #5,2024-10
v2,0.5,Октябрьский муниципальный район #6,2023-08
v2,0.5,Октябрьский муниципальный район #6,2023-12
v2,0.5,Октябрьский муниципальный район #6,2024-04
v2,0.5,Октябрьский муниципальный район #6,2024-10
v2,0.5,Октябрьский муниципальный район #7,2023-10
v2,0.5,Октябрьский муниципальный район #7,2024-01
v2,0.5,Октябрьский муниципальный район #7,2024-10
v2,0.5,Октябрьский муниципальный район #8,2023-10
v2,0.5,Октябрьский муниципальный район #8,2024-01
v2,0.5,Октябрьский муниципальный район #8,2024-10
v2,0.5,Окуловский муниципальный район,2023-10
v2,0.5,Окуловский муниципальный район,2024-01
v2,0.5,Окуловский муниципальный район,2024-10
v2,0.5,Олекминский муниципальный район,2023-08
v2,0.5,Олекминский муниципальный район,2024-02
v2,0.5,Олекминский муниципальный район,2024-07
v2,0.5,Олекминский муниципальный район,2024-10
v2,0.5,Оленекский эвенкийский национальный муниципальный район,2023-07
v2,0.5,Оленекский эвенкийский национальный муниципальный район,2023-10
v2,0.5,Оленекский эвенкийский национальный муниципальный район,2024-01
v2,0.5,Оленекский эвенкийский национальный муниципальный район,2024-04
v2,0.5,Оленекский эвенкийский национальный муниципальный район,2024-07
v2,0.5,Оленекский эвенкийский национальный муниципальный район,2024-10
v2,0.5,Оловяннинский муниципальный район,2023-07
v2,0.5,Оловяннинский муниципальный район,2023-10
v2,0.5,Оловяннинский муниципальный район,2024-01
v2,0.5,Оловяннинский муниципальный район,2024-10
v2,0.5,Олонецкий муниципальный район,2023-07
v2,0.5,Олонецкий муниципальный район,2023-10
v2,0.5,Олонецкий муниципальный район,2024-01
v2,0.5,Олонецкий муниципальный район,2024-10
v2,0.5,Ольгинский муниципальный округ,2023-10
v2,0.5,Ольгинский муниципальный округ,2024-01
v2,0.5,Ольгинский муниципальный округ,2024-10
v2,0.5,Ольховский муниципальный район,2023-10
v2,0.5,Ольховский муниципальный район,2024-01
v2,0.5,Ольховский муниципальный район,2024-10
v2,0.5,Ольхонский муниципальный район,2023-09
v2,0.5,Ольхонский муниципальный район,2024-02
v2,0.5,Ольхонский муниципальный район,2024-09
v2,0.5,Олюторский муниципальный район,2023-05
v2,0.5,Олюторский муниципальный район,2023-08
v2,0.5,Олюторский муниципальный район,2024-02
v2,0.5,Олюторский муниципальный район,2024-08
v2,0.5,Омский муниципальный район,2023-10
v2,0.5,Омский муниципальный район,2024-01
v2,0.5,Омский муниципальный район,2024-10
v2,0.5,Омутинский муниципальный район,2023-10
v2,0.5,Омутинский муниципальный район,2024-01
v2,0.5,Омутинский муниципальный район,2024-10
v2,0.5,Омутнинский муниципальный район,2023-10
v2,0.5,Омутнинский муниципальный район,2024-01
v2,0.5,Омутнинский муниципальный район,2024-10
v2,0.5,Онгудайский муниципальный район,2023-07
v2,0.5,Онгудайский муниципальный район,2023-10
v2,0.5,Онгудайский муниципальный район,2024-01
v2,0.5,Онгудайский муниципальный район,2024-04
v2,0.5,Онежский муниципальный район,2023-07
v2,0.5,Онежский муниципальный район,2023-10
v2,0.5,Онежский муниципальный район,2024-01
v2,0.5,Онежский муниципальный район,2024-10
v2,0.5,Ононский муниципальный округ,2023-08
v2,0.5,Ононский муниципальный округ,2023-11
v2,0.5,Ононский муниципальный округ,2024-02
v2,0.5,Ононский муниципальный округ,2024-05
v2,0.5,Ононский муниципальный округ,2024-10
v2,0.5,Орджоникидзевский муниципальный район,2023-10
v2,0.5,Орджоникидзевский муниципальный район,2024-01
v2,0.5,Орджоникидзевский муниципальный район,2024-10
v2,0.5,Ордынский муниципальный район,2023-10
v2,0.5,Ордынский муниципальный район,2024-01
v2,0.5,Ордынский муниципальный район,2024-10
v2,0.5,Оричевский муниципальный район,2023-10
v2,0.5,Оричевский муниципальный район,2024-01
v2,0.5,Оричевский муниципальный район,2024-10
v2,0.5,Орловский муниципальный район,2023-06
v2,0.5,Орловский муниципальный район,2024-02
v2,0.5,Орловский муниципальный район,2024-05
v2,0.5,Орловский муниципальный район,2024-10
v2,0.5,Оршанский муниципальный район,2023-10
v2,0.5,Оршанский муниципальный район,2024-01
v2,0.5,Оршанский муниципальный район,2024-04
v2,0.5,Оршанский муниципальный район,2024-10
v2,0.5,Осинский муниципальный район,2023-10
v2,0.5,Осинский муниципальный район,2024-01
v2,0.5,Осинский муниципальный район,2024-10
v2,0.5,Островский муниципальный округ,2023-06
v2,0.5,Островский муниципальный округ,2023-10
v2,0.5,Островский муниципальный округ,2024-01
v2,0.5,Островский муниципальный округ,2024-10
v2,0.5,Островский муниципальный район,2023-10
v2,0.5,Островский муниципальный район,2024-01
v2,0.5,Островский муниципальный район,2024-10
v2,0.5,Охотский муниципальный округ,2023-10
v2,0.5,Охотский муниципальный округ,2024-01
v2,0.5,Охотский муниципальный округ,2024-05
v2,0.5,Охотский муниципальный округ,2024-10
v2,0.5,Павинский муниципальный округ,2023-08
v2,0.5,Павинский муниципальный округ,2023-11
v2,0.5,Павинский муниципальный округ,2024-02
v2,0.5,Павинский муниципальный округ,2024-05
v2,0.5,Павинский муниципальный округ,2024-10
v2,0.5,Павловский муниципальный округ,2023-10
v2,0.5,Павловский муниципальный округ,2024-01
v2,0.5,Павловский муниципальный округ,2024-10
v2,0.5,Павловский муниципальный район #1,2023-10
v2,0.5,Павловский муниципальный район #1,2024-01
v2,0.5,Павловский муниципальный район #1,2024-10
v2,0.5,Павловский муниципальный район #2,2023-09
v2,0.5,Павловский муниципальный район #2,2024-02
v2,0.5,Павловский муниципальный район #2,2024-05
v2,0.5,Павловский муниципальный район #2,2024-10
v2,0.5,Павлоградский муниципальный район,2023-10
v2,0.5,Павлоградский муниципальный район,2024-01
v2,0.5,Павлоградский муниципальный район,2024-10
v2,0.5,Палехский муниципальный район,2024-02
v2,0.5,Палехский муниципальный район,2024-05
v2,0.5,Палехский муниципальный район,2024-10
v2,0.5,Палласовский муниципальный район,2023-10
v2,0.5,Палласовский муниципальный район,2024-01
v2,0.5,Палласовский муниципальный район,2024-10
v2,0.5,Панкрушихинский муниципальный район,2023-07
v2,0.5,Панкрушихинский муниципальный район,2023-10
v2,0.5,Панкрушихинский муниципальный район,2024-01
v2,0.5,Панкрушихинский муниципальный район,2024-10
v2,0.5,Парабельский муниципальный район,2023-08
v2,0.5,Парабельский муниципальный район,2023-12
v2,0.5,Парабельский муниципальный район,2024-04
v2,0.5,Парабельский муниципальный район,2024-10
v2,0.5,Параньгинский муниципальный район,2023-11
v2,0.5,Параньгинский муниципальный район,2024-02
v2,0.5,Параньгинский муниципальный район,2024-05
v2,0.5,Параньгинский муниципальный район,2024-10
v2,0.5,Партизанский муниципальный округ,2023-10
v2,0.5,Партизанский муниципальный округ,2024-01
v2,0.5,Партизанский муниципальный округ,2024-10
v2,0.5,Партизанский муниципальный район,2023-06
v2,0.5,Партизанский муниципальный район,2023-10
v2,0.5,Партизанский муниципальный район,2024-01
v2,0.5,Партизанский муниципальный район,2024-10
v2,0.5,Парфеньевский муниципальный округ,2024-02
v2,0.5,Парфеньевский муниципальный округ,2024-05
v2,0.5,Парфеньевский муниципальный округ,2024-10
v2,0.5,Парфинский муниципальный район,2024-02
v2,0.5,Парфинский муниципальный район,2024-06
v2,0.5,Парфинский муниципальный район,2024-10
v2,0.5,Пачелмский муниципальный район,2023-10
v2,0.5,Пачелмский муниципальный район,2024-01
v2,0.5,Пачелмский муниципальный район,2024-10
v2,0.5,Пензенский муниципальный район,2023-10
v2,0.5,Пензенский муниципальный район,2024-01
v2,0.5,Пензенский муниципальный район,2024-10
v2,0.5,Первомайский муниципальный округ,2023-10
v2,0.5,Первомайский муниципальный округ,2024-01
v2,0.5,Первомайский муниципальный округ,2024-10
v2,0.5,Первомайский муниципальный район #1,2023-11
v2,0.5,Первомайский муниципальный район #1,2024-02
v2,0.5,Первомайский муниципальный район #1,2024-05
v2,0.5,Первомайский муниципальный район #1,2024-10
v2,0.5,Первомайский муниципальный район #2,2023-10
v2,0.5,Первомайский муниципальный район #2,2024-01
v2,0.5,Первомайский муниципальный район #2,2024-10
v2,0.5,Первомайский муниципальный район #3,2023-10
v2,0.5,Первомайский муниципальный район #3,2024-01
v2,0.5,Первомайский муниципальный район #3,2024-10
v2,0.5,Первомайский муниципальный район #4,2024-02
v2,0.5,Первомайский муниципальный район #4,2024-05
v2,0.5,Первомайский муниципальный район #4,2024-10
v2,0.5,Переволоцкий муниципальный район,2023-10
v2,0.5,Переволоцкий муниципальный район,2024-01
v2,0.5,Переволоцкий муниципальный район,2024-10
v2,0.5,Перелюбский муниципальный район,2023-10
v2,0.5,Перелюбский муниципальный район,2024-01
v2,0.5,Перелюбский муниципальный район,2024-10
v2,0.5,Перемышльский муниципальный район,2023-10
v2,0.5,Перемышльский муниципальный район,2024-01
v2,0.5,Перемышльский муниципальный район,2024-10
v2,0.5,Пестравский муниципальный район,2023-10
v2,0.5,Пестравский муниципальный район,2024-01
v2,0.5,Пестравский муниципальный район,2024-10
v2,0.5,Пестречинский муниципальный район,2023-10
v2,0.5,Пестречинский муниципальный район,2024-01
v2,0.5,Пестречинский муниципальный район,2024-10
v2,0.5,Пестяковский муниципальный район,2023-06
v2,0.5,Пестяковский муниципальный район,2023-11
v2,0.5,Пестяковский муниципальный район,2024-02
v2,0.5,Пестяковский муниципальный район,2024-05
v2,0.5,Пестяковский муниципальный район,2024-10
v2,0.5,Петровск-Забайкальский муниципальный район,2023-10
v2,0.5,Петровск-Забайкальский муниципальный район,2024-01
v2,0.5,Петровск-Забайкальский муниципальный район,2024-10
v2,0.5,Петровский муниципальный округ #1,2023-10
v2,0.5,Петровский муниципальный округ #1,2024-01
v2,0.5,Петровский муниципальный округ #1,2024-10
v2,0.5,Петровский муниципальный округ #2,2023-10
v2,0.5,Петровский муниципальный округ #2,2024-01
v2,0.5,Петровский муниципальный округ #2,2024-10
v2,0.5,Петровский муниципальный район,2023-10
v2,0.5,Петровский муниципальный район,2024-01
v2,0.5,Петровский муниципальный район,2024-10
v2,0.5,Петропавловский муниципальный район,2023-10
v2,0.5,Петропавловский муниципальный район,2024-01
v2,0.5,Петропавловский муниципальный район,2024-04
v2,0.5,Петропавловский муниципальный район,2024-10
v2,0.5,Петуховский муниципальный округ,2023-10
v2,0.5,Петуховский муниципальный округ,2024-01
v2,0.5,Петуховский муниципальный округ,2024-10
v2,0.5,Петушинский муниципальный район,2023-10
v2,0.5,Петушинский муниципальный район,2024-01
v2,0.5,Петушинский муниципальный район,2024-10
v2,0.5,Печенгский муниципальный округ,2023-07
v2,0.5,Печенгский муниципальный округ,2023-10
v2,0.5,Печенгский муниципальный округ,2024-01
v2,0.5,Печенгский муниципальный округ,2024-10
v2,0.5,Пий-Хемский муниципальный район,2023-07
v2,0.5,Пий-Хемский муниципальный район,2023-10
v2,0.5,Пий-Хемский муниципальный район,2024-01
v2,0.5,Пий-Хемский муниципальный район,2024-05
v2,0.5,Пий-Хемский муниципальный район,2024-08
v2,0.5,Пильнинский муниципальный округ,2023-10
v2,0.5,Пильнинский муниципальный округ,2024-01
v2,0.5,Пильнинский муниципальный округ,2024-10
v2,0.5,Пировский муниципальный округ,2023-12
v2,0.5,Пировский муниципальный округ,2024-04
v2,0.5,Пировский муниципальный округ,2024-10
v2,0.5,Пителинский муниципальный район,2023-11
v2,0.5,Пителинский муниципальный район,2024-02
v2,0.5,Пителинский муниципальный район,2024-05
v2,0.5,Пителинский муниципальный район,2024-10
v2,0.5,Питерский муниципальный район,2023-10
v2,0.5,Питерский муниципальный район,2024-01
v2,0.5,Питерский муниципальный район,2024-10
v2,0.5,Питкярантский муниципальный округ,2023-08
v2,0.5,Питкярантский муниципальный округ,2023-11
v2,0.5,Питкярантский муниципальный округ,2024-02
v2,0.5,Питкярантский муниципальный округ,2024-06
v2,0.5,Питкярантский муниципальный округ,2024-10
v2,0.5,Пичаевский муниципальный округ,2023-06
v2,0.5,Пичаевский муниципальный округ,2023-10
v2,0.5,Пичаевский муниципальный округ,2024-01
v2,0.5,Пичаевский муниципальный округ,2024-10
v2,0.5,Плавский муниципальный район,2023-10
v2,0.5,Плавский муниципальный район,2024-01
v2,0.5,Плавский муниципальный район,2024-10
v2,0.5,Пластовский муниципальный район,2023-10
v2,0.5,Пластовский муниципальный район,2024-01
v2,0.5,Пластовский муниципальный район,2024-10
v2,0.5,Плесецкий муниципальный округ,2023-06
v2,0.5,Плесецкий муниципальный округ,2023-10
v2,0.5,Плесецкий муниципальный округ,2024-01
v2,0.5,Плесецкий муниципальный округ,2024-10
v2,0.5,Плюсский муниципальный район,2023-11
v2,0.5,Плюсский муниципальный район,2024-02
v2,0.5,Плюсский муниципальный район,2024-07
v2,0.5,Плюсский муниципальный район,2024-10
v2,0.5,Пограничный муниципальный округ,2023-10
v2,0.5,Пограничный муниципальный округ,2024-01
v2,0.5,Пограничный муниципальный округ,2024-10
v2,0.5,Поддорский муниципальный район,2023-09
v2,0.5,Поддорский муниципальный район,2024-02
v2,0.5,Поддорский муниципальный район,2024-06
v2,0.5,Поддорский муниципальный район,2024-10
v2,0.5,Подосиновский муниципальный район,2023-08
v2,0.5,Подосиновский муниципальный район,2024-02
v2,0.5,Подосиновский муниципальный район,2024-05
v2,0.5,Подосиновский муниципальный район,2024-10
v2,0.5,Подпорожский муниципальный район,2023-07
v2,0.5,Подпорожский муниципальный район,2023-10
v2,0.5,Подпорожский муниципальный район,2024-01
v2,0.5,Подпорожский муниципальный район,2024-10
v2,0.5,Пожарский муниципальный округ,2023-10
v2,0.5,Пожарский муниципальный округ,2024-01
v2,0.5,Пожарский муниципальный округ,2024-10
v2,0.5,Покровский муниципальный район,2023-10
v2,0.5,Покровский муниципальный район,2024-01
v2,0.5,Покровский муниципальный район,2024-10
v2,0.5,Половинский муниципальный округ,2023-10
v2,0.5,Половинский муниципальный округ,2024-01
v2,0.5,Половинский муниципальный округ,2024-10
v2,0.5,Полтавский муниципальный район,2023-10
v2,0.5,Полтавский муниципальный район,2024-01
v2,0.5,Полтавский муниципальный район,2024-10
v2,0.5,Поназыревский муниципальный округ,2023-10
v2,0.5,Поназыревский муниципальный округ,2024-01
v2,0.5,Поназыревский муниципальный округ,2024-10
v2,0.5,Пономарёвский муниципальный район,2023-10
v2,0.5,Пономарёвский муниципальный район,2024-01
v2,0.5,Пономарёвский муниципальный район,2024-10
v2,0.5,Порецкий муниципальный округ,2024-02
v2,0.5,Порецкий муниципальный округ,2024-05
v2,0.5,Порецкий муниципальный округ,2024-10
v2,0.5,Порховский муниципальный район,2023-10
v2,0.5,Порховский муниципальный район,2024-01
v2,0.5,Порховский муниципальный район,2024-10
v2,0.5,Поспелихинский муниципальный район,2023-07
v2,0.5,Поспелихинский муниципальный район,2023-10
v2,0.5,Поспелихинский муниципальный район,2024-01
v2,0.5,Поспелихинский муниципальный район,2024-10
v2,0.5,Похвистневский муниципальный район,2023-06
v2,0.5,Похвистневский муниципальный район,2023-10
v2,0.5,Похвистневский муниципальный район,2024-02
v2,0.5,Похвистневский муниципальный район,2024-05
v2,0.5,Похвистневский муниципальный район,2024-10
v2,0.5,Починковский муниципальный округ,2023-08
v2,0.5,Починковский муниципальный округ,2024-02
v2,0.5,Починковский муниципальный округ,2024-05
v2,0.5,Починковский муниципальный округ,2024-10
v2,0.5,Починковский муниципальный район,2023-10
v2,0.5,Починковский муниципальный район,2024-01
v2,0.5,Починковский муниципальный район,2024-10
v2,0.5,Пошехонский муниципальный район,2023-10
v2,0.5,Пошехонский муниципальный район,2024-01
v2,0.5,Пошехонский муниципальный район,2024-10
v2,0.5,Правобережный муниципальный район,2023-07
v2,0.5,Правобережный муниципальный район,2024-01
v2,0.5,Правобережный муниципальный район,2024-04
v2,0.5,Правобережный муниципальный район,2024-10
v2,0.5,Предгорный муниципальный округ,2023-10
v2,0.5,Предгорный муниципальный округ,2024-01
v2,0.5,Предгорный муниципальный округ,2024-10
v2,0.5,Приаргунский муниципальный округ,2023-07
v2,0.5,Приаргунский муниципальный округ,2023-10
v2,0.5,Приаргунский муниципальный округ,2024-01
v2,0.5,Приаргунский муниципальный округ,2024-10
v2,0.5,Приволжский муниципальный район #1,2023-10
v2,0.5,Приволжский муниципальный район #1,2024-01
v2,0.5,Приволжский муниципальный район #1,2024-10
v2,0.5,Приволжский муниципальный район #2,2023-10
v2,0.5,Приволжский муниципальный район #2,2024-01
v2,0.5,Приволжский муниципальный район #2,2024-10
v2,0.5,Приволжский муниципальный район #3,2023-10
v2,0.5,Приволжский муниципальный район #3,2024-01
v2,0.5,Приволжский муниципальный район #3,2024-06
v2,0.5,Приволжский муниципальный район #3,2024-10
v2,0.5,Прилузский муниципальный район,2023-07
v2,0.5,Прилузский муниципальный район,2023-10
v2,0.5,Прилузский муниципальный район,2024-02
v2,0.5,Прилузский муниципальный район,2024-05
v2,0.5,Прилузский муниципальный район,2024-10
v2,0.5,Приморский муниципальный округ,2023-07
v2,0.5,Приморский муниципальный округ,2023-10
v2,0.5,Приморский муниципальный округ,2024-01
v2,0.5,Приморский муниципальный округ,2024-10
v2,0.5,Приозерский муниципальный район,2023-11
v2,0.5,Приозерский муниципальный район,2024-02
v2,0.5,Приозерский муниципальный район,2024-06
v2,0.5,Приозерский муниципальный район,2024-10
v2,0.5,Прионежский муниципальный район,2023-08
v2,0.5,Прионежский муниципальный район,2023-11
v2,0.5,Прионежский муниципальный район,2024-02
v2,0.5,Прионежский муниципальный район,2024-06
v2,0.5,Прионежский муниципальный район,2024-10
v2,0.5,Притобольный муниципальный округ,2023-05
v2,0.5,Притобольный муниципальный округ,2023-10
v2,0.5,Притобольный муниципальный округ,2024-01
v2,0.5,Притобольный муниципальный округ,2024-10
v2,0.5,Прокопьевский муниципальный округ,2023-10
v2,0.5,Прокопьевский муниципальный округ,2024-01
v2,0.5,Прокопьевский муниципальный округ,2024-10
v2,0.5,Промышленновский муниципальный округ,2023-08
v2,0.5,Промышленновский муниципальный округ,2023-11
v2,0.5,Промышленновский муниципальный округ,2024-02
v2,0.5,Промышленновский муниципальный округ,2024-07
v2,0.5,Промышленновский муниципальный округ,2024-10
v2,0.5,Пронский муниципальный район,2023-10
v2,0.5,Пронский муниципальный район,2024-01
v2,0.5,Пронский муниципальный район,2024-10
v2,0.5,Пряжинский муниципальный район,2024-02
v2,0.5,Пряжинский муниципальный район,2024-06
v2,0.5,Пряжинский муниципальный район,2024-10
v2,0.5,Псковский муниципальный район,2023-10
v2,0.5,Псковский муниципальный район,2024-01
v2,0.5,Псковский муниципальный район,2024-10
v2,0.5,Пугачевский муниципальный район,2023-10
v2,0.5,Пугачевский муниципальный район,2024-01
v2,0.5,Пугачевский муниципальный район,2024-10
v2,0.5,Пудожский муниципальный район,2023-06
v2,0.5,Пудожский муниципальный район,2023-10
v2,0.5,Пудожский муниципальный район,2024-01
v2,0.5,Пудожский муниципальный район,2024-10
v2,0.5,Пустошкинский муниципальный район,2023-10
v2,0.5,Пустошкинский муниципальный район,2024-01
v2,0.5,Пустошкинский муниципальный район,2024-10
v2,0.5,Путятинский муниципальный округ,2024-02
v2,0.5,Путятинский муниципальный округ,2024-05
v2,0.5,Путятинский муниципальный округ,2024-10
v2,0.5,Пучежский муниципальный район,2023-10
v2,0.5,Пучежский муниципальный район,2024-01
v2,0.5,Пучежский муниципальный район,2024-10
v2,0.5,Пушкиногорский муниципальный район,2023-10
v2,0.5,Пушкиногорский муниципальный район,2024-01
v2,0.5,Пушкиногорский муниципальный район,2024-10
v2,0.5,Пыщугский муниципальный округ,2023-06
v2,0.5,Пыщугский муниципальный округ,2023-11
v2,0.5,Пыщугский муниципальный округ,2024-02
v2,0.5,Пыщугский муниципальный округ,2024-05
v2,0.5,Пыщугский муниципальный округ,2024-10
v2,0.5,Радищевский муниципальный район,2023-10
v2,0.5,Радищевский муниципальный район,2024-01
v2,0.5,Радищевский муниципальный район,2024-10
v2,0.5,Ребрихинский муниципальный район,2024-02
v2,0.5,Ребрихинский муниципальный район,2024-05
v2,0.5,Ребрихинский муниципальный район,2024-10
v2,0.5,Ржаксинский муниципальный округ,2023-10
v2,0.5,Ржаксинский муниципальный округ,2024-01
v2,0.5,Ржаксинский муниципальный округ,2024-10
v2,0.5,Ровенский муниципальный район,2023-10
v2,0.5,Ровенский муниципальный район,2024-01
v2,0.5,Ровенский муниципальный район,2024-05
v2,0.5,Ровенский муниципальный район,2024-10
v2,0.5,Родинский муниципальный район,2023-07
v2,0.5,Родинский муниципальный район,2023-10
v2,0.5,Родинский муниципальный район,2024-01
v2,0.5,Родинский муниципальный район,2024-10
v2,0.5,Родниковский муниципальный район,2023-10
v2,0.5,Родниковский муниципальный район,2024-01
v2,0.5,Родниковский муниципальный район,2024-10
v2,0.5,Романовский муниципальный район #1,2023-10
v2,0.5,Романовский муниципальный район #1,2024-01
v2,0.5,Романовский муниципальный район #1,2024-10
v2,0.5,Романовский муниципальный район #2,2023-10
v2,0.5,Романовский муниципальный район #2,2024-01
v2,0.5,Романовский муниципальный район #2,2024-04
v2,0.5,Романовский муниципальный район #2,2024-10
v2,0.5,Ромненский муниципальный округ,2023-10
v2,0.5,Ромненский муниципальный округ,2024-01
v2,0.5,Ромненский муниципальный округ,2024-10
v2,0.5,Ромодановский муниципальный район,2023-10
v2,0.5,Ромодановский муниципальный район,2024-01
v2,0.5,Рославльский муниципальный район,2023-10
v2,0.5,Рославльский муниципальный район,2024-01
v2,0.5,Рославльский муниципальный район,2024-10
v2,0.5,Ростовский муниципальный район,2023-10
v2,0.5,Ростовский муниципальный район,2024-01
v2,0.5,Ростовский муниципальный район,2024-10
v2,0.5,Ртищевский муниципальный район,2023-10
v2,0.5,Ртищевский муниципальный район,2024-01
v2,0.5,Ртищевский муниципальный район,2024-10
v2,0.5,Руднянский муниципальный район #1,2023-10
v2,0.5,Руднянский муниципальный район #1,2024-01
v2,0.5,Руднянский муниципальный район #1,2024-10
v2,0.5,Руднянский муниципальный район #2,2024-02
v2,0.5,Руднянский муниципальный район #2,2024-06
v2,0.5,Руднянский муниципальный район #2,2024-10
v2,0.5,Рузаевский муниципальный район,2023-10
v2,0.5,Рузаевский муниципальный район,2024-01
v2,0.5,Рузаевский муниципальный район,2024-10
v2,0.5,Русско-Полянский муниципальный район,2023-10
v2,0.5,Русско-Полянский муниципальный район,2024-01
v2,0.5,Русско-Полянский муниципальный район,2024-10
v2,0.5,Рыбинский муниципальный район #1,2023-10
v2,0.5,Рыбинский муниципальный район #1,2024-01
v2,0.5,Рыбинский муниципальный район #1,2024-10
v2,0.5,Рыбинский муниципальный район #2,2023-10
v2,0.5,Рыбинский муниципальный район #2,2024-01
v2,0.5,Рыбинский муниципальный район #2,2024-07
v2,0.5,Рыбинский муниципальный район #2,2024-10
v2,0.5,Рыбно-Слободский муниципальный район,2023-10
v2,0.5,Рыбно-Слободский муниципальный район,2024-01
v2,0.5,Рыбно-Слободский муниципальный район,2024-10
v2,0.5,Рыбновский муниципальный район,2023-10
v2,0.5,Рыбновский муниципальный район,2024-01
v2,0.5,Рыбновский муниципальный район,2024-10
v2,0.5,Ряжский муниципальный округ,2023-10
v2,0.5,Ряжский муниципальный округ,2024-01
v2,0.5,Ряжский муниципальный округ,2024-10
v2,0.5,Рязанский муниципальный район,2023-10
v2,0.5,Рязанский муниципальный район,2024-01
v2,0.5,Рязанский муниципальный район,2024-10
v2,0.5,Сабинский муниципальный район,2023-10
v2,0.5,Сабинский муниципальный район,2024-01
v2,0.5,Сабинский муниципальный район,2024-10
v2,0.5,Савинский муниципальный район,2023-10
v2,0.5,Савинский муниципальный район,2024-01
v2,0.5,Савинский муниципальный район,2024-10
v2,0.5,Сакмарский муниципальный район,2023-10
v2,0.5,Сакмарский муниципальный район,2024-01
v2,0.5,Сакмарский муниципальный район,2024-10
v2,0.5,Салаватский муниципальный район,2023-10
v2,0.5,Салаватский муниципальный район,2024-01
v2,0.5,Салаватский муниципальный район,2024-10
v2,0.5,Самойловский муниципальный район,2023-10
v2,0.5,Самойловский муниципальный район,2024-01
v2,0.5,Самойловский муниципальный район,2024-10
v2,0.5,Сампурский муниципальный округ,2023-10
v2,0.5,Сампурский муниципальный округ,2024-01
v2,0.5,Сампурский муниципальный округ,2024-10
v2,0.5,Сапожковский муниципальный район,2023-10
v2,0.5,Сапожковский муниципальный район,2024-01
v2,0.5,Сапожковский муниципальный район,2024-10
v2,0.5,Сараевский муниципальный район,2023-10
v2,0.5,Сараевский муниципальный район,2024-01
v2,0.5,Сараевский муниципальный район,2024-10
v2,0.5,Саракташский муниципальный район,2023-10
v2,0.5,Саракташский муниципальный район,2024-01
v2,0.5,Саракташский муниципальный район,2024-10
v2,0.5,Саргатский муниципальный район,2023-10
v2,0.5,Саргатский муниципальный район,2024-01
v2,0.5,Саргатский муниципальный район,2024-10
v2,0.5,Сармановский муниципальный район,2023-10
v2,0.5,Сармановский муниципальный район,2024-01
v2,0.5,Сармановский муниципальный район,2024-10
v2,0.5,Сарпинский муниципальный район,2023-10
v2,0.5,Сарпинский муниципальный район,2024-01
v2,0.5,Сарпинский муниципальный район,2024-06
v2,0.5,Сарпинский муниципальный район,2024-09
v2,0.5,Саткинский муниципальный район,2023-10
v2,0.5,Саткинский муниципальный район,2024-01
v2,0.5,Саткинский муниципальный район,2024-10
v2,0.5,Сафакулевский муниципальный округ,2023-10
v2,0.5,Сафакулевский муниципальный округ,2024-01
v2,0.5,Сафакулевский муниципальный округ,2024-10
v2,0.5,Сафоновский муниципальный район,2023-10
v2,0.5,Сафоновский муниципальный район,2024-01
v2,0.5,Сафоновский муниципальный район,2024-10
v2,0.5,Саянский муниципальный район,2023-08
v2,0.5,Саянский муниципальный район,2024-02
v2,0.5,Саянский муниципальный район,2024-06
v2,0.5,Саянский муниципальный район,2024-10
v2,0.5,Свердловский муниципальный район,2023-12
v2,0.5,Свердловский муниципальный район,2024-04
v2,0.5,Свердловский муниципальный район,2024-10
v2,0.5,Светлинский муниципальный район,2023-07
v2,0.5,Светлинский муниципальный район,2023-10
v2,0.5,Светлинский муниципальный район,2024-01
v2,0.5,Светлинский муниципальный район,2024-10
v2,0.5,Светлоярский муниципальный район,2023-10
v2,0.5,Светлоярский муниципальный район,2024-01
v2,0.5,Светлоярский муниципальный район,2024-10
v2,0.5,Свободненский муниципальный район,2023-10
v2,0.5,Свободненский муниципальный район,2024-01
v2,0.5,Свободненский муниципальный район,2024-10
v2,0.5,Себежский муниципальный район,2023-10
v2,0.5,Себежский муниципальный район,2024-01
v2,0.5,Себежский муниципальный район,2024-10
v2,0.5,Северный муниципальный район #1,2023-05
v2,0.5,Северный муниципальный район #1,2023-10
v2,0.5,Северный муниципальный район #1,2024-01
v2,0.5,Северный муниципальный район #1,2024-10
v2,0.5,Северный муниципальный район #2,2023-06
v2,0.5,Северный муниципальный район #2,2023-10
v2,0.5,Северный муниципальный район #2,2024-01
v2,0.5,Северный муниципальный район #2,2024-10
v2,0.5,Северо-Енисейский муниципальный район,2023-08
v2,0.5,Северо-Енисейский муниципальный район,2024-02
v2,0.5,Северо-Енисейский муниципальный район,2024-06
v2,0.5,Северо-Енисейский муниципальный район,2024-10
v2,0.5,Сегежский муниципальный округ,2023-06
v2,0.5,Сегежский муниципальный округ,2023-10
v2,0.5,Сегежский муниципальный округ,2024-01
v2,0.5,Сегежский муниципальный округ,2024-07
v2,0.5,Сегежский муниципальный округ,2024-10
v2,0.5,Седельниковский муниципальный район,2023-08
v2,0.5,Седельниковский муниципальный район,2024-02
v2,0.5,Седельниковский муниципальный район,2024-05
v2,0.5,Седельниковский муниципальный район,2024-10
v2,0.5,Селемджинский муниципальный район,2023-10
v2,0.5,Селемджинский муниципальный район,2024-01
v2,0.5,Селемджинский муниципальный район,2024-10
v2,0.5,Селивановский муниципальный район,2023-10
v2,0.5,Селивановский муниципальный район,2024-01
v2,0.5,Селивановский муниципальный район,2024-10
v2,0.5,Сенгилеевский муниципальный район,2023-10
v2,0.5,Сенгилеевский муниципальный район,2024-01
v2,0.5,Сенгилеевский муниципальный район,2024-10
v2,0.5,Серафимовичский муниципальный район,2023-10
v2,0.5,Серафимовичский муниципальный район,2024-01
v2,0.5,Серафимовичский муниципальный район,2024-10
v2,0.5,Сергачский муниципальный округ,2023-10
v2,0.5,Сергачский муниципальный округ,2024-01
v2,0.5,Сергачский муниципальный округ,2024-10
v2,0.5,Сергиевский муниципальный район,2023-10
v2,0.5,Сергиевский муниципальный район,2024-01
v2,0.5,Сергиевский муниципальный район,2024-10
v2,0.5,Сердобский муниципальный район,2023-10
v2,0.5,Сердобский муниципальный район,2024-01
v2,0.5,Сердобский муниципальный район,2024-10
v2,0.5,Сернурский муниципальный район,2023-10
v2,0.5,Сернурский муниципальный район,2024-01
v2,0.5,Сернурский муниципальный район,2024-10
v2,0.5,Серышевский муниципальный округ,2023-10
v2,0.5,Серышевский муниципальный округ,2024-01
v2,0.5,Серышевский муниципальный округ,2024-10
v2,0.5,Сеченовский муниципальный округ,2023-10
v2,0.5,Сеченовский муниципальный округ,2024-01
v2,0.5,Сеченовский муниципальный округ,2024-10
v2,0.5,Сковородинский муниципальный округ,2023-10
v2,0.5,Сковородинский муниципальный округ,2024-01
v2,0.5,Сковородинский муниципальный округ,2024-10
v2,0.5,Сладковский муниципальный район,2023-10
v2,0.5,Сладковский муниципальный район,2024-01
v2,0.5,Сладковский муниципальный район,2024-10
v2,0.5,Сланцевский муниципальный район,2023-11
v2,0.5,Сланцевский муниципальный район,2024-02
v2,0.5,Сланцевский муниципальный район,2024-06
v2,0.5,Сланцевский муниципальный район,2024-10
v2,0.5,Слободо-Туринский муниципальный район,2023-10
v2,0.5,Слободо-Туринский муниципальный район,2024-01
v2,0.5,Слободо-Туринский муниципальный район,2024-10
v2,0.5,Слободской муниципальный район,2023-11
v2,0.5,Слободской муниципальный район,2024-02
v2,0.5,Слободской муниципальный район,2024-05
v2,0.5,Слободской муниципальный район,2024-10
v2,0.5,Слюдянский муниципальный район,2023-10
v2,0.5,Слюдянский муниципальный район,2024-01
v2,0.5,Слюдянский муниципальный район,2024-10
v2,0.5,Смидовичский муниципальный район,2023-10
v2,0.5,Смидовичский муниципальный район,2024-01
v2,0.5,Смидовичский муниципальный район,2024-10
v2,0.5,Смоленский муниципальный район #1,2023-10
v2,0.5,Смоленский муниципальный район #1,2024-01
v2,0.5,Смоленский муниципальный район #1,2024-10
v2,0.5,Смоленский муниципальный район #2,2023-07
v2,0.5,Смоленский муниципальный район #2,2023-10
v2,0.5,Смоленский муниципальный район #2,2024-01
v2,0.5,Смоленский муниципальный район #2,2024-10
v2,0.5,Собинский муниципальный район,2023-10
v2,0.5,Собинский муниципальный район,2024-01
v2,0.5,Собинский муниципальный район,2024-10
v2,0.5,Соболевский муниципальный район,2023-05
v2,0.5,Соболевский муниципальный район,2023-08
v2,0.5,Соболевский муниципальный район,2023-11
v2,0.5,Соболевский муниципальный район,2024-02
v2,0.5,Соболевский муниципальный район,2024-08
v2,0.5,Советский муниципальный округ,2023-10
v2,0.5,Советский муниципальный округ,2024-01
v2,0.5,Советский муниципальный округ,2024-10
v2,0.5,Советский муниципальный район #1,2023-11
v2,0.5,Советский муниципальный район #1,2024-02
v2,0.5,Советский муниципальный район #1,2024-05
v2,0.5,Советский муниципальный район #1,2024-10
v2,0.5,Советский муниципальный район #2,2024-02
v2,0.5,Советский муниципальный район #2,2024-07
v2,0.5,Советский муниципальный район #2,2024-10
v2,0.5,Советский муниципальный район #3,2023-10
v2,0.5,Советский муниципальный район #3,2024-01
v2,0.5,Советский муниципальный район #3,2024-10
v2,0.5,Советский муниципальный район #4,2024-02
v2,0.5,Советский муниципальный район #4,2024-06
v2,0.5,Советский муниципальный район #4,2024-10
v2,0.5,Советский муниципальный район #5,2023-08
v2,0.5,Советский муниципальный район #5,2023-12
v2,0.5,Советский муниципальный район #5,2024-07
v2,0.5,Советский муниципальный район #5,2024-10
v2,0.5,Советско-Гаванский муниципальный район,2023-07
v2,0.5,Советско-Гаванский муниципальный район,2023-10
v2,0.5,Советско-Гаванский муниципальный район,2024-01
v2,0.5,Советско-Гаванский муниципальный район,2024-10
v2,0.5,Сокольский муниципальный округ,2023-10
v2,0.5,Сокольский муниципальный округ,2024-01
v2,0.5,Сокольский муниципальный округ,2024-10
v2,0.5,Солигаличский муниципальный округ,2024-02
v2,0.5,Солигаличский муниципальный округ,2024-05
v2,0.5,Солигаличский муниципальный округ,2024-10
v2,0.5,Солнечный муниципальный район,2023-10
v2,0.5,Солнечный муниципальный район,2024-01
v2,0.5,Солнечный муниципальный район,2024-10
v2,0.5,Солонешенский муниципальный район,2023-08
v2,0.5,Солонешенский муниципальный район,2024-02
v2,0.5,Солонешенский муниципальный район,2024-06
v2,0.5,Солонешенский муниципальный район,2024-10
v2,0.5,Солтонский муниципальный район,2023-10
v2,0.5,Солтонский муниципальный район,2024-01
v2,0.5,Солтонский муниципальный район,2024-10
v2,0.5,Сорокинский муниципальный район,2023-10
v2,0.5,Сорокинский муниципальный район,2024-01
v2,0.5,Сорокинский муниципальный район,2024-10
v2,0.5,Сортавальский муниципальный район,2023-10
v2,0.5,Сортавальский муниципальный район,2024-01
v2,0.5,Сортавальский муниципальный район,2024-05
v2,0.5,Сортавальский муниципальный район,2024-10
v2,0.5,Сосновоборский муниципальный район,2023-10
v2,0.5,Сосновоборский муниципальный район,2024-01
v2,0.5,Сосновоборский муниципальный район,2024-05
v2,0.5,Сосновоборский муниципальный район,2024-10
v2,0.5,Сосновский муниципальный округ #1,2023-11
v2,0.5,Сосновский муниципальный округ #1,2024-02
v2,0.5,Сосновский муниципальный округ #1,2024-05
v2,0.5,Сосновский муниципальный округ #1,2024-10
v2,0.5,Сосновский муниципальный округ #2,2023-10
v2,0.5,Сосновский муниципальный округ #2,2024-01
v2,0.5,Сосновский муниципальный округ #2,2024-10
v2,0.5,Сосновский муниципальный район,2023-10
v2,0.5,Сосновский муниципальный район,2024-01
v2,0.5,Сосновский муниципальный район,2024-10
v2,0.5,Спас-Деменский муниципальный район,2023-07
v2,0.5,Спас-Деменский муниципальный район,2023-11
v2,0.5,Спас-Деменский муниципальный район,2024-04
v2,0.5,Спас-Деменский муниципальный район,2024-10
v2,0.5,Спасский муниципальный округ,2024-02
v2,0.5,Спасский муниципальный округ,2024-05
v2,0.5,Спасский муниципальный округ,2024-10
v2,0.5,Спасский муниципальный район #1,2024-02
v2,0.5,Спасский муниципальный район #1,2024-05
v2,0.5,Спасский муниципальный район #1,2024-10
v2,0.5,Спасский муниципальный район #2,2023-10
v2,0.5,Спасский муниципальный район #2,2024-01
v2,0.5,Спасский муниципальный район #2,2024-10
v2,0.5,Спасский муниципальный район #3,2023-10
v2,0.5,Спасский муниципальный район #3,2024-01
v2,0.5,Спасский муниципальный район #3,2024-10
v2,0.5,Спасский муниципальный район #4,2023-10
v2,0.5,Спасский муниципальный район #4,2024-01
v2,0.5,Спасский муниципальный район #4,2024-10
v2,0.5,Среднеахтубинский муниципальный район,2023-10
v2,0.5,Среднеахтубинский муниципальный район,2024-01
v2,0.5,Среднеахтубинский муниципальный район,2024-10
v2,0.5,Среднеколымский муниципальный район,2023-09
v2,0.5,Среднеколымский муниципальный район,2023-12
v2,0.5,Среднеколымский муниципальный район,2024-07
v2,0.5,Среднеколымский муниципальный район,2024-10
v2,0.5,Сретенский муниципальный район,2023-07
v2,0.5,Сретенский муниципальный район,2023-10
v2,0.5,Сретенский муниципальный район,2024-01
v2,0.5,Сретенский муниципальный район,2024-10
v2,0.5,Ставропольский муниципальный район,2023-10
v2,0.5,Ставропольский муниципальный район,2024-01
v2,0.5,Ставропольский муниципальный район,2024-10
v2,0.5,Становлянский муниципальный район,2023-10
v2,0.5,Становлянский муниципальный район,2024-01
v2,0.5,Становлянский муниципальный район,2024-06
v2,0.5,Старожиловский муниципальный район,2023-10
v2,0.5,Старожиловский муниципальный район,2024-04
v2,0.5,Старожиловский муниципальный район,2024-10
v2,0.5,Старокулаткинский муниципальный район,2024-02
v2,0.5,Старокулаткинский муниципальный район,2024-05
v2,0.5,Старокулаткинский муниципальный район,2024-10
v2,0.5,Старомайнский муниципальный район,2024-02
v2,0.5,Старомайнский муниципальный район,2024-05
v2,0.5,Старомайнский муниципальный район,2024-10
v2,0.5,Старополтавский муниципальный район,2023-10
v2,0.5,Старополтавский муниципальный район,2024-01
v2,0.5,Старополтавский муниципальный район,2024-10
v2,0.5,Старорусский муниципальный район,2023-10
v2,0.5,Старорусский муниципальный район,2024-01
v2,0.5,Старорусский муниципальный район,2024-10
v2,0.5,Старошайговский муниципальный район,2023-11
v2,0.5,Старошайговский муниципальный район,2024-02
v2,0.5,Старошайговский муниципальный район,2024-05
v2,0.5,Старошайговский муниципальный район,2024-10
v2,0.5,Староюрьевский муниципальный округ,2023-10
v2,0.5,Староюрьевский муниципальный округ,2024-01
v2,0.5,Староюрьевский муниципальный округ,2024-10
v2,0.5,Степновский муниципальный округ,2023-10
v2,0.5,Степновский муниципальный округ,2024-01
v2,0.5,Степновский муниципальный округ,2024-06
v2,0.5,Степновский муниципальный округ,2024-09
v2,0.5,Стерлибашевский муниципальный район,2023-10
v2,0.5,Стерлибашевский муниципальный район,2024-01
v2,0.5,Стерлибашевский муниципальный район,2024-05
v2,0.5,Стерлибашевский муниципальный район,2024-10
v2,0.5,Стерлитамакский муниципальный район,2023-10
v2,0.5,Стерлитамакский муниципальный район,2024-01
v2,0.5,Стерлитамакский муниципальный район,2024-10
v2,0.5,Суворовский муниципальный район,2023-10
v2,0.5,Суворовский муниципальный район,2024-01
v2,0.5,Суворовский муниципальный район,2024-10
v2,0.5,Судиславский муниципальный район,2023-10
v2,0.5,Судиславский муниципальный район,2024-01
v2,0.5,Судиславский муниципальный район,2024-10
v2,0.5,Судогодский муниципальный район,2023-10
v2,0.5,Судогодский муниципальный район,2024-01
v2,0.5,Судогодский муниципальный район,2024-10
v2,0.5,Суздальский муниципальный район,2023-10
v2,0.5,Суздальский муниципальный район,2024-01
v2,0.5,Суздальский муниципальный район,2024-10
v2,0.5,Сузунский муниципальный район,2023-07
v2,0.5,Сузунский муниципальный район,2023-10
v2,0.5,Сузунский муниципальный район,2024-01
v2,0.5,Сузунский муниципальный район,2024-10
v2,0.5,Сунский муниципальный район,2023-10
v2,0.5,Сунский муниципальный район,2024-01
v2,0.5,Сунский муниципальный район,2024-10
v2,0.5,Сунтарский муниципальный район,2023-09
v2,0.5,Сунтарский муниципальный район,2023-12
v2,0.5,Сунтарский муниципальный район,2024-07
v2,0.5,Сунтарский муниципальный район,2024-10
v2,0.5,Суоярвский муниципальный округ,2023-06
v2,0.5,Суоярвский муниципальный округ,2023-10
v2,0.5,Суоярвский муниципальный округ,2024-02
v2,0.5,Суоярвский муниципальный округ,2024-06
v2,0.5,Суоярвский муниципальный округ,2024-10
v2,0.5,Сургутский муниципальный район,2023-07
v2,0.5,Сургутский муниципальный район,2023-10
v2,0.5,Сургутский муниципальный район,2024-01
v2,0.5,Сургутский муниципальный район,2024-07
v2,0.5,Сургутский муниципальный район,2024-10
v2,0.5,Суровикинский муниципальный район,2023-10
v2,0.5,Суровикинский муниципальный район,2024-01
v2,0.5,Суровикинский муниципальный район,2024-10
v2,0.5,Сурский муниципальный район,2023-10
v2,0.5,Сурский муниципальный район,2024-01
v2,0.5,Сурский муниципальный район,2024-10
v2,0.5,Сусанинский муниципальный район,2023-10
v2,0.5,Сусанинский муниципальный район,2024-01
v2,0.5,Сусанинский муниципальный район,2024-10
v2,0.5,Сухиничский муниципальный район,2023-10
v2,0.5,Сухиничский муниципальный район,2024-01
v2,0.5,Сухиничский муниципальный район,2024-10
v2,0.5,Сухобузимский муниципальный район,2023-10
v2,0.5,Сухобузимский муниципальный район,2024-01
v2,0.5,Сухобузимский муниципальный район,2024-10
v2,0.5,Сызранский муниципальный район,2024-01
v2,0.5,Сызранский муниципальный район,2024-10
v2,0.5,Сыктывдинский муниципальный район,2023-09
v2,0.5,Сыктывдинский муниципальный район,2024-02
v2,0.5,Сыктывдинский муниципальный район,2024-06
v2,0.5,Сыктывдинский муниципальный район,2024-10
v2,0.5,Сысольский муниципальный район,2024-02
v2,0.5,Сысольский муниципальный район,2024-06
v2,0.5,Сысольский муниципальный район,2024-10
v2,0.5,Сычевский муниципальный район,2023-10
v2,0.5,Сычевский муниципальный район,2024-01
v2,0.5,Сычевский муниципальный район,2024-10
v2,0.5,Сямженский муниципальный округ,2023-06
v2,0.5,Сямженский муниципальный округ,2023-10
v2,0.5,Сямженский муниципальный округ,2024-02
v2,0.5,Сямженский муниципальный округ,2024-07
v2,0.5,Сямженский муниципальный округ,2024-10
v2,0.5,Таборинский муниципальный район,2023-10
v2,0.5,Таборинский муниципальный район,2024-01
v2,0.5,Таборинский муниципальный район,2024-10
v2,0.5,Табунский муниципальный район,2023-10
v2,0.5,Табунский муниципальный район,2024-01
v2,0.5,Табунский муниципальный район,2024-10
v2,0.5,Таврический муниципальный район,2023-10
v2,0.5,Таврический муниципальный район,2024-01
v2,0.5,Таврический муниципальный район,2024-10
v2,0.5,Таймырский Долгано-Ненецкий муниципальный район,2023-08
v2,0.5,Таймырский Долгано-Ненецкий муниципальный район,2023-11
v2,0.5,Таймырский Долгано-Ненецкий муниципальный район,2024-02
v2,0.5,Таймырский Долгано-Ненецкий муниципальный район,2024-07
v2,0.5,Таймырский Долгано-Ненецкий муниципальный район,2024-10
v2,0.5,Тайшетский муниципальный район,2024-02
v2,0.5,Тайшетский муниципальный район,2024-05
v2,0.5,Тайшетский муниципальный район,2024-10
v2,0.5,Тальменский муниципальный район,2023-10
v2,0.5,Тальменский муниципальный район,2024-01
v2,0.5,Тальменский муниципальный район,2024-10
v2,0.5,Тамалинский муниципальный район,2023-10
v2,0.5,Тамалинский муниципальный район,2024-01
v2,0.5,Тамалинский муниципальный район,2024-10
v2,0.5,Тандинский муниципальный район,2023-10
v2,0.5,Тандинский муниципальный район,2024-01
v2,0.5,Тандинский муниципальный район,2024-10
v2,0.5,Тарногский муниципальный округ,2023-10
v2,0.5,Тарногский муниципальный округ,2024-01
v2,0.5,Тарногский муниципальный округ,2024-10
v2,0.5,Тарский муниципальный район,2023-10
v2,0.5,Тарский муниципальный район,2024-01
v2,0.5,Тарский муниципальный район,2024-10
v2,0.5,Тарусский муниципальный район,2023-10
v2,0.5,Тарусский муниципальный район,2024-01
v2,0.5,Тарусский муниципальный район,2024-10
v2,0.5,Тасеевский муниципальный район,2023-06
v2,0.5,Тасеевский муниципальный район,2023-10
v2,0.5,Тасеевский муниципальный район,2024-01
v2,0.5,Тасеевский муниципальный район,2024-10
v2,0.5,Татарский муниципальный район,2023-07
v2,0.5,Татарский муниципальный район,2023-10
v2,0.5,Татарский муниципальный район,2024-01
v2,0.5,Татарский муниципальный район,2024-10
v2,0.5,Татищевский муниципальный район,2023-10
v2,0.5,Татищевский муниципальный район,2024-01
v2,0.5,Татищевский муниципальный район,2024-10
v2,0.5,Таттинский муниципальный район,2023-09
v2,0.5,Таттинский муниципальный район,2023-12
v2,0.5,Таттинский муниципальный район,2024-07
v2,0.5,Таттинский муниципальный район,2024-10
v2,0.5,Татышлинский муниципальный район,2023-10
v2,0.5,Татышлинский муниципальный район,2024-01
v2,0.5,Татышлинский муниципальный район,2024-10
v2,0.5,Тахтамукайский муниципальный район,2024-01
v2,0.5,Тахтамукайский муниципальный район,2024-10
v2,0.5,Ташлинский муниципальный район,2023-10
v2,0.5,Ташлинский муниципальный район,2024-01
v2,0.5,Ташлинский муниципальный район,2024-10
v2,0.5,Таштагольский муниципальный район,2024-02
v2,0.5,Таштагольский муниципальный район,2024-07
v2,0.5,Таштагольский муниципальный район,2024-10
v2,0.5,Таштыпский муниципальный район,2024-02
v2,0.5,Таштыпский муниципальный район,2024-07
v2,0.5,Таштыпский муниципальный район,2024-10
v2,0.5,Тевризский муниципальный район,2023-10
v2,0.5,Тевризский муниципальный район,2024-01
v2,0.5,Тевризский муниципальный район,2024-10
v2,0.5,Тегульдетский муниципальный район,2023-10
v2,0.5,Тегульдетский муниципальный район,2024-01
v2,0.5,Тегульдетский муниципальный район,2024-10
v2,0.5,Тейковский муниципальный район,2023-10
v2,0.5,Тейковский муниципальный район,2024-01
v2,0.5,Тейковский муниципальный район,2024-10
v2,0.5,Темкинский муниципальный район,2023-10
v2,0.5,Темкинский муниципальный район,2024-01
v2,0.5,Темкинский муниципальный район,2024-05
v2,0.5,Темкинский муниципальный район,2024-10
v2,0.5,Темниковский муниципальный район,2023-10
v2,0.5,Темниковский муниципальный район,2024-01
v2,0.5,Темниковский муниципальный район,2024-10
v2,0.5,Теньгушевский муниципальный район,2023-10
v2,0.5,Теньгушевский муниципальный район,2024-01
v2,0.5,Теньгушевский муниципальный район,2024-10
v2,0.5,Тепло-Огаревский муниципальный район,2023-10
v2,0.5,Тепло-Огаревский муниципальный район,2024-01
v2,0.5,Тепло-Огаревский муниципальный район,2024-10
v2,0.5,Тербунский муниципальный район,2023-10
v2,0.5,Тербунский муниципальный район,2024-01
v2,0.5,Тербунский муниципальный район,2024-10
v2,0.5,Тереньгульский муниципальный район,2023-08
v2,0.5,Тереньгульский муниципальный район,2023-11
v2,0.5,Тереньгульский муниципальный район,2024-07
v2,0.5,Тереньгульский муниципальный район,2024-10
v2,0.5,Тернейский муниципальный округ,2023-06
v2,0.5,Тернейский муниципальный округ,2023-10
v2,0.5,Тернейский муниципальный округ,2024-01
v2,0.5,Тернейский муниципальный округ,2024-10
v2,0.5,Терский муниципальный район #1,2023-07
v2,0.5,Терский муниципальный район #1,2023-10
v2,0.5,Терский муниципальный район #1,2024-01
v2,0.5,Терский муниципальный район #1,2024-07
v2,0.5,Терский муниципальный район #1,2024-10
v2,0.5,Тетюшский муниципальный район,2023-10
v2,0.5,Тетюшский муниципальный район,2024-01
v2,0.5,Тетюшский муниципальный район,2024-10
v2,0.5,Теучежский муниципальный район,2023-05
v2,0.5,Теучежский муниципальный район,2023-10
v2,0.5,Теучежский муниципальный район,2024-01
v2,0.5,Теучежский муниципальный район,2024-04
v2,0.5,Теучежский муниципальный район,2024-10
v2,0.5,Тигильский муниципальный район,2023-08
v2,0.5,Тигильский муниципальный район,2024-02
v2,0.5,Тигильский муниципальный район,2024-08
v2,0.5,Тисульский муниципальный округ,2023-06
v2,0.5,Тисульский муниципальный округ,2023-10
v2,0.5,Тисульский муниципальный округ,2024-01
v2,0.5,Тисульский муниципальный округ,2024-10
v2,0.5,Тихвинский муниципальный район,2023-06
v2,0.5,Тихвинский муниципальный район,2023-10
v2,0.5,Тихвинский муниципальный район,2024-01
v2,0.5,Тихвинский муниципальный район,2024-10
v2,0.5,Тогульский муниципальный район,2023-10
v2,0.5,Тогульский муниципальный район,2024-01
v2,0.5,Тогульский муниципальный район,2024-10
v2,0.5,Тогучинский муниципальный район,2023-10
v2,0.5,Тогучинский муниципальный район,2024-01
v2,0.5,Тогучинский муниципальный район,2024-10
v2,0.5,Тоджинский муниципальный район,2024-01
v2,0.5,Тоджинский муниципальный район,2024-10
v2,0.5,Токарёвский муниципальный округ,2023-10
v2,0.5,Токарёвский муниципальный округ,2024-01
v2,0.5,Токарёвский муниципальный округ,2024-10
v2,0.5,Томпонский муниципальный район,2023-09
v2,0.5,Томпонский муниципальный район,2023-12
v2,0.5,Томпонский муниципальный район,2024-04
v2,0.5,Томпонский муниципальный район,2024-10
v2,0.5,Томский муниципальный район,2023-10
v2,0.5,Томский муниципальный район,2024-01
v2,0.5,Томский муниципальный район,2024-10
v2,0.5,Тонкинский муниципальный округ,2023-10
v2,0.5,Тонкинский муниципальный округ,2024-01
v2,0.5,Тоншаевский муниципальный округ,2023-10
v2,0.5,Тоншаевский муниципальный округ,2024-02
v2,0.5,Тоншаевский муниципальный округ,2024-05
v2,0.5,Тоншаевский муниципальный округ,2024-10
v2,0.5,Топкинский муниципальный округ,2023-08
v2,0.5,Топкинский муниципальный округ,2024-02
v2,0.5,Топкинский муниципальный округ,2024-06
v2,0.5,Топкинский муниципальный округ,2024-10
v2,0.5,Топчихинский муниципальный район,2023-10
v2,0.5,Топчихинский муниципальный район,2024-01
v2,0.5,Топчихинский муниципальный район,2024-10
v2,0.5,Торбеевский муниципальный район,2023-10
v2,0.5,Торбеевский муниципальный район,2024-01
v2,0.5,Торбеевский муниципальный район,2024-10
v2,0.5,Тосненский муниципальный район,2023-06
v2,0.5,Тосненский муниципальный район,2023-10
v2,0.5,Тосненский муниципальный район,2024-01
v2,0.5,Тосненский муниципальный район,2024-10
v2,0.5,Тотемский муниципальный округ,2023-11
v2,0.5,Тотемский муниципальный округ,2024-02
v2,0.5,Тотемский муниципальный округ,2024-07
v2,0.5,Тотемский муниципальный округ,2024-10
v2,0.5,Тоцкий муниципальный район,2023-10
v2,0.5,Тоцкий муниципальный район,2024-01
v2,0.5,Тоцкий муниципальный район,2024-10
v2,0.5,Третьяковский муниципальный район,2023-08
v2,0.5,Третьяковский муниципальный район,2023-11
v2,0.5,Третьяковский муниципальный район,2024-02
v2,0.5,Третьяковский муниципальный район,2024-07
v2,0.5,Третьяковский муниципальный район,2024-10
v2,0.5,Троицкий муниципальный район,2023-07
v2,0.5,Троицкий муниципальный район,2024-02
v2,0.5,Троицкий муниципальный район,2024-05
v2,0.5,Троицкий муниципальный район,2024-10
v2,0.5,Троицко-Печорский муниципальный район,2023-08
v2,0.5,Троицко-Печорский муниципальный район,2023-11
v2,0.5,Троицко-Печорский муниципальный район,2024-02
v2,0.5,Троицко-Печорский муниципальный район,2024-05
v2,0.5,Троицко-Печорский муниципальный район,2024-10
v2,0.5,Троснянский муниципальный район,2023-10
v2,0.5,Троснянский муниципальный район,2024-01
v2,0.5,Троснянский муниципальный район,2024-05
v2,0.5,Троснянский муниципальный район,2024-10
v2,0.5,Труновский муниципальный округ,2023-10
v2,0.5,Труновский муниципальный округ,2024-01
v2,0.5,Труновский муниципальный округ,2024-10
v2,0.5,Тужинский муниципальный район,2023-08
v2,0.5,Тужинский муниципальный район,2023-11
v2,0.5,Тужинский муниципальный район,2024-02
v2,0.5,Тужинский муниципальный район,2024-05
v2,0.5,Тужинский муниципальный район,2024-10
v2,0.5,Туймазинский муниципальный район,2023-10
v2,0.5,Туймазинский муниципальный район,2024-01
v2,0.5,Туймазинский муниципальный район,2024-10
v2,0.5,Туркменский муниципальный округ,2023-09
v2,0.5,Туркменский муниципальный округ,2024-02
v2,0.5,Туркменский муниципальный округ,2024-05
v2,0.5,Туркменский муниципальный округ,2024-10
v2,0.5,Турковский муниципальный район,2023-10
v2,0.5,Турковский муниципальный район,2024-01
v2,0.5,Турковский муниципальный район,2024-10
v2,0.5,Турочакский муниципальный район,2023-08
v2,0.5,Турочакский муниципальный район,2023-11
v2,0.5,Турочакский муниципальный район,2024-02
v2,0.5,Турочакский муниципальный район,2024-07
v2,0.5,Турочакский муниципальный район,2024-10
v2,0.5,Туруханский муниципальный район,2023-08
v2,0.5,Туруханский муниципальный район,2024-02
v2,0.5,Туруханский муниципальный район,2024-08
v2,0.5,Тутаевский муниципальный район,2023-10
v2,0.5,Тутаевский муниципальный район,2024-01
v2,0.5,Тутаевский муниципальный район,2024-10
v2,0.5,Тындинский муниципальный округ,2023-10
v2,0.5,Тындинский муниципальный округ,2024-01
v2,0.5,Тындинский муниципальный округ,2024-10
v2,0.5,Тюкалинский муниципальный район,2023-10
v2,0.5,Тюкалинский муниципальный район,2024-01
v2,0.5,Тюкалинский муниципальный район,2024-10
v2,0.5,Тюльганский муниципальный район,2023-10
v2,0.5,Тюльганский муниципальный район,2024-01
v2,0.5,Тюльганский муниципальный район,2024-10
v2,0.5,Тюлячинский муниципальный район,2023-06
v2,0.5,Тюлячинский муниципальный район,2023-11
v2,0.5,Тюлячинский муниципальный район,2024-02
v2,0.5,Тюлячинский муниципальный район,2024-07
v2,0.5,Тюлячинский муниципальный район,2024-10
v2,0.5,Тюменский муниципальный район,2023-10
v2,0.5,Тюменский муниципальный район,2024-01
v2,0.5,Тюменский муниципальный район,2024-10
v2,0.5,Тюменцевский муниципальный район,2023-09
v2,0.5,Тюменцевский муниципальный район,2024-02
v2,0.5,Тюменцевский муниципальный район,2024-07
v2,0.5,Тюменцевский муниципальный район,2024-10
v2,0.5,Тюхтетский муниципальный округ,2024-02
v2,0.5,Тюхтетский муниципальный округ,2024-07
v2,0.5,Тюхтетский муниципальный округ,2024-10
v2,0.5,Тяжинский муниципальный округ,2023-08
v2,0.5,Тяжинский муниципальный округ,2023-11
v2,0.5,Тяжинский муниципальный округ,2024-02
v2,0.5,Тяжинский муниципальный округ,2024-05
v2,0.5,Тяжинский муниципальный округ,2024-10
v2,0.5,Убинский муниципальный район,2023-10
v2,0.5,Убинский муниципальный район,2024-01
v2,0.5,Убинский муниципальный район,2024-10
v2,0.5,Уватский муниципальный район,2023-07
v2,0.5,Уватский муниципальный район,2023-10
v2,0.5,Уватский муниципальный район,2024-01
v2,0.5,Уватский муниципальный район,2024-10
v2,0.5,Увельский муниципальный район,2023-05
v2,0.5,Увельский муниципальный район,2023-10
v2,0.5,Увельский муниципальный район,2024-01
v2,0.5,Увельский муниципальный район,2024-10
v2,0.5,Угличский муниципальный район,2023-10
v2,0.5,Угличский муниципальный район,2024-01
v2,0.5,Угличский муниципальный район,2024-10
v2,0.5,Угловский муниципальный район,2023-10
v2,0.5,Угловский муниципальный район,2024-01
v2,0.5,Угловский муниципальный район,2024-10
v2,0.5,Угранский муниципальный район,2023-10
v2,0.5,Угранский муниципальный район,2024-01
v2,0.5,Угранский муниципальный район,2024-10
v2,0.5,Удорский муниципальный район,2023-07
v2,0.5,Удорский муниципальный район,2023-10
v2,0.5,Удорский муниципальный район,2024-01
v2,0.5,Удорский муниципальный район,2024-10
v2,0.5,Ужурский муниципальный район,2023-10
v2,0.5,Ужурский муниципальный район,2024-01
v2,0.5,Ужурский муниципальный район,2024-10
v2,0.5,Узловский муниципальный район,2023-10
v2,0.5,Узловский муниципальный район,2024-01
v2,0.5,Узловский муниципальный район,2024-10
v2,0.5,Уйский муниципальный район,2023-10
v2,0.5,Уйский муниципальный район,2024-01
v2,0.5,Уйский муниципальный район,2024-10
v2,0.5,Улаганский муниципальный район,2023-08
v2,0.5,Улаганский муниципальный район,2024-02
v2,0.5,Улаганский муниципальный район,2024-05
v2,0.5,Улаганский муниципальный район,2024-09
v2,0.5,Улуг-Хемский муниципальный район,2023-09
v2,0.5,Улуг-Хемский муниципальный район,2024-02
v2,0.5,Улуг-Хемский муниципальный район,2024-07
v2,0.5,Улуг-Хемский муниципальный район,2024-10
v2,0.5,Ульчский муниципальный район,2023-11
v2,0.5,Ульчский муниципальный район,2024-02
v2,0.5,Ульчский муниципальный район,2024-05
v2,0.5,Ульчский муниципальный район,2024-10
v2,0.5,Ульяновский муниципальный район #1,2023-10
v2,0.5,Ульяновский муниципальный район #1,2024-01
v2,0.5,Ульяновский муниципальный район #1,2024-10
v2,0.5,Ульяновский муниципальный район #2,2023-07
v2,0.5,Ульяновский муниципальный район #2,2023-10
v2,0.5,Ульяновский муниципальный район #2,2024-01
v2,0.5,Ульяновский муниципальный район #2,2024-10
v2,0.5,Улётовский муниципальный район,2023-10
v2,0.5,Улётовский муниципальный район,2024-01
v2,0.5,Улётовский муниципальный район,2024-10
v2,0.5,Умётский муниципальный округ,2023-10
v2,0.5,Умётский муниципальный округ,2024-01
v2,0.5,Умётский муниципальный округ,2024-10
v2,0.5,Упоровский муниципальный район,2023-10
v2,0.5,Упоровский муниципальный район,2024-01
v2,0.5,Упоровский муниципальный район,2024-10
v2,0.5,Уренский муниципальный округ,2024-02
v2,0.5,Уренский муниципальный округ,2024-07
v2,0.5,Уренский муниципальный округ,2024-10
v2,0.5,Уржумский муниципальный район,2023-09
v2,0.5,Уржумский муниципальный район,2024-02
v2,0.5,Уржумский муниципальный район,2024-05
v2,0.5,Уржумский муниципальный район,2024-10
v2,0.5,Урицкий муниципальный район,2023-10
v2,0.5,Урицкий муниципальный район,2024-01
v2,0.5,Урицкий муниципальный район,2024-10
v2,0.5,Урмарский муниципальный округ,2023-10
v2,0.5,Урмарский муниципальный округ,2024-01
v2,0.5,Урмарский муниципальный округ,2024-10
v2,0.5,Урупский муниципальный район,2023-10
v2,0.5,Урупский муниципальный район,2024-01
v2,0.5,Урупский муниципальный район,2024-05
v2,0.5,Урупский муниципальный район,2024-10
v2,0.5,Усвятский муниципальный район,2023-07
v2,0.5,Усвятский муниципальный район,2024-02
v2,0.5,Усвятский муниципальный район,2024-06
v2,0.5,Усвятский муниципальный район,2024-10
v2,0.5,Усманский муниципальный район,2023-10
v2,0.5,Усманский муниципальный район,2024-01
v2,0.5,Усманский муниципальный район,2024-10
v2,0.5,Усольский муниципальный район,2023-10
v2,0.5,Усольский муниципальный район,2024-01
v2,0.5,Усольский муниципальный район,2024-10
v2,0.5,Усть-Абаканский муниципальный район,2023-10
v2,0.5,Усть-Абаканский муниципальный район,2024-01
v2,0.5,Усть-Абаканский муниципальный район,2024-10
v2,0.5,Усть-Алданский муниципальный район,2023-07
v2,0.5,Усть-Алданский муниципальный район,2023-10
v2,0.5,Усть-Алданский муниципальный район,2024-01
v2,0.5,Усть-Алданский муниципальный район,2024-10
v2,0.5,Усть-Большерецкий муниципальный район,2023-06
v2,0.5,Усть-Большерецкий муниципальный район,2024-01
v2,0.5,Усть-Большерецкий муниципальный район,2024-05
v2,0.5,Усть-Большерецкий муниципальный район,2024-10
v2,0.5,Усть-Вымский муниципальный район,2023-11
v2,0.5,Усть-Вымский муниципальный район,2024-02
v2,0.5,Усть-Вымский муниципальный район,2024-07
v2,0.5,Усть-Вымский муниципальный район,2024-10
v2,0.5,Усть-Джегутинский муниципальный район,2023-09
v2,0.5,Усть-Джегутинский муниципальный район,2024-02
v2,0.5,Усть-Джегутинский муниципальный район,2024-05
v2,0.5,Усть-Джегутинский муниципальный район,2024-10
v2,0.5,Усть-Илимский муниципальный район,2023-05
v2,0.5,Усть-Илимский муниципальный район,2023-10
v2,0.5,Усть-Илимский муниципальный район,2024-01
v2,0.5,Усть-Илимский муниципальный район,2024-10
v2,0.5,Усть-Ишимский муниципальный район,2023-10
v2,0.5,Усть-Ишимский муниципальный район,2024-01
v2,0.5,Усть-Ишимский муниципальный район,2024-10
v2,0.5,Усть-Калманский муниципальный район,2024-02
v2,0.5,Усть-Калманский муниципальный район,2024-07
v2,0.5,Усть-Калманский муниципальный район,2024-10
v2,0.5,Усть-Камчатский муниципальный район,2023-07
v2,0.5,Усть-Камчатский муниципальный район,2023-10
v2,0.5,Усть-Камчатский муниципальный район,2024-01
v2,0.5,Усть-Камчатский муниципальный район,2024-10
v2,0.5,Усть-Канский муниципальный район,2023-11
v2,0.5,Усть-Канский муниципальный район,2024-02
v2,0.5,Усть-Канский муниципальный район,2024-05
v2,0.5,Усть-Канский муниципальный район,2024-10
v2,0.5,Усть-Коксинский муниципальный район,2023-09
v2,0.5,Усть-Коксинский муниципальный район,2024-02
v2,0.5,Усть-Коксинский муниципальный район,2024-05
v2,0.5,Усть-Коксинский муниципальный район,2024-10
v2,0.5,Усть-Кубинский муниципальный округ,2023-10
v2,0.5,Усть-Кубинский муниципальный округ,2024-01
v2,0.5,Усть-Кубинский муниципальный округ,2024-10
v2,0.5,Усть-Куломский муниципальный район,2023-10
v2,0.5,Усть-Куломский муниципальный район,2024-01
v2,0.5,Усть-Куломский муниципальный район,2024-10
v2,0.5,Усть-Кутский муниципальный район,2023-08
v2,0.5,Усть-Кутский муниципальный район,2024-02
v2,0.5,Усть-Кутский муниципальный район,2024-07
v2,0.5,Усть-Кутский муниципальный район,2024-10
v2,0.5,Усть-Майский муниципальный район,2023-07
v2,0.5,Усть-Майский муниципальный район,2023-10
v2,0.5,Усть-Майский муниципальный район,2024-01
v2,0.5,Усть-Майский муниципальный район,2024-06
v2,0.5,Усть-Майский муниципальный район,2024-10
v2,0.5,Усть-Пристанский муниципальный район,2023-08
v2,0.5,Усть-Пристанский муниципальный район,2024-02
v2,0.5,Усть-Пристанский муниципальный район,2024-07
v2,0.5,Усть-Пристанский муниципальный район,2024-10
v2,0.5,Усть-Таркский муниципальный район,2023-07
v2,0.5,Усть-Таркский муниципальный район,2023-10
v2,0.5,Усть-Таркский муниципальный район,2024-01
v2,0.5,Усть-Таркский муниципальный район,2024-10
v2,0.5,Усть-Удинский муниципальный район,2023-10
v2,0.5,Усть-Удинский муниципальный район,2024-01
v2,0.5,Усть-Удинский муниципальный район,2024-10
v2,0.5,Усть-Цилемский муниципальный район,2023-06
v2,0.5,Усть-Цилемский муниципальный район,2023-09
v2,0.5,Усть-Цилемский муниципальный район,2023-12
v2,0.5,Усть-Цилемский муниципальный район,2024-03
v2,0.5,Усть-Цилемский муниципальный район,2024-06
v2,0.5,Усть-Цилемский муниципальный район,2024-09
v2,0.5,Усть-Янский муниципальный район,2023-08
v2,0.5,Усть-Янский муниципальный район,2024-02
v2,0.5,Усть-Янский муниципальный район,2024-08
v2,0.5,Устьянский муниципальный округ,2023-08
v2,0.5,Устьянский муниципальный округ,2023-11
v2,0.5,Устьянский муниципальный округ,2024-02
v2,0.5,Устьянский муниципальный округ,2024-06
v2,0.5,Устьянский муниципальный округ,2024-10
v2,0.5,Устюженский муниципальный округ,2023-10
v2,0.5,Устюженский муниципальный округ,2024-01
v2,0.5,Устюженский муниципальный округ,2024-10
v2,0.5,Уфимский муниципальный район,2023-10
v2,0.5,Уфимский муниципальный район,2024-01
v2,0.5,Уфимский муниципальный район,2024-10
v2,0.5,Ухоловский муниципальный район,2023-10
v2,0.5,Ухоловский муниципальный район,2024-02
v2,0.5,Ухоловский муниципальный район,2024-07
v2,0.5,Ухоловский муниципальный район,2024-10
v2,0.5,Учалинский муниципальный район,2023-10
v2,0.5,Учалинский муниципальный район,2024-01
v2,0.5,Учалинский муниципальный район,2024-10
v2,0.5,Уярский муниципальный район,2023-10
v2,0.5,Уярский муниципальный район,2024-01
v2,0.5,Уярский муниципальный район,2024-10
v2,0.5,Федоровский муниципальный район #1,2023-07
v2,0.5,Федоровский муниципальный район #1,2023-10
v2,0.5,Федоровский муниципальный район #1,2024-01
v2,0.5,Федоровский муниципальный район #1,2024-09
v2,0.5,Федоровский муниципальный район #2,2023-10
v2,0.5,Федоровский муниципальный район #2,2024-01
v2,0.5,Федоровский муниципальный район #2,2024-10
v2,0.5,Ферзиковский муниципальный район,2023-10
v2,0.5,Ферзиковский муниципальный район,2024-01
v2,0.5,Ферзиковский муниципальный район,2024-10
v2,0.5,Фурмановский муниципальный район,2023-10
v2,0.5,Фурмановский муниципальный район,2024-01
v2,0.5,Фурмановский муниципальный район,2024-10
v2,0.5,Хабаровский муниципальный район,2023-10
v2,0.5,Хабаровский муниципальный район,2024-01
v2,0.5,Хабаровский муниципальный район,2024-10
v2,0.5,Хабарский муниципальный район,2023-10
v2,0.5,Хабарский муниципальный район,2024-01
v2,0.5,Хабарский муниципальный район,2024-10
v2,0.5,Хабезский муниципальный район,2023-10
v2,0.5,Хабезский муниципальный район,2024-01
v2,0.5,Хабезский муниципальный район,2024-10
v2,0.5,Хайбуллинский муниципальный район,2023-10
v2,0.5,Хайбуллинский муниципальный район,2024-01
v2,0.5,Хайбуллинский муниципальный район,2024-10
v2,0.5,Хангаласский муниципальный район,2023-07
v2,0.5,Хангаласский муниципальный район,2023-10
v2,0.5,Хангаласский муниципальный район,2024-01
v2,0.5,Хангаласский муниципальный район,2024-10
v2,0.5,Ханкайский муниципальный округ,2023-10
v2,0.5,Ханкайский муниципальный округ,2024-01
v2,0.5,Ханкайский муниципальный округ,2024-10
v2,0.5,Ханты-Мансийский муниципальный район,2023-10
v2,0.5,Ханты-Мансийский муниципальный район,2024-01
v2,0.5,Ханты-Мансийский муниципальный район,2024-10
v2,0.5,Харабалинский муниципальный район,2023-10
v2,0.5,Харабалинский муниципальный район,2024-01
v2,0.5,Харабалинский муниципальный район,2024-10
v2,0.5,Харовский муниципальный округ,2023-10
v2,0.5,Харовский муниципальный округ,2024-01
v2,0.5,Харовский муниципальный округ,2024-10
v2,0.5,Хасанский муниципальный округ,2023-10
v2,0.5,Хасанский муниципальный округ,2024-01
v2,0.5,Хасанский муниципальный округ,2024-10
v2,0.5,Хвалынский муниципальный район,2023-10
v2,0.5,Хвалынский муниципальный район,2024-01
v2,0.5,Хвалынский муниципальный район,2024-10
v2,0.5,Хвастовичский муниципальный район,2023-10
v2,0.5,Хвастовичский муниципальный район,2024-01
v2,0.5,Хвастовичский муниципальный район,2024-10
v2,0.5,Хворостянский муниципальный район,2023-10
v2,0.5,Хворостянский муниципальный район,2024-01
v2,0.5,Хворостянский муниципальный район,2024-10
v2,0.5,Хилокский муниципальный район,2023-10
v2,0.5,Хилокский муниципальный район,2024-01
v2,0.5,Хилокский муниципальный район,2024-10
v2,0.5,Хиславичский муниципальный район,2023-06
v2,0.5,Хиславичский муниципальный район,2023-10
v2,0.5,Хиславичский муниципальный район,2024-01
v2,0.5,Хиславичский муниципальный район,2024-10
v2,0.5,Хлевенский муниципальный район,2023-10
v2,0.5,Хлевенский муниципальный район,2024-01
v2,0.5,Хлевенский муниципальный район,2024-10
v2,0.5,Холм-Жирковский муниципальный район,2023-10
v2,0.5,Холм-Жирковский муниципальный район,2024-01
v2,0.5,Холм-Жирковский муниципальный район,2024-10
v2,0.5,Холмогорский муниципальный округ,2023-10
v2,0.5,Холмогорский муниципальный округ,2024-01
v2,0.5,Холмогорский муниципальный округ,2024-10
v2,0.5,Холмский муниципальный район,2023-06
v2,0.5,Холмский муниципальный район,2023-10
v2,0.5,Холмский муниципальный район,2024-01
v2,0.5,Холмский муниципальный район,2024-10
v2,0.5,Хорольский муниципальный округ,2023-10
v2,0.5,Хорольский муниципальный округ,2024-01
v2,0.5,Хорольский муниципальный округ,2024-10
v2,0.5,Хотынецкий муниципальный район,2023-12
v2,0.5,Хотынецкий муниципальный район,2024-04
v2,0.5,Хотынецкий муниципальный район,2024-10
v2,0.5,Целинный муниципальный округ,2023-05
v2,0.5,Целинный муниципальный округ,2023-10
v2,0.5,Целинный муниципальный округ,2024-01
v2,0.5,Целинный муниципальный округ,2024-10
v2,0.5,Целинный муниципальный район #1,2023-08
v2,0.5,Целинный муниципальный район #1,2023-11
v2,0.5,Целинный муниципальный район #1,2024-02
v2,0.5,Целинный муниципальный район #1,2024-07
v2,0.5,Целинный муниципальный район #1,2024-10
v2,0.5,Цивильский муниципальный округ,2023-10
v2,0.5,Цивильский муниципальный округ,2024-01
v2,0.5,Цивильский муниципальный округ,2024-10
v2,0.5,Чагодощенский муниципальный округ,2023-10
v2,0.5,Чагодощенский муниципальный округ,2024-01
v2,0.5,Чагодощенский муниципальный округ,2024-10
v2,0.5,Чаинский муниципальный район,2024-02
v2,0.5,Чаинский муниципальный район,2024-07
v2,0.5,Чаинский муниципальный район,2024-10
v2,0.5,Чамзинский муниципальный район,2024-02
v2,0.5,Чамзинский муниципальный район,2024-05
v2,0.5,Чамзинский муниципальный район,2024-10
v2,0.5,Чановский муниципальный район,2023-09
v2,0.5,Чановский муниципальный район,2024-02
v2,0.5,Чановский муниципальный район,2024-07
v2,0.5,Чановский муниципальный район,2024-10
v2,0.5,Чаплыгинский муниципальный район,2023-10
v2,0.5,Чаплыгинский муниципальный район,2024-01
v2,0.5,Чаплыгинский муниципальный район,2024-10
v2,0.5,Частоозерский муниципальный округ,2023-07
v2,0.5,Частоозерский муниципальный округ,2023-10
v2,0.5,Частоозерский муниципальный округ,2024-01
v2,0.5,Частоозерский муниципальный округ,2024-10
v2,0.5,Чебаркульский муниципальный район,2023-10
v2,0.5,Чебаркульский муниципальный район,2024-01
v2,0.5,Чебаркульский муниципальный район,2024-10
v2,0.5,Чебоксарский муниципальный округ,2023-10
v2,0.5,Чебоксарский муниципальный округ,2024-01
v2,0.5,Чебоксарский муниципальный округ,2024-10
v2,0.5,Чебулинский муниципальный округ,2023-07
v2,0.5,Чебулинский муниципальный округ,2023-10
v2,0.5,Чебулинский муниципальный округ,2024-01
v2,0.5,Чебулинский муниципальный округ,2024-10
v2,0.5,Чеди-Хольский муниципальный район,2023-07
v2,0.5,Чеди-Хольский муниципальный район,2023-10
v2,0.5,Чеди-Хольский муниципальный район,2024-01
v2,0.5,Чеди-Хольский муниципальный район,2024-10
v2,0.5,Чекмагушевский муниципальный район,2023-06
v2,0.5,Чекмагушевский муниципальный район,2023-10
v2,0.5,Чекмагушевский муниципальный район,2024-01
v2,0.5,Чекмагушевский муниципальный район,2024-10
v2,0.5,Челно-Вершинский муниципальный район,2023-10
v2,0.5,Челно-Вершинский муниципальный район,2024-01
v2,0.5,Челно-Вершинский муниципальный район,2024-10
v2,0.5,Чемальский муниципальный район,2023-09
v2,0.5,Чемальский муниципальный район,2024-02
v2,0.5,Чемальский муниципальный район,2024-08
v2,0.5,Чердаклинский муниципальный район,2023-10
v2,0.5,Чердаклинский муниципальный район,2024-01
v2,0.5,Чердаклинский муниципальный район,2024-10
v2,0.5,Черемховский муниципальный район,2023-07
v2,0.5,Черемховский муниципальный район,2023-10
v2,0.5,Черемховский муниципальный район,2024-01
v2,0.5,Черемховский муниципальный район,2024-10
v2,0.5,Черемшанский муниципальный район,2023-10
v2,0.5,Черемшанский муниципальный район,2024-01
v2,0.5,Черемшанский муниципальный район,2024-10
v2,0.5,Черепановский муниципальный район,2023-10
v2,0.5,Черепановский муниципальный район,2024-01
v2,0.5,Черепановский муниципальный район,2024-10
v2,0.5,Череповецкий муниципальный район,2023-05
v2,0.5,Череповецкий муниципальный район,2023-10
v2,0.5,Череповецкий муниципальный район,2024-01
v2,0.5,Череповецкий муниципальный район,2024-10
v2,0.5,Черлакский муниципальный район,2023-10
v2,0.5,Черлакский муниципальный район,2024-01
v2,0.5,Черлакский муниципальный район,2024-10
v2,0.5,Черниговский муниципальный округ,2023-10
v2,0.5,Черниговский муниципальный округ,2024-01
v2,0.5,Черниговский муниципальный округ,2024-10
v2,0.5,Черноярский муниципальный район,2023-10
v2,0.5,Черноярский муниципальный район,2024-01
v2,0.5,Черноярский муниципальный район,2024-10
v2,0.5,Чернский муниципальный район,2023-10
v2,0.5,Чернский муниципальный район,2024-01
v2,0.5,Чернский муниципальный район,2024-10
v2,0.5,Чернышевский муниципальный район,2023-10
v2,0.5,Чернышевский муниципальный район,2024-01
v2,0.5,Чернышевский муниципальный район,2024-10
v2,0.5,Чернышковский муниципальный район,2024-02
v2,0.5,Чернышковский муниципальный район,2024-05
v2,0.5,Чернышковский муниципальный район,2024-10
v2,0.5,Чесменский муниципальный район,2023-10
v2,0.5,Чесменский муниципальный район,2024-01
v2,0.5,Чесменский муниципальный район,2024-10
v2,0.5,Чистоозерный муниципальный район,2023-07
v2,0.5,Чистоозерный муниципальный район,2023-10
v2,0.5,Чистоозерный муниципальный район,2024-01
v2,0.5,Чистоозерный муниципальный район,2024-10
v2,0.5,Чистопольский муниципальный район,2023-10
v2,0.5,Чистопольский муниципальный район,2024-01
v2,0.5,Чистопольский муниципальный район,2024-10
v2,0.5,Читинский муниципальный район,2023-10
v2,0.5,Читинский муниципальный район,2024-01
v2,0.5,Читинский муниципальный район,2024-10
v2,0.5,Чишминский муниципальный район,2023-10
v2,0.5,Чишминский муниципальный район,2024-01
v2,0.5,Чишминский муниципальный район,2024-10
v2,0.5,Чойский муниципальный район,2024-02
v2,0.5,Чойский муниципальный район,2024-05
v2,0.5,Чойский муниципальный район,2024-10
v2,0.5,Чугуевский муниципальный округ,2023-10
v2,0.5,Чугуевский муниципальный округ,2024-01
v2,0.5,Чугуевский муниципальный округ,2024-10
v2,0.5,Чудовский муниципальный район,2023-08
v2,0.5,Чудовский муниципальный район,2023-11
v2,0.5,Чудовский муниципальный район,2024-02
v2,0.5,Чудовский муниципальный район,2024-05
v2,0.5,Чудовский муниципальный район,2024-10
v2,0.5,Чулымский муниципальный район,2023-10
v2,0.5,Чулымский муниципальный район,2024-01
v2,0.5,Чулымский муниципальный район,2024-10
v2,0.5,Чунский муниципальный район,2023-07
v2,0.5,Чунский муниципальный район,2023-11
v2,0.5,Чунский муниципальный район,2024-02
v2,0.5,Чунский муниципальный район,2024-05
v2,0.5,Чунский муниципальный район,2024-10
v2,0.5,Чурапчинский муниципальный район,2023-07
v2,0.5,Чурапчинский муниципальный район,2023-10
v2,0.5,Чурапчинский муниципальный район,2024-01
v2,0.5,Чурапчинский муниципальный район,2024-10
v2,0.5,Чухломский муниципальный район,2023-05
v2,0.5,Чухломский муниципальный район,2023-10
v2,0.5,Чухломский муниципальный район,2024-01
v2,0.5,Чухломский муниципальный район,2024-10
v2,0.5,Чучковский муниципальный район,2023-11
v2,0.5,Чучковский муниципальный район,2024-02
v2,0.5,Чучковский муниципальный район,2024-07
v2,0.5,Чучковский муниципальный район,2024-10
v2,0.5,Шабалинский муниципальный район,2024-02
v2,0.5,Шабалинский муниципальный район,2024-05
v2,0.5,Шабалинский муниципальный район,2024-10
v2,0.5,Шаблыкинский муниципальный район,2023-07
v2,0.5,Шаблыкинский муниципальный район,2023-10
v2,0.5,Шаблыкинский муниципальный район,2024-01
v2,0.5,Шаблыкинский муниципальный район,2024-10
v2,0.5,Шарангский муниципальный округ,2023-10
v2,0.5,Шарангский муниципальный округ,2024-01
v2,0.5,Шарангский муниципальный округ,2024-10
v2,0.5,Шаранский муниципальный район,2023-10
v2,0.5,Шаранский муниципальный район,2024-01
v2,0.5,Шаранский муниципальный район,2024-10
v2,0.5,Шарлыкский муниципальный район,2024-02
v2,0.5,Шарлыкский муниципальный район,2024-05
v2,0.5,Шарлыкский муниципальный район,2024-10
v2,0.5,Шарьинский муниципальный район,2023-10
v2,0.5,Шарьинский муниципальный район,2024-01
v2,0.5,Шарьинский муниципальный район,2024-10
v2,0.5,Шатковский муниципальный округ,2024-02
v2,0.5,Шатковский муниципальный округ,2024-05
v2,0.5,Шатковский муниципальный округ,2024-10
v2,0.5,Шатровский муниципальный округ,2023-10
v2,0.5,Шатровский муниципальный округ,2024-01
v2,0.5,Шатровский муниципальный округ,2024-10
v2,0.5,Шацкий муниципальный район,2023-10
v2,0.5,Шацкий муниципальный район,2024-01
v2,0.5,Шацкий муниципальный район,2024-10
v2,0.5,Шебалинский муниципальный район,2023-10
v2,0.5,Шебалинский муниципальный район,2024-01
v2,0.5,Шебалинский муниципальный район,2024-10
v2,0.5,Шегарский муниципальный район,2023-10
v2,0.5,Шегарский муниципальный район,2024-01
v2,0.5,Шегарский муниципальный район,2024-10
v2,0.5,Шекснинский муниципальный район,2023-10
v2,0.5,Шекснинский муниципальный район,2024-01
v2,0.5,Шекснинский муниципальный район,2024-10
v2,0.5,Шелаболихинский муниципальный район,2023-07
v2,0.5,Шелаболихинский муниципальный район,2023-10
v2,0.5,Шелаболихинский муниципальный район,2024-02
v2,0.5,Шелаболихинский муниципальный район,2024-05
v2,0.5,Шелаболихинский муниципальный район,2024-10
v2,0.5,Шелеховский муниципальный район,2023-07
v2,0.5,Шелеховский муниципальный район,2023-10
v2,0.5,Шелеховский муниципальный район,2024-01
v2,0.5,Шелеховский муниципальный район,2024-10
v2,0.5,Шелопугинский муниципальный район,2023-07
v2,0.5,Шелопугинский муниципальный район,2023-10
v2,0.5,Шелопугинский муниципальный район,2024-01
v2,0.5,Шелопугинский муниципальный район,2024-10
v2,0.5,Шемуршинский муниципальный округ,2023-06
v2,0.5,Шемуршинский муниципальный округ,2023-10
v2,0.5,Шемуршинский муниципальный округ,2024-01
v2,0.5,Шемуршинский муниципальный округ,2024-10
v2,0.5,Шенкурский муниципальный округ,2023-07
v2,0.5,Шенкурский муниципальный округ,2023-10
v2,0.5,Шенкурский муниципальный округ,2024-01
v2,0.5,Шенкурский муниципальный округ,2024-10
v2,0.5,Шенталинский муниципальный район,2023-10
v2,0.5,Шенталинский муниципальный район,2024-01
v2,0.5,Шенталинский муниципальный район,2024-10
v2,0.5,Шербакульский муниципальный район,2024-02
v2,0.5,Шербакульский муниципальный район,2024-05
v2,0.5,Шербакульский муниципальный район,2024-10
v2,0.5,Шигонский муниципальный район,2023-10
v2,0.5,Шигонский муниципальный район,2024-01
v2,0.5,Шигонский муниципальный район,2024-10
v2,0.5,Шилкинский муниципальный район,2023-07
v2,0.5,Шилкинский муниципальный район,2023-10
v2,0.5,Шилкинский муниципальный район,2024-01
v2,0.5,Шилкинский муниципальный район,2024-10
v2,0.5,Шиловский муниципальный район,2023-10
v2,0.5,Шиловский муниципальный район,2024-01
v2,0.5,Шиловский муниципальный район,2024-10
v2,0.5,Шимановский муниципальный округ,2023-09
v2,0.5,Шимановский муниципальный округ,2023-12
v2,0.5,Шимановский муниципальный округ,2024-04
v2,0.5,Шимановский муниципальный округ,2024-10
v2,0.5,Шимский муниципальный район,2023-10
v2,0.5,Шимский муниципальный район,2024-01
v2,0.5,Шимский муниципальный район,2024-10
v2,0.5,Шипуновский муниципальный район,2023-07
v2,0.5,Шипуновский муниципальный район,2023-10
v2,0.5,Шипуновский муниципальный район,2024-01
v2,0.5,Шипуновский муниципальный район,2024-10
v2,0.5,Ширинский муниципальный район,2023-10
v2,0.5,Ширинский муниципальный район,2024-01
v2,0.5,Ширинский муниципальный район,2024-10
v2,0.5,Шкотовский муниципальный округ,2023-10
v2,0.5,Шкотовский муниципальный округ,2024-01
v2,0.5,Шкотовский муниципальный округ,2024-10
v2,0.5,Шовгеновский муниципальный район,2024-02
v2,0.5,Шовгеновский муниципальный район,2024-06
v2,0.5,Шовгеновский муниципальный район,2024-10
v2,0.5,Шпаковский муниципальный округ,2023-10
v2,0.5,Шпаковский муниципальный округ,2024-01
v2,0.5,Шпаковский муниципальный округ,2024-06
v2,0.5,Шпаковский муниципальный округ,2024-10
v2,0.5,Шуйский муниципальный район,2023-10
v2,0.5,Шуйский муниципальный район,2024-01
v2,0.5,Шуйский муниципальный район,2024-10
v2,0.5,Шумячский муниципальный район,2023-07
v2,0.5,Шумячский муниципальный район,2023-10
v2,0.5,Шумячский муниципальный район,2024-01
v2,0.5,Шумячский муниципальный район,2024-10
v2,0.5,Шушенский муниципальный район,2023-06
v2,0.5,Шушенский муниципальный район,2023-10
v2,0.5,Шушенский муниципальный район,2024-01
v2,0.5,Шушенский муниципальный район,2024-10
v2,0.5,Щекинский муниципальный район,2023-10
v2,0.5,Щекинский муниципальный район,2024-01
v2,0.5,Щекинский муниципальный район,2024-10
v2,0.5,Щучанский муниципальный округ,2023-10
v2,0.5,Щучанский муниципальный округ,2024-01
v2,0.5,Щучанский муниципальный округ,2024-10
v2,0.5,Эвенкийский муниципальный район,2023-08
v2,0.5,Эвенкийский муниципальный район,2024-02
v2,0.5,Эвенкийский муниципальный район,2024-08
v2,0.5,Энгельсский муниципальный район,2023-10
v2,0.5,Энгельсский муниципальный район,2024-01
v2,0.5,Энгельсский муниципальный район,2024-10
v2,0.5,Эхирит-Булагатский муниципальный район,2023-10
v2,0.5,Эхирит-Булагатский муниципальный район,2024-01
v2,0.5,Эхирит-Булагатский муниципальный район,2024-10
v2,0.5,Южский муниципальный район,2023-10
v2,0.5,Южский муниципальный район,2024-01
v2,0.5,Южский муниципальный район,2024-10
v2,0.5,Юргамышский муниципальный округ,2023-10
v2,0.5,Юргамышский муниципальный округ,2024-01
v2,0.5,Юргамышский муниципальный округ,2024-10
v2,0.5,Юргинский муниципальный район,2023-10
v2,0.5,Юргинский муниципальный район,2024-01
v2,0.5,Юргинский муниципальный район,2024-10
v2,0.5,Юринский муниципальный район,2023-08
v2,0.5,Юринский муниципальный район,2023-11
v2,0.5,Юринский муниципальный район,2024-02
v2,0.5,Юринский муниципальный район,2024-05
v2,0.5,Юринский муниципальный район,2024-10
v2,0.5,Юрьев-Польский муниципальный район,2023-10
v2,0.5,Юрьев-Польский муниципальный район,2024-01
v2,0.5,Юрьев-Польский муниципальный район,2024-10
v2,0.5,Юрьевецкий муниципальный район,2023-08
v2,0.5,Юрьевецкий муниципальный район,2023-11
v2,0.5,Юрьевецкий муниципальный район,2024-02
v2,0.5,Юрьевецкий муниципальный район,2024-05
v2,0.5,Юрьевецкий муниципальный район,2024-10
v2,0.5,Юрьянский муниципальный район,2023-10
v2,0.5,Юрьянский муниципальный район,2024-01
v2,0.5,Юрьянский муниципальный район,2024-10
v2,0.5,Юстинский муниципальный район,2023-06
v2,0.5,Юстинский муниципальный район,2023-09
v2,0.5,Юстинский муниципальный район,2024-03
v2,0.5,Юстинский муниципальный район,2024-09
v2,0.5,Ютазинский муниципальный район,2023-06
v2,0.5,Ютазинский муниципальный район,2023-10
v2,0.5,Ютазинский муниципальный район,2024-01
v2,0.5,Ютазинский муниципальный район,2024-10
v2,0.5,Юхновский муниципальный район,2023-10
v2,0.5,Юхновский муниципальный район,2024-01
v2,0.5,Юхновский муниципальный район,2024-10
v2,0.5,Ядринский муниципальный округ,2023-10
v2,0.5,Ядринский муниципальный округ,2024-01
v2,0.5,Ядринский муниципальный округ,2024-10
v2,0.5,Яйский муниципальный округ,2023-06
v2,0.5,Яйский муниципальный округ,2023-10
v2,0.5,Яйский муниципальный округ,2024-01
v2,0.5,Яйский муниципальный округ,2024-10
v2,0.5,Яковлевский муниципальный округ,2024-02
v2,0.5,Яковлевский муниципальный округ,2024-05
v2,0.5,Яковлевский муниципальный округ,2024-10
v2,0.5,Яльчикский муниципальный округ,2023-08
v2,0.5,Яльчикский муниципальный округ,2024-02
v2,0.5,Яльчикский муниципальный округ,2024-07
v2,0.5,Яльчикский муниципальный округ,2024-10
v2,0.5,Янаульский муниципальный район,2023-10
v2,0.5,Янаульский муниципальный район,2024-01
v2,0.5,Янаульский муниципальный район,2024-10
v2,0.5,Янтиковский муниципальный округ,2024-02
v2,0.5,Янтиковский муниципальный округ,2024-06
v2,0.5,Янтиковский муниципальный округ,2024-10
v2,0.5,Яранский муниципальный район,2023-06
v2,0.5,Яранский муниципальный район,2023-10
v2,0.5,Яранский муниципальный район,2024-01
v2,0.5,Яранский муниципальный район,2024-10
v2,0.5,Ярковский муниципальный район,2023-06
v2,0.5,Ярковский муниципальный район,2023-10
v2,0.5,Ярковский муниципальный район,2024-01
v2,0.5,Ярковский муниципальный район,2024-10
v2,0.5,Ярославский муниципальный район,2023-10
v2,0.5,Ярославский муниципальный район,2024-01
v2,0.5,Ярославский муниципальный район,2024-10
v2,0.5,Ярцевский муниципальный район,2023-10
v2,0.5,Ярцевский муниципальный район,2024-01
v2,0.5,Ярцевский муниципальный район,2024-10
v2,0.5,Ясногорский муниципальный район,2023-10
v2,0.5,Ясногорский муниципальный район,2024-01
v2,0.5,Ясногорский муниципальный район,2024-10
v2,0.5,Яшалтинский муниципальный район,2024-01
v2,0.5,Яшалтинский муниципальный район,2024-06
v2,0.5,Яшалтинский муниципальный район,2024-09
v2,0.5,Яшкинский муниципальный округ,2023-08
v2,0.5,Яшкинский муниципальный округ,2023-11
v2,0.5,Яшкинский муниципальный округ,2024-02
v2,0.5,Яшкинский муниципальный округ,2024-05
v2,0.5,Яшкинский муниципальный округ,2024-10
v2,0.5,Яшкульский муниципальный район,2023-08
v2,0.5,Яшкульский муниципальный район,2023-11
v2,0.5,Яшкульский муниципальный район,2024-04
v2,0.5,Яшкульский муниципальный район,2024-10
v2,0.5,внутригородская территория города федерального значения  Александровский муниципальный округ,2023-10
v2,0.5,внутригородская территория города федерального значения  Александровский муниципальный округ,2024-01
v2,0.5,внутригородская территория города федерального значения  Александровский муниципальный округ,2024-10
v2,0.5,внутригородская территория города федерального значения город Зеленогорск,2023-06
v2,0.5,внутригородская территория города федерального значения город Зеленогорск,2023-10
v2,0.5,внутригородская территория города федерального значения город Зеленогорск,2024-01
v2,0.5,внутригородская территория города федерального значения город Зеленогорск,2024-10
v2,0.5,внутригородская территория города федерального значения город Колпино,2023-06
v2,0.5,внутригородская территория города федерального значения город Колпино,2023-10
v2,0.5,внутригородская территория города федерального значения город Колпино,2024-01
v2,0.5,внутригородская территория города федерального значения город Колпино,2024-10
v2,0.5,внутригородская территория города федерального значения город Красное Село,2023-10
v2,0.5,внутригородская территория города федерального значения город Красное Село,2024-01
v2,0.5,внутригородская территория города федерального значения город Красное Село,2024-10
v2,0.5,внутригородская территория города федерального значения город Кронштадт,2023-10
v2,0.5,внутригородская территория города федерального значения город Кронштадт,2024-01
v2,0.5,внутригородская территория города федерального значения город Кронштадт,2024-10
v2,0.5,внутригородская территория города федерального значения город Ломоносов,2023-06
v2,0.5,внутригородская территория города федерального значения город Ломоносов,2023-10
v2,0.5,внутригородская территория города федерального значения город Ломоносов,2024-01
v2,0.5,внутригородская территория города федерального значения город Ломоносов,2024-10
v2,0.5,внутригородская территория города федерального значения город Павловск,2023-06
v2,0.5,внутригородская территория города федерального значения город Павловск,2023-10
v2,0.5,внутригородская территория города федерального значения город Павловск,2024-01
v2,0.5,внутригородская территория города федерального значения город Павловск,2024-10
v2,0.5,внутригородская территория города федерального значения город Петергоф,2023-10
v2,0.5,внутригородская территория города федерального значения город Петергоф,2024-01
v2,0.5,внутригородская территория города федерального значения город Петергоф,2024-10
v2,0.5,внутригородская территория города федерального значения город Пушкин,2023-06
v2,0.5,внутригородская территория города федерального значения город Пушкин,2023-10
v2,0.5,внутригородская территория города федерального значения город Пушкин,2024-01
v2,0.5,внутригородская территория города федерального значения город Пушкин,2024-10
v2,0.5,внутригородская территория города федерального значения город Сестрорецк,2023-06
v2,0.5,внутригородская территория города федерального значения город Сестрорецк,2023-10
v2,0.5,внутригородская территория города федерального значения город Сестрорецк,2024-01
v2,0.5,внутригородская территория города федерального значения город Сестрорецк,2024-10
v2,0.5,внутригородская территория города федерального значения городской округ Троицк,2023-10
v2,0.5,внутригородская территория города федерального значения городской округ Троицк,2024-01
v2,0.5,внутригородская территория города федерального значения городской округ Троицк,2024-10
v2,0.5,внутригородская территория города федерального значения городской округ Щербинка,2023-10
v2,0.5,внутригородская территория города федерального значения городской округ Щербинка,2024-01
v2,0.5,внутригородская территория города федерального значения городской округ Щербинка,2024-10
v2,0.5,внутригородская территория города федерального значения муниципальное образование Савелки,2023-10
v2,0.5,внутригородская территория города федерального значения муниципальное образование Савелки,2024-01
v2,0.5,внутригородская территория города федерального значения муниципальное образование Савелки,2024-10
v2,0.5,внутригородская территория города федерального значения муниципальный округ Автово,2023-06
v2,0.5,внутригородская территория города федерального значения муниципальный округ Автово,2023-10
v2,0.5,внутригородская территория города федерального значения муниципальный округ Автово,2024-01
v2,0.5,внутригородская территория города федерального значения муниципальный округ Автово,2024-10
v2,0.5,внутригородская территория города федерального значения муниципальный округ Адмиралтейский округ,2023-10
v2,0.5,внутригородская территория города федерального значения муниципальный округ Адмиралтейский округ,2024-01
v2,0.5,внутригородская территория города федерального значения муниципальный округ Адмиралтейский округ,2024-10
v2,0.5,внутригородская территория города федерального значения муниципальный округ Академический,2023-10
v2,0.5,внутригородская территория города федерального значения муниципальный округ Академический,2024-01
v2,0.5,внутригородская территория города федерального значения муниципальный округ Академический,2024-10
v2,0.5,внутригородская территория города федерального значения муниципальный округ Академическое,2023-06
v2,0.5,внутригородская территория города федерального значения муниципальный округ Академическое,2023-10
v2,0.5,внутригородская территория города федерального значения муниципальный округ Академическое,2024-01
v2,0.5,внутригородская территория города федерального значения муниципальный округ Академическое,2024-10
v2,0.5,внутригородская территория города федерального значения муниципальный округ Алексеевский,2023-10
v2,0.5,внутригородская территория города федерального значения муниципальный округ Алексеевский,2024-01
v2,0.5,внутригородская территория города федерального значения муниципальный округ Алексеевский,2024-10
v2,0.5,внутригородская территория города федерального значения муниципальный округ Алтуфьевский,2023-10
v2,0.5,внутригородская территория города федерального значения муниципальный округ Алтуфьевский,2024-01
v2,0.5,внутригородская территория города федерального значения муниципальный округ Алтуфьевский,2024-10
v2,0.5,внутригородская территория города федерального значения муниципальный округ Аптекарский остров,2023-10
v2,0.5,внутригородская территория города федерального значения муниципальный округ Аптекарский остров,2024-01
v2,0.5,внутригородская территория города федерального значения муниципальный округ Аптекарский остров,2024-10
v2,0.5,внутригородская территория города федерального значения муниципальный округ Арбат,2023-09
v2,0.5,внутригородская территория города федерального значения муниципальный округ Арбат,2024-02
v2,0.5,внутригородская территория города федерального значения муниципальный округ Арбат,2024-07
v2,0.5,внутригородская территория города федерального значения муниципальный округ Арбат,2024-10
v2,0.5,внутригородская территория города федерального значения муниципальный округ Аэропорт,2023-10
v2,0.5,внутригородская территория города федерального значения муниципальный округ Аэропорт,2024-01
v2,0.5,внутригородская территория города федерального значения муниципальный округ Аэропорт,2024-10
v2,0.5,внутригородская территория города федерального значения муниципальный округ Бабушкинский,2023-05
v2,0.5,внутригородская территория города федерального значения муниципальный округ Бабушкинский,2023-10
v2,0.5,внутригородская территория города федерального значения муниципальный округ Бабушкинский,2024-01
v2,0.5,внутригородская территория города федерального значения муниципальный округ Бабушкинский,2024-10
v2,0.5,внутригородская территория города федерального значения муниципальный округ Балканский,2023-06
v2,0.5,внутригородская территория города федерального значения муниципальный округ Балканский,2023-10
v2,0.5,внутригородская территория города федерального значения муниципальный округ Балканский,2024-01
v2,0.5,внутригородская территория города федерального значения муниципальный округ Балканский,2024-10
v2,0.5,внутригородская территория города федерального значения муниципальный округ Басманный,2023-10
v2,0.5,внутригородская территория города федерального значения муниципальный округ Басманный,2024-01
v2,0.5,внутригородская территория города федерального значения муниципальный округ Басманный,2024-10
v2,0.5,внутригородская территория города федерального значения муниципальный округ Беговой,2023-10
v2,0.5,внутригородская территория города федерального значения муниципальный округ Беговой,2024-01
v2,0.5,внутригородская территория города федерального значения муниципальный округ Беговой,2024-10
v2,0.5,внутригородская территория города федерального значения муниципальный округ Бескудниковский,2023-10
v2,0.5,внутригородская территория города федерального значения муниципальный округ Бескудниковский,2024-01
v2,0.5,внутригородская территория города федерального значения муниципальный округ Бескудниковский,2024-10
v2,0.5,внутригородская территория города федерального значения муниципальный округ Бибирево,2023-05
v2,0.5,внутригородская территория города федерального значения муниципальный округ Бибирево,2023-10
v2,0.5,внутригородская территория города федерального значения муниципальный округ Бибирево,2024-01
v2,0.5,внутригородская территория города федерального значения муниципальный округ Бибирево,2024-10
v2,0.5,внутригородская территория города федерального значения муниципальный округ Бирюлево Восточное,2023-10
v2,0.5,внутригородская территория города федерального значения муниципальный округ Бирюлево Восточное,2024-01
v2,0.5,внутригородская территория города федерального значения муниципальный округ Бирюлево Восточное,2024-10
v2,0.5,внутригородская территория города федерального значения муниципальный округ Бирюлево Западное,2023-10
v2,0.5,внутригородская территория города федерального значения муниципальный округ Бирюлево Западное,2024-01
v2,0.5,внутригородская территория города федерального значения муниципальный округ Бирюлево Западное,2024-10
v2,0.5,внутригородская территория города федерального значения муниципальный округ Богородское,2023-10
v2,0.5,внутригородская территория города федерального значения муниципальный округ Богородское,2024-01
v2,0.5,внутригородская территория города федерального значения муниципальный округ Богородское,2024-10
v2,0.5,внутригородская территория города федерального значения муниципальный округ Большая Охта,2023-06
v2,0.5,внутригородская территория города федерального значения муниципальный округ Большая Охта,2023-10
v2,0.5,внутригородская территория города федерального значения муниципальный округ Большая Охта,2024-01
v2,0.5,внутригородская территория города федерального значения муниципальный округ Большая Охта,2024-10
v2,0.5,внутригородская территория города федерального значения муниципальный округ Братеево,2023-10
v2,0.5,внутригородская территория города федерального значения муниципальный округ Братеево,2024-01
v2,0.5,внутригородская территория города федерального значения муниципальный округ Братеево,2024-10
v2,0.5,внутригородская территория города федерального значения муниципальный округ Бутырский,2023-10
v2,0.5,внутригородская территория города федерального значения муниципальный округ Бутырский,2024-01
v2,0.5,внутригородская территория города федерального значения муниципальный округ Бутырский,2024-10
v2,0.5,внутригородская территория города федерального значения муниципальный округ Васильевский,2023-10
v2,0.5,внутригородская территория города федерального значения муниципальный округ Васильевский,2024-01
v2,0.5,внутригородская территория города федерального значения муниципальный округ Васильевский,2024-10
v2,0.5,внутригородская территория города федерального значения муниципальный округ Введенский,2023-06
v2,0.5,внутригородская территория города федерального значения муниципальный округ Введенский,2023-10
v2,0.5,внутригородская территория города федерального значения муниципальный округ Введенский,2024-01
v2,0.5,внутригородская территория города федерального значения муниципальный округ Введенский,2024-10
v2,0.5,внутригородская территория города федерального значения муниципальный округ Вешняки,2023-10
v2,0.5,внутригородская территория города федерального значения муниципальный округ Вешняки,2024-01
v2,0.5,внутригородская территория города федерального значения муниципальный округ Вешняки,2024-10
v2,0.5,внутригородская территория города федерального значения муниципальный округ Владимирский округ,2023-06
v2,0.5,внутригородская территория города федерального значения муниципальный округ Владимирский округ,2023-10
v2,0.5,внутригородская территория города федерального значения муниципальный округ Владимирский округ,2024-01
v2,0.5,внутригородская территория города федерального значения муниципальный округ Владимирский округ,2024-10
v2,0.5,внутригородская территория города федерального значения муниципальный округ Внуково,2023-10
v2,0.5,внутригородская территория города федерального значения муниципальный округ Внуково,2024-01
v2,0.5,внутригородская территория города федерального значения муниципальный округ Внуково,2024-10
v2,0.5,внутригородская территория города федерального значения муниципальный округ Войковский,2023-10
v2,0.5,внутригородская территория города федерального значения муниципальный округ Войковский,2024-01
v2,0.5,внутригородская территория города федерального значения муниципальный округ Войковский,2024-10
v2,0.5,внутригородская территория города федерального значения муниципальный округ Волковское,2023-05
v2,0.5,внутригородская территория города федерального значения муниципальный округ Волковское,2023-10
v2,0.5,внутригородская территория города федерального значения муниципальный округ Волковское,2024-01
v2,0.5,внутригородская территория города федерального значения муниципальный округ Волковское,2024-10
v2,0.5,внутригородская территория города федерального значения муниципальный округ Восточное Дегунино,2023-10
v2,0.5,внутригородская территория города федерального значения муниципальный округ Восточное Дегунино,2024-01
v2,0.5,внутригородская территория города федерального значения муниципальный округ Восточное Дегунино,2024-10
v2,0.5,внутригородская территория города федерального значения муниципальный округ Восточное Измайлово,2023-10
v2,0.5,внутригородская территория города федерального значения муниципальный округ Восточное Измайлово,2024-01
v2,0.5,внутригородская территория города федерального значения муниципальный округ Восточное Измайлово,2024-10
v2,0.5,внутригородская территория города федерального значения муниципальный округ Восточный,2023-10
v2,0.5,внутригородская территория города федерального значения муниципальный округ Восточный,2024-01
v2,0.5,внутригородская территория города федерального значения муниципальный округ Восточный,2024-10
v2,0.5,внутригородская территория города федерального значения муниципальный округ Выхино-Жулебино,2023-10
v2,0.5,внутригородская территория города федерального значения муниципальный округ Выхино-Жулебино,2024-01
v2,0.5,внутригородская территория города федерального значения муниципальный округ Выхино-Жулебино,2024-10
v2,0.5,внутригородская территория города федерального значения муниципальный округ Гавань,2023-10
v2,0.5,внутригородская территория города федерального значения муниципальный округ Гавань,2024-01
v2,0.5,внутригородская территория города федерального значения муниципальный округ Гавань,2024-10
v2,0.5,внутригородская территория города федерального значения муниципальный округ Гагаринский,2023-05
v2,0.5,внутригородская территория города федерального значения муниципальный округ Гагаринский,2023-10
v2,0.5,внутригородская территория города федерального значения муниципальный округ Гагаринский,2024-01
v2,0.5,внутригородская территория города федерального значения муниципальный округ Гагаринский,2024-10
v2,0.5,внутригородская территория города федерального значения муниципальный округ Гагаринское,2023-10
v2,0.5,внутригородская территория города федерального значения муниципальный округ Гагаринское,2024-01
v2,0.5,внутригородская территория города федерального значения муниципальный округ Гагаринское,2024-10
v2,0.5,внутригородская территория города федерального значения муниципальный округ Георгиевский,2023-06
v2,0.5,внутригородская территория города федерального значения муниципальный округ Георгиевский,2023-10
v2,0.5,внутригородская территория города федерального значения муниципальный округ Георгиевский,2024-01
v2,0.5,внутригородская территория города федерального значения муниципальный округ Георгиевский,2024-10
v2,0.5,внутригородская территория города федерального значения муниципальный округ Головинский,2023-10
v2,0.5,внутригородская территория города федерального значения муниципальный округ Головинский,2024-01
v2,0.5,внутригородская территория города федерального значения муниципальный округ Головинский,2024-10
v2,0.5,внутригородская территория города федерального значения муниципальный округ Гольяново,2023-10
v2,0.5,внутригородская территория города федерального значения муниципальный округ Гольяново,2024-01
v2,0.5,внутригородская территория города федерального значения муниципальный округ Гольяново,2024-10
v2,0.5,внутригородская территория города федерального значения муниципальный округ Горелово,2023-05
v2,0.5,внутригородская территория города федерального значения муниципальный округ Горелово,2023-10
v2,0.5,внутригородская территория города федерального значения муниципальный округ Горелово,2024-01
v2,0.5,внутригородская территория города федерального значения муниципальный округ Горелово,2024-10
v2,0.5,внутригородская территория города федерального значения муниципальный округ Гражданка,2023-05
v2,0.5,внутригородская территория города федерального значения муниципальный округ Гражданка,2023-10
v2,0.5,внутригородская территория города федерального значения муниципальный округ Гражданка,2024-01
v2,0.5,внутригородская территория города федерального значения муниципальный округ Гражданка,2024-10
v2,0.5,внутригородская территория города федерального значения муниципальный округ Даниловский,2023-05
v2,0.5,внутригородская территория города федерального значения муниципальный округ Даниловский,2023-10
v2,0.5,внутригородская территория города федерального значения муниципальный округ Даниловский,2024-01
v2,0.5,внутригородская территория города федерального значения муниципальный округ Даниловский,2024-10
v2,0.5,внутригородская территория города федерального значения муниципальный округ Дачное,2023-06
v2,0.5,внутригородская территория города федерального значения муниципальный округ Дачное,2023-10
v2,0.5,внутригородская территория города федерального значения муниципальный округ Дачное,2024-01
v2,0.5,внутригородская территория города федерального значения муниципальный округ Дачное,2024-10
v2,0.5,внутригородская территория города федерального значения муниципальный округ Дворцовый округ,2023-09
v2,0.5,внутригородская территория города федерального значения муниципальный округ Дворцовый округ,2024-02
v2,0.5,внутригородская территория города федерального значения муниципальный округ Дворцовый округ,2024-06
v2,0.5,внутригородская территория города федерального значения муниципальный округ Дворцовый округ,2024-10
v2,0.5,внутригородская территория города федерального значения муниципальный округ Дмитровский,2023-10
v2,0.5,внутригородская территория города федерального значения муниципальный округ Дмитровский,2024-01
v2,0.5,внутригородская территория города федерального значения муниципальный округ Дмитровский,2024-10
v2,0.5,внутригородская территория города федерального значения муниципальный округ Донской,2023-10
v2,0.5,внутригородская территория города федерального значения муниципальный округ Донской,2024-01
v2,0.5,внутригородская территория города федерального значения муниципальный округ Донской,2024-10
v2,0.5,внутригородская территория города федерального значения муниципальный округ Дорогомилово,2023-10
v2,0.5,внутригородская территория города федерального значения муниципальный округ Дорогомилово,2024-01
v2,0.5,внутригородская территория города федерального значения муниципальный округ Дорогомилово,2024-10
v2,0.5,внутригородская территория города федерального значения муниципальный округ Екатерингофский,2023-10
v2,0.5,внутригородская территория города федерального значения муниципальный округ Екатерингофский,2024-01
v2,0.5,внутригородская территория города федерального значения муниципальный округ Екатерингофский,2024-10
v2,0.5,внутригородская территория города федерального значения муниципальный округ Замоскворечье,2024-01
v2,0.5,внутригородская территория города федерального значения муниципальный округ Замоскворечье,2024-10
v2,0.5,внутригородская территория города федерального значения муниципальный округ Западное Дегунино,2023-05
v2,0.5,внутригородская территория города федерального значения муниципальный округ Западное Дегунино,2023-10
v2,0.5,внутригородская территория города федерального значения муниципальный округ Западное Дегунино,2024-01
v2,0.5,внутригородская территория города федерального значения муниципальный округ Западное Дегунино,2024-10
v2,0.5,внутригородская территория города федерального значения муниципальный округ Звездное,2023-06
v2,0.5,внутригородская территория города федерального значения муниципальный округ Звездное,2023-10
v2,0.5,внутригородская территория города федерального значения муниципальный округ Звездное,2024-01
v2,0.5,внутригородская территория города федерального значения муниципальный округ Звездное,2024-10
v2,0.5,внутригородская территория города федерального значения муниципальный округ Зюзино,2023-10
v2,0.5,внутригородская территория города федерального значения муниципальный округ Зюзино,2024-01
v2,0.5,внутригородская территория города федерального значения муниципальный округ Зюзино,2024-10
v2,0.5,внутригородская территория города федерального значения муниципальный округ Зябликово,2023-10
v2,0.5,внутригородская территория города федерального значения муниципальный округ Зябликово,2024-01
v2,0.5,внутригородская территория города федерального значения муниципальный округ Зябликово,2024-10
v2,0.5,внутригородская территория города федерального значения муниципальный округ Ивановский,2023-06
v2,0.5,внутригородская территория города федерального значения муниципальный округ Ивановский,2023-10
v2,0.5,внутригородская территория города федерального значения муниципальный округ Ивановский,2024-01
v2,0.5,внутригородская территория города федерального значения муниципальный округ Ивановский,2024-10
v2,0.5,внутригородская территория города федерального значения муниципальный округ Ивановское,2023-10
v2,0.5,внутригородская территория города федерального значения муниципальный округ Ивановское,2024-01
v2,0.5,внутригородская территория города федерального значения муниципальный округ Ивановское,2024-10
v2,0.5,внутригородская территория города федерального значения муниципальный округ Измайлово,2023-10
v2,0.5,внутригородская территория города федерального значения муниципальный округ Измайлово,2024-01
v2,0.5,внутригородская территория города федерального значения муниципальный округ Измайлово,2024-10
v2,0.5,внутригородская территория города федерального значения муниципальный округ Измайловское,2023-05
v2,0.5,внутригородская территория города федерального значения муниципальный округ Измайловское,2023-10
v2,0.5,внутригородская территория города федерального значения муниципальный округ Измайловское,2024-01
v2,0.5,внутригородская территория города федерального значения муниципальный округ Измайловское,2024-10
v2,0.5,внутригородская территория города федерального значения муниципальный округ Капотня,2023-10
v2,0.5,внутригородская территория города федерального значения муниципальный округ Капотня,2024-01
v2,0.5,внутригородская территория города федерального значения муниципальный округ Капотня,2024-10
v2,0.5,внутригородская территория города федерального значения муниципальный округ Княжево,2023-10
v2,0.5,внутригородская территория города федерального значения муниципальный округ Княжево,2024-01
v2,0.5,внутригородская территория города федерального значения муниципальный округ Княжево,2024-10
v2,0.5,внутригородская территория города федерального значения муниципальный округ Коломна,2023-06
v2,0.5,внутригородская территория города федерального значения муниципальный округ Коломна,2023-10
v2,0.5,внутригородская территория города федерального значения муниципальный округ Коломна,2024-01
v2,0.5,внутригородская территория города федерального значения муниципальный округ Коломна,2024-10
v2,0.5,внутригородская территория города федерального значения муниципальный округ Коломяги,2023-10
v2,0.5,внутригородская территория города федерального значения муниципальный округ Коломяги,2024-01
v2,0.5,внутригородская территория города федерального значения муниципальный округ Коломяги,2024-10
v2,0.5,внутригородская территория города федерального значения муниципальный округ Комендантский аэродром,2023-10
v2,0.5,внутригородская территория города федерального значения муниципальный округ Комендантский аэродром,2024-01
v2,0.5,внутригородская территория города федерального значения муниципальный округ Комендантский аэродром,2024-10
v2,0.5,внутригородская территория города федерального значения муниципальный округ Константиновское,2023-05
v2,0.5,внутригородская территория города федерального значения муниципальный округ Константиновское,2023-10
v2,0.5,внутригородская территория города федерального значения муниципальный округ Константиновское,2024-01
v2,0.5,внутригородская территория города федерального значения муниципальный округ Константиновское,2024-10
v2,0.5,внутригородская территория города федерального значения муниципальный округ Коньково,2023-10
v2,0.5,внутригородская территория города федерального значения муниципальный округ Коньково,2024-01
v2,0.5,внутригородская территория города федерального значения муниципальный округ Коньково,2024-10
v2,0.5,внутригородская территория города федерального значения муниципальный округ Коптево,2023-10
v2,0.5,внутригородская территория города федерального значения муниципальный округ Коптево,2024-01
v2,0.5,внутригородская территория города федерального значения муниципальный округ Коптево,2024-10
v2,0.5,внутригородская территория города федерального значения муниципальный округ Косино-Ухтомский,2023-05
v2,0.5,внутригородская территория города федерального значения муниципальный округ Косино-Ухтомский,2023-10
v2,0.5,внутригородская территория города федерального значения муниципальный округ Косино-Ухтомский,2024-01
v2,0.5,внутригородская территория города федерального значения муниципальный округ Косино-Ухтомский,2024-10
v2,0.5,внутригородская территория города федерального значения муниципальный округ Котловка,2023-10
v2,0.5,внутригородская территория города федерального значения муниципальный округ Котловка,2024-01
v2,0.5,внутригородская территория города федерального значения муниципальный округ Котловка,2024-10
v2,0.5,внутригородская территория города федерального значения муниципальный округ Красненькая речка,2023-10
v2,0.5,внутригородская территория города федерального значения муниципальный округ Красненькая речка,2024-01
v2,0.5,внутригородская территория города федерального значения муниципальный округ Красненькая речка,2024-10
v2,0.5,внутригородская территория города федерального значения муниципальный округ Красносельский,2024-01
v2,0.5,внутригородская территория города федерального значения муниципальный округ Красносельский,2024-10
v2,0.5,внутригородская территория города федерального значения муниципальный округ Кронверкское,2023-10
v2,0.5,внутригородская территория города федерального значения муниципальный округ Кронверкское,2024-01
v2,0.5,внутригородская территория города федерального значения муниципальный округ Кронверкское,2024-10
v2,0.5,внутригородская территория города федерального значения муниципальный округ Крылатское,2023-05
v2,0.5,внутригородская территория города федерального значения муниципальный округ Крылатское,2023-10
v2,0.5,внутригородская территория города федерального значения муниципальный округ Крылатское,2024-01
v2,0.5,внутригородская территория города федерального значения муниципальный округ Крылатское,2024-10
v2,0.5,внутригородская территория города федерального значения муниципальный округ Крюково,2023-05
v2,0.5,внутригородская территория города федерального значения муниципальный округ Крюково,2023-10
v2,0.5,внутригородская территория города федерального значения муниципальный округ Крюково,2024-01
v2,0.5,внутригородская территория города федерального значения муниципальный округ Крюково,2024-10
v2,0.5,внутригородская территория города федерального значения муниципальный округ Кузьминки,2023-10
v2,0.5,внутригородская территория города федерального значения муниципальный округ Кузьминки,2024-01
v2,0.5,внутригородская территория города федерального значения муниципальный округ Кузьминки,2024-10
v2,0.5,внутригородская территория города федерального значения муниципальный округ Кунцево,2023-05
v2,0.5,внутригородская территория города федерального значения муниципальный округ Кунцево,2023-10
v2,0.5,внутригородская территория города федерального значения муниципальный округ Кунцево,2024-01
v2,0.5,внутригородская территория города федерального значения муниципальный округ Кунцево,2024-10
v2,0.5,внутригородская территория города федерального значения муниципальный округ Купчино,2023-10
v2,0.5,внутригородская территория города федерального значения муниципальный округ Купчино,2024-01
v2,0.5,внутригородская территория города федерального значения муниципальный округ Купчино,2024-10
v2,0.5,внутригородская территория города федерального значения муниципальный округ Куркино,2023-05
v2,0.5,внутригородская территория города федерального значения муниципальный округ Куркино,2023-10
v2,0.5,внутригородская территория города федерального значения муниципальный округ Куркино,2024-01
v2,0.5,внутригородская территория города федерального значения муниципальный округ Куркино,2024-10
v2,0.5,внутригородская территория города федерального значения муниципальный округ Ланское,2023-10
v2,0.5,внутригородская территория города федерального значения муниципальный округ Ланское,2024-01
v2,0.5,внутригородская территория города федерального значения муниципальный округ Ланское,2024-10
v2,0.5,внутригородская территория города федерального значения муниципальный округ Лахта-Ольгино,2023-10
v2,0.5,внутригородская территория города федерального значения муниципальный округ Лахта-Ольгино,2024-01
v2,0.5,внутригородская территория города федерального значения муниципальный округ Лахта-Ольгино,2024-10
v2,0.5,внутригородская территория города федерального значения муниципальный округ Левобережный,2023-10
v2,0.5,внутригородская территория города федерального значения муниципальный округ Левобережный,2024-01
v2,0.5,внутригородская территория города федерального значения муниципальный округ Левобережный,2024-10
v2,0.5,внутригородская территория города федерального значения муниципальный округ Лефортово,2023-10
v2,0.5,внутригородская территория города федерального значения муниципальный округ Лефортово,2024-01
v2,0.5,внутригородская территория города федерального значения муниципальный округ Лефортово,2024-10
v2,0.5,внутригородская территория города федерального значения муниципальный округ Лианозово,2023-05
v2,0.5,внутригородская территория города федерального значения муниципальный округ Лианозово,2023-10
v2,0.5,внутригородская территория города федерального значения муниципальный округ Лианозово,2024-01
v2,0.5,внутригородская территория города федерального значения муниципальный округ Лианозово,2024-10
v2,0.5,внутригородская территория города федерального значения муниципальный округ Лиговка-Ямская,2023-06
v2,0.5,внутригородская территория города федерального значения муниципальный округ Лиговка-Ямская,2023-10
v2,0.5,внутригородская территория города федерального значения муниципальный округ Лиговка-Ямская,2024-01
v2,0.5,внутригородская территория города федерального значения муниципальный округ Лиговка-Ямская,2024-10
v2,0.5,внутригородская территория города федерального значения муниципальный округ Литейный округ,2023-05
v2,0.5,внутригородская территория города федерального значения муниципальный округ Литейный округ,2023-10
v2,0.5,внутригородская территория города федерального значения муниципальный округ Литейный округ,2024-01
v2,0.5,внутригородская территория города федерального значения муниципальный округ Литейный округ,2024-10
v2,0.5,внутригородская территория города федерального значения муниципальный округ Ломоносовский,2023-10
v2,0.5,внутригородская территория города федерального значения муниципальный округ Ломоносовский,2024-01
v2,0.5,внутригородская территория города федерального значения муниципальный округ Ломоносовский,2024-10
v2,0.5,внутригородская территория города федерального значения муниципальный округ Лосиноостровский,2023-10
v2,0.5,внутригородская территория города федерального значения муниципальный округ Лосиноостровский,2024-01
v2,0.5,внутригородская территория города федерального значения муниципальный округ Лосиноостровский,2024-10
v2,0.5,внутригородская территория города федерального значения муниципальный округ Люблино,2023-10
v2,0.5,внутригородская территория города федерального значения муниципальный округ Люблино,2024-01
v2,0.5,внутригородская территория города федерального значения муниципальный округ Люблино,2024-10
v2,0.5,внутригородская территория города федерального значения муниципальный округ Малая Охта,2023-06
v2,0.5,внутригородская территория города федерального значения муниципальный округ Малая Охта,2023-10
v2,0.5,внутригородская территория города федерального значения муниципальный округ Малая Охта,2024-01
v2,0.5,внутригородская территория города федерального значения муниципальный округ Малая Охта,2024-10
v2,0.5,внутригородская территория города федерального значения муниципальный округ Марфино,2023-10
v2,0.5,внутригородская территория города федерального значения муниципальный округ Марфино,2024-01
v2,0.5,внутригородская территория города федерального значения муниципальный округ Марфино,2024-10
v2,0.5,внутригородская территория города федерального значения муниципальный округ Марьина роща,2023-10
v2,0.5,внутригородская территория города федерального значения муниципальный округ Марьина роща,2024-01
v2,0.5,внутригородская территория города федерального значения муниципальный округ Марьина роща,2024-10
v2,0.5,внутригородская территория города федерального значения муниципальный округ Марьино,2023-05
v2,0.5,внутригородская территория города федерального значения муниципальный округ Марьино,2023-10
v2,0.5,внутригородская территория города федерального значения муниципальный округ Марьино,2024-01
v2,0.5,внутригородская территория города федерального значения муниципальный округ Марьино,2024-10
v2,0.5,внутригородская территория города федерального значения муниципальный округ Матушкино,2023-10
v2,0.5,внутригородская территория города федерального значения муниципальный округ Матушкино,2024-01
v2,0.5,внутригородская территория города федерального значения муниципальный округ Матушкино,2024-10
v2,0.5,внутригородская территория города федерального значения муниципальный округ Метрогородок,2023-10
v2,0.5,внутригородская территория города федерального значения муниципальный округ Метрогородок,2024-01
v2,0.5,внутригородская территория города федерального значения муниципальный округ Метрогородок,2024-10
v2,0.5,внутригородская территория города федерального значения муниципальный округ Мещанский,2023-10
v2,0.5,внутригородская территория города федерального значения муниципальный округ Мещанский,2024-01
v2,0.5,внутригородская территория города федерального значения муниципальный округ Мещанский,2024-10
v2,0.5,внутригородская территория города федерального значения муниципальный округ Митино,2023-10
v2,0.5,внутригородская территория города федерального значения муниципальный округ Митино,2024-01
v2,0.5,внутригородская территория города федерального значения муниципальный округ Митино,2024-10
v2,0.5,внутригородская территория города федерального значения муниципальный округ Можайский,2023-10
v2,0.5,внутригородская территория города федерального значения муниципальный округ Можайский,2024-01
v2,0.5,внутригородская территория города федерального значения муниципальный округ Можайский,2024-10
v2,0.5,внутригородская территория города федерального значения муниципальный округ Молжаниновский,2023-10
v2,0.5,внутригородская территория города федерального значения муниципальный округ Молжаниновский,2024-01
v2,0.5,внутригородская территория города федерального значения муниципальный округ Молжаниновский,2024-10
v2,0.5,внутригородская территория города федерального значения муниципальный округ Морские ворота,2023-10
v2,0.5,внутригородская территория города федерального значения муниципальный округ Морские ворота,2024-01
v2,0.5,внутригородская территория города федерального значения муниципальный округ Морские ворота,2024-10
v2,0.5,внутригородская территория города федерального значения муниципальный округ Морской,2023-06
v2,0.5,внутригородская территория города федерального значения муниципальный округ Морской,2023-10
v2,0.5,внутригородская территория города федерального значения муниципальный округ Морской,2024-01
v2,0.5,внутригородская территория города федерального значения муниципальный округ Морской,2024-10
v2,0.5,внутригородская территория города федерального значения муниципальный округ Москворечье-Сабурово,2023-05
v2,0.5,внутригородская территория города федерального значения муниципальный округ Москворечье-Сабурово,2023-10
v2,0.5,внутригородская территория города федерального значения муниципальный округ Москворечье-Сабурово,2024-01
v2,0.5,внутригородская территория города федерального значения муниципальный округ Москворечье-Сабурово,2024-10
v2,0.5,внутригородская территория города федерального значения муниципальный округ Московская застава,2023-10
v2,0.5,внутригородская территория города федерального значения муниципальный округ Московская застава,2024-01
v2,0.5,внутригородская территория города федерального значения муниципальный округ Московская застава,2024-10
v2,0.5,внутригородская территория города федерального значения муниципальный округ Нагатино-Садовники,2023-10
v2,0.5,внутригородская территория города федерального значения муниципальный округ Нагатино-Садовники,2024-01
v2,0.5,внутригородская территория города федерального значения муниципальный округ Нагатино-Садовники,2024-10
v2,0.5,внутригородская территория города федерального значения муниципальный округ Нагатинский затон,2023-05
v2,0.5,внутригородская территория города федерального значения муниципальный округ Нагатинский затон,2023-10
v2,0.5,внутригородская территория города федерального значения муниципальный округ Нагатинский затон,2024-01
v2,0.5,внутригородская территория города федерального значения муниципальный округ Нагатинский затон,2024-10
v2,0.5,внутригородская территория города федерального значения муниципальный округ Нагорный,2023-10
v2,0.5,внутригородская территория города федерального значения муниципальный округ Нагорный,2024-01
v2,0.5,внутригородская территория города федерального значения муниципальный округ Нагорный,2024-10
v2,0.5,внутригородская территория города федерального значения муниципальный округ Нарвский округ,2023-10
v2,0.5,внутригородская территория города федерального значения муниципальный округ Нарвский округ,2024-01
v2,0.5,внутригородская территория города федерального значения муниципальный округ Нарвский округ,2024-10
v2,0.5,внутригородская территория города федерального значения муниципальный округ Народный,2023-10
v2,0.5,внутригородская территория города федерального значения муниципальный округ Народный,2024-01
v2,0.5,внутригородская территория города федерального значения муниципальный округ Народный,2024-10
v2,0.5,внутригородская территория города федерального значения муниципальный округ Невская застава,2023-06
v2,0.5,внутригородская территория города федерального значения муниципальный округ Невская застава,2023-10
v2,0.5,внутригородская территория города федерального значения муниципальный округ Невская застава,2024-01
v2,0.5,внутригородская территория города федерального значения муниципальный округ Невская застава,2024-10
v2,0.5,внутригородская территория города федерального значения муниципальный округ Невский округ,2023-06
v2,0.5,внутригородская территория города федерального значения муниципальный округ Невский округ,2023-10
v2,0.5,внутригородская территория города федерального значения муниципальный округ Невский округ,2024-01
v2,0.5,внутригородская территория города федерального значения муниципальный округ Невский округ,2024-10
v2,0.5,внутригородская территория города федерального значения муниципальный округ Некрасовка,2023-05
v2,0.5,внутригородская территория города федерального значения муниципальный округ Некрасовка,2023-10
v2,0.5,внутригородская территория города федерального значения муниципальный округ Некрасовка,2024-01
v2,0.5,внутригородская территория города федерального значения муниципальный округ Некрасовка,2024-10
v2,0.5,внутригородская территория города федерального значения муниципальный округ Нижегородский,2023-10
v2,0.5,внутригородская территория города федерального значения муниципальный округ Нижегородский,2024-01
v2,0.5,внутригородская территория города федерального значения муниципальный округ Нижегородский,2024-10
v2,0.5,внутригородская территория города федерального значения муниципальный округ Ново-Переделкино,2023-10
v2,0.5,внутригородская территория города федерального значения муниципальный округ Ново-Переделкино,2024-01
v2,0.5,внутригородская территория города федерального значения муниципальный округ Ново-Переделкино,2024-10
v2,0.5,внутригородская территория города федерального значения муниципальный округ Новогиреево,2023-10
v2,0.5,внутригородская территория города федерального значения муниципальный округ Новогиреево,2024-01
v2,0.5,внутригородская территория города федерального значения муниципальный округ Новогиреево,2024-10
v2,0.5,внутригородская территория города федерального значения муниципальный округ Новоизмайловское,2023-10
v2,0.5,внутригородская территория города федерального значения муниципальный округ Новоизмайловское,2024-01
v2,0.5,внутригородская территория города федерального значения муниципальный округ Новоизмайловское,2024-10
v2,0.5,внутригородская территория города федерального значения муниципальный округ Новокосино,2023-05
v2,0.5,внутригородская территория города федерального значения муниципальный округ Новокосино,2023-10
v2,0.5,внутригородская территория города федерального значения муниципальный округ Новокосино,2024-01
v2,0.5,внутригородская территория города федерального значения муниципальный округ Новокосино,2024-10
v2,0.5,внутригородская территория города федерального значения муниципальный округ Обручевский,2023-10
v2,0.5,внутригородская территория города федерального значения муниципальный округ Обручевский,2024-01
v2,0.5,внутригородская территория города федерального значения муниципальный округ Обручевский,2024-10
v2,0.5,внутригородская территория города федерального значения муниципальный округ Обуховский,2023-06
v2,0.5,внутригородская территория города федерального значения муниципальный округ Обуховский,2023-10
v2,0.5,внутригородская территория города федерального значения муниципальный округ Обуховский,2024-01
v2,0.5,внутригородская территория города федерального значения муниципальный округ Обуховский,2024-10
v2,0.5,внутригородская территория города федерального значения муниципальный округ Озеро Долгое,2023-06
v2,0.5,внутригородская территория города федерального значения муниципальный округ Озеро Долгое,2023-10
v2,0.5,внутригородская территория города федерального значения муниципальный округ Озеро Долгое,2024-01
v2,0.5,внутригородская территория города федерального значения муниципальный округ Озеро Долгое,2024-10
v2,0.5,внутригородская территория города федерального значения муниципальный округ Оккервиль,2023-05
v2,0.5,внутригородская территория города федерального значения муниципальный округ Оккервиль,2023-10
v2,0.5,внутригородская территория города федерального значения муниципальный округ Оккервиль,2024-01
v2,0.5,внутригородская территория города федерального значения муниципальный округ Оккервиль,2024-10
v2,0.5,внутригородская территория города федерального значения муниципальный округ Орехово-Борисово Северное,2023-10
v2,0.5,внутригородская территория города федерального значения муниципальный округ Орехово-Борисово Северное,2024-01
v2,0.5,внутригородская территория города федерального значения муниципальный округ Орехово-Борисово Северное,2024-10
v2,0.5,внутригородская территория города федерального значения муниципальный округ Орехово-Борисово Южное,2023-05
v2,0.5,внутригородская территория города федерального значения муниципальный округ Орехово-Борисово Южное,2023-10
v2,0.5,внутригородская территория города федерального значения муниципальный округ Орехово-Борисово Южное,2024-01
v2,0.5,внутригородская территория города федерального значения муниципальный округ Орехово-Борисово Южное,2024-10
v2,0.5,внутригородская территория города федерального значения муниципальный округ Останкинский,2023-10
v2,0.5,внутригородская территория города федерального значения муниципальный округ Останкинский,2024-01
v2,0.5,внутригородская территория города федерального значения муниципальный округ Останкинский,2024-10
v2,0.5,внутригородская территория города федерального значения муниципальный округ Остров Декабристов,2023-06
v2,0.5,внутригородская территория города федерального значения муниципальный округ Остров Декабристов,2023-10
v2,0.5,внутригородская территория города федерального значения муниципальный округ Остров Декабристов,2024-01
v2,0.5,внутригородская территория города федерального значения муниципальный округ Остров Декабристов,2024-10
v2,0.5,внутригородская территория города федерального значения муниципальный округ Отрадное,2023-10
v2,0.5,внутригородская территория города федерального значения муниципальный округ Отрадное,2024-01
v2,0.5,внутригородская территория города федерального значения муниципальный округ Отрадное,2024-10
v2,0.5,внутригородская территория города федерального значения муниципальный округ Очаково-Матвеевское,2023-10
v2,0.5,внутригородская территория города федерального значения муниципальный округ Очаково-Матвеевское,2024-01
v2,0.5,внутригородская территория города федерального значения муниципальный округ Очаково-Матвеевское,2024-10
v2,0.5,внутригородская территория города федерального значения муниципальный округ Перово,2023-10
v2,0.5,внутригородская территория города федерального значения муниципальный округ Перово,2024-01
v2,0.5,внутригородская территория города федерального значения муниципальный округ Перово,2024-10
v2,0.5,внутригородская территория города федерального значения муниципальный округ Печатники,2023-10
v2,0.5,внутригородская территория города федерального значения муниципальный округ Печатники,2024-01
v2,0.5,внутригородская территория города федерального значения муниципальный округ Печатники,2024-10
v2,0.5,внутригородская территория города федерального значения муниципальный округ Пискаревка,2023-10
v2,0.5,внутригородская территория города федерального значения муниципальный округ Пискаревка,2024-01
v2,0.5,внутригородская территория города федерального значения муниципальный округ Пискаревка,2024-10
v2,0.5,внутригородская территория города федерального значения муниципальный округ Покровское-Стрешнево,2023-10
v2,0.5,внутригородская территория города федерального значения муниципальный округ Покровское-Стрешнево,2024-01
v2,0.5,внутригородская территория города федерального значения муниципальный округ Покровское-Стрешнево,2024-10
v2,0.5,внутригородская территория города федерального значения муниципальный округ Полюстрово,2023-06
v2,0.5,внутригородская территория города федерального значения муниципальный округ Полюстрово,2023-10
v2,0.5,внутригородская территория города федерального значения муниципальный округ Полюстрово,2024-01
v2,0.5,внутригородская территория города федерального значения муниципальный округ Полюстрово,2024-10
v2,0.5,внутригородская территория города федерального значения муниципальный округ Пороховые,2023-06
v2,0.5,внутригородская территория города федерального значения муниципальный округ Пороховые,2023-10
v2,0.5,внутригородская территория города федерального значения муниципальный округ Пороховые,2024-01
v2,0.5,внутригородская территория города федерального значения муниципальный округ Пороховые,2024-10
v2,0.5,внутригородская территория города федерального значения муниципальный округ Посадский,2023-10
v2,0.5,внутригородская территория города федерального значения муниципальный округ Посадский,2024-01
v2,0.5,внутригородская территория города федерального значения муниципальный округ Посадский,2024-10
v2,0.5,внутригородская территория города федерального значения муниципальный округ Правобережный,2023-06
v2,0.5,внутригородская территория города федерального значения муниципальный округ Правобережный,2023-10
v2,0.5,внутригородская территория города федерального значения муниципальный округ Правобережный,2024-01
v2,0.5,внутригородская территория города федерального значения муниципальный округ Правобережный,2024-10
v2,0.5,внутригородская территория города федерального значения муниципальный округ Преображенское,2023-10
v2,0.5,внутригородская территория города федерального значения муниципальный округ Преображенское,2024-01
v2,0.5,внутригородская территория города федерального значения муниципальный округ Преображенское,2024-10
v2,0.5,внутригородская территория города федерального значения муниципальный округ Пресненский,2023-10
v2,0.5,внутригородская территория города федерального значения муниципальный округ Пресненский,2024-01
v2,0.5,внутригородская территория города федерального значения муниципальный округ Пресненский,2024-10
v2,0.5,внутригородская территория города федерального значения муниципальный округ Прометей,2023-06
v2,0.5,внутригородская территория города федерального значения муниципальный округ Прометей,2023-10
v2,0.5,внутригородская территория города федерального значения муниципальный округ Прометей,2024-01
v2,0.5,внутригородская территория города федерального значения муниципальный округ Прометей,2024-10
v2,0.5,внутригородская территория города федерального значения муниципальный округ Проспект Вернадского,2023-10
v2,0.5,внутригородская территория города федерального значения муниципальный округ Проспект Вернадского,2024-01
v2,0.5,внутригородская территория города федерального значения муниципальный округ Проспект Вернадского,2024-10
v2,0.5,внутригородская территория города федерального значения муниципальный округ Пулковский меридиан,2023-06
v2,0.5,внутригородская территория города федерального значения муниципальный округ Пулковский меридиан,2023-10
v2,0.5,внутригородская территория города федерального значения муниципальный округ Пулковский меридиан,2024-01
v2,0.5,внутригородская территория города федерального значения муниципальный округ Пулковский меридиан,2024-10
v2,0.5,внутригородская территория города федерального значения муниципальный округ Раменки,2023-10
v2,0.5,внутригородская территория города федерального значения муниципальный округ Раменки,2024-01
v2,0.5,внутригородская территория города федерального значения муниципальный округ Раменки,2024-10
v2,0.5,внутригородская территория города федерального значения муниципальный округ Ржевка,2023-06
v2,0.5,внутригородская территория города федерального значения муниципальный округ Ржевка,2023-10
v2,0.5,внутригородская территория города федерального значения муниципальный округ Ржевка,2024-01
v2,0.5,внутригородская территория города федерального значения муниципальный округ Ржевка,2024-10
v2,0.5,внутригородская территория города федерального значения муниципальный округ Ростокино,2023-10
v2,0.5,внутригородская территория города федерального значения муниципальный округ Ростокино,2024-01
v2,0.5,внутригородская территория города федерального значения муниципальный округ Ростокино,2024-10
v2,0.5,внутригородская территория города федерального значения муниципальный округ Рыбацкое,2023-06
v2,0.5,внутригородская территория города федерального значения муниципальный округ Рыбацкое,2023-10
v2,0.5,внутригородская территория города федерального значения муниципальный округ Рыбацкое,2024-01
v2,0.5,внутригородская территория города федерального значения муниципальный округ Рыбацкое,2024-10
v2,0.5,внутригородская территория города федерального значения муниципальный округ Рязанский,2023-10
v2,0.5,внутригородская территория города федерального значения муниципальный округ Рязанский,2024-01
v2,0.5,внутригородская территория города федерального значения муниципальный округ Рязанский,2024-10
v2,0.5,внутригородская территория города федерального значения муниципальный округ Савеловский,2023-10
v2,0.5,внутригородская территория города федерального значения муниципальный округ Савеловский,2024-01
v2,0.5,внутригородская территория города федерального значения муниципальный округ Савеловский,2024-10
v2,0.5,внутригородская территория города федерального значения муниципальный округ Сампсониевское,2023-10
v2,0.5,внутригородская территория города федерального значения муниципальный округ Сампсониевское,2024-01
v2,0.5,внутригородская территория города федерального значения муниципальный округ Сампсониевское,2024-10
v2,0.5,внутригородская территория города федерального значения муниципальный округ Светлановское,2023-06
v2,0.5,внутригородская территория города федерального значения муниципальный округ Светлановское,2023-10
v2,0.5,внутригородская территория города федерального значения муниципальный округ Светлановское,2024-01
v2,0.5,внутригородская территория города федерального значения муниципальный округ Светлановское,2024-10
v2,0.5,внутригородская территория города федерального значения муниципальный округ Свиблово,2023-10
v2,0.5,внутригородская территория города федерального значения муниципальный округ Свиблово,2024-01
v2,0.5,внутригородская территория города федерального значения муниципальный округ Свиблово,2024-10
v2,0.5,внутригородская территория города федерального значения муниципальный округ Северное Бутово,2023-10
v2,0.5,внутригородская территория города федерального значения муниципальный округ Северное Бутово,2024-01
v2,0.5,внутригородская территория города федерального значения муниципальный округ Северное Бутово,2024-10
v2,0.5,внутригородская территория города федерального значения муниципальный округ Северное Измайлово,2023-05
v2,0.5,внутригородская территория города федерального значения муниципальный округ Северное Измайлово,2023-10
v2,0.5,внутригородская территория города федерального значения муниципальный округ Северное Измайлово,2024-01
v2,0.5,внутригородская территория города федерального значения муниципальный округ Северное Измайлово,2024-10
v2,0.5,внутригородская территория города федерального значения муниципальный округ Северное Медведково,2023-10
v2,0.5,внутригородская территория города федерального значения муниципальный округ Северное Медведково,2024-01
v2,0.5,внутригородская территория города федерального значения муниципальный округ Северное Медведково,2024-10
v2,0.5,внутригородская территория города федерального значения муниципальный округ Северное Тушино,2023-10
v2,0.5,внутригородская территория города федерального значения муниципальный округ Северное Тушино,2024-01
v2,0.5,внутригородская территория города федерального значения муниципальный округ Северное Тушино,2024-10
v2,0.5,внутригородская территория города федерального значения муниципальный округ Северный #1,2023-10
v2,0.5,внутригородская территория города федерального значения муниципальный округ Северный #1,2024-01
v2,0.5,внутригородская территория города федерального значения муниципальный округ Северный #1,2024-10
v2,0.5,внутригородская территория города федерального значения муниципальный округ Северный #2,2023-06
v2,0.5,внутригородская территория города федерального значения муниципальный округ Северный #2,2023-10
v2,0.5,внутригородская территория города федерального значения муниципальный округ Северный #2,2024-01
v2,0.5,внутригородская территория города федерального значения муниципальный округ Северный #2,2024-10
v2,0.5,внутригородская территория города федерального значения муниципальный округ Семеновский,2023-10
v2,0.5,внутригородская территория города федерального значения муниципальный округ Семеновский,2024-01
v2,0.5,внутригородская территория города федерального значения муниципальный округ Семеновский,2024-10
v2,0.5,внутригородская территория города федерального значения муниципальный округ Сенной округ,2023-06
v2,0.5,внутригородская территория города федерального значения муниципальный округ Сенной округ,2023-10
v2,0.5,внутригородская территория города федерального значения муниципальный округ Сенной округ,2024-01
v2,0.5,внутригородская территория города федерального значения муниципальный округ Сенной округ,2024-10
v2,0.5,внутригородская территория города федерального значения муниципальный округ Сергиевское,2023-06
v2,0.5,внутригородская территория города федерального значения муниципальный округ Сергиевское,2023-10
v2,0.5,внутригородская территория города федерального значения муниципальный округ Сергиевское,2024-01
v2,0.5,внутригородская территория города федерального значения муниципальный округ Сергиевское,2024-10
v2,0.5,внутригородская территория города федерального значения муниципальный округ Силино,2023-10
v2,0.5,внутригородская территория города федерального значения муниципальный округ Силино,2024-01
v2,0.5,внутригородская территория города федерального значения муниципальный округ Силино,2024-10
v2,0.5,внутригородская территория города федерального значения муниципальный округ Смольнинское,2023-10
v2,0.5,внутригородская территория города федерального значения муниципальный округ Смольнинское,2024-01
v2,0.5,внутригородская территория города федерального значения муниципальный округ Смольнинское,2024-10
v2,0.5,внутригородская территория города федерального значения муниципальный округ Сокол,2023-10
v2,0.5,внутригородская территория города федерального значения муниципальный округ Сокол,2024-01
v2,0.5,внутригородская территория города федерального значения муниципальный округ Сокол,2024-10
v2,0.5,внутригородская территория города федерального значения муниципальный округ Соколиная гора,2023-10
v2,0.5,внутригородская территория города федерального значения муниципальный округ Соколиная гора,2024-01
v2,0.5,внутригородская территория города федерального значения муниципальный округ Соколиная гора,2024-10
v2,0.5,внутригородская территория города федерального значения муниципальный округ Сокольники,2023-10
v2,0.5,внутригородская территория города федерального значения муниципальный округ Сокольники,2024-01
v2,0.5,внутригородская территория города федерального значения муниципальный округ Сокольники,2024-10
v2,0.5,внутригородская территория города федерального значения муниципальный округ Солнцево,2023-10
v2,0.5,внутригородская территория города федерального значения муниципальный округ Солнцево,2024-01
v2,0.5,внутригородская территория города федерального значения муниципальный округ Солнцево,2024-10
v2,0.5,внутригородская территория города федерального значения муниципальный округ Сосновая поляна,2023-10
v2,0.5,внутригородская территория города федерального значения муниципальный округ Сосновая поляна,2024-01
v2,0.5,внутригородская территория города федерального значения муниципальный округ Сосновая поляна,2024-10
v2,0.5,внутригородская территория города федерального значения муниципальный округ Сосновское,2023-10
v2,0.5,внутригородская территория города федерального значения муниципальный округ Сосновское,2024-01
v2,0.5,внутригородская территория города федерального значения муниципальный округ Сосновское,2024-10
v2,0.5,внутригородская территория города федерального значения муниципальный округ Старое Крюково,2023-05
v2,0.5,внутригородская территория города федерального значения муниципальный округ Старое Крюково,2023-10
v2,0.5,внутригородская территория города федерального значения муниципальный округ Старое Крюково,2024-01
v2,0.5,внутригородская территория города федерального значения муниципальный округ Старое Крюково,2024-10
v2,0.5,внутригородская территория города федерального значения муниципальный округ Строгино,2023-10
v2,0.5,внутригородская территория города федерального значения муниципальный округ Строгино,2024-01
v2,0.5,внутригородская территория города федерального значения муниципальный округ Строгино,2024-10
v2,0.5,внутригородская территория города федерального значения муниципальный округ Таганский,2023-05
v2,0.5,внутригородская территория города федерального значения муниципальный округ Таганский,2023-10
v2,0.5,внутригородская территория города федерального значения муниципальный округ Таганский,2024-01
v2,0.5,внутригородская территория города федерального значения муниципальный округ Таганский,2024-10
v2,0.5,внутригородская территория города федерального значения муниципальный округ Тверской,2023-10
v2,0.5,внутригородская территория города федерального значения муниципальный округ Тверской,2024-01
v2,0.5,внутригородская территория города федерального значения муниципальный округ Тверской,2024-10
v2,0.5,внутригородская территория города федерального значения муниципальный округ Текстильщики,2023-10
v2,0.5,внутригородская территория города федерального значения муниципальный округ Текстильщики,2024-01
v2,0.5,внутригородская территория города федерального значения муниципальный округ Текстильщики,2024-10
v2,0.5,внутригородская территория города федерального значения муниципальный округ Теплый Стан,2023-05
v2,0.5,внутригородская территория города федерального значения муниципальный округ Теплый Стан,2023-10
v2,0.5,внутригородская территория города федерального значения муниципальный округ Теплый Стан,2024-01
v2,0.5,внутригородская территория города федерального значения муниципальный округ Теплый Стан,2024-10
v2,0.5,внутригородская территория города федерального значения муниципальный округ Тимирязевский,2023-10
v2,0.5,внутригородская территория города федерального значения муниципальный округ Тимирязевский,2024-01
v2,0.5,внутригородская территория города федерального значения муниципальный округ Тимирязевский,2024-10
v2,0.5,внутригородская территория города федерального значения муниципальный округ Тропарево-Никулино,2023-05
v2,0.5,внутригородская территория города федерального значения муниципальный округ Тропарево-Никулино,2023-10
v2,0.5,внутригородская территория города федерального значения муниципальный округ Тропарево-Никулино,2024-01
v2,0.5,внутригородская территория города федерального значения муниципальный округ Тропарево-Никулино,2024-10
v2,0.5,внутригородская территория города федерального значения муниципальный округ Ульянка,2023-06
v2,0.5,внутригородская территория города федерального значения муниципальный округ Ульянка,2023-10
v2,0.5,внутригородская территория города федерального значения муниципальный округ Ульянка,2024-01
v2,0.5,внутригородская территория города федерального значения муниципальный округ Ульянка,2024-10
v2,0.5,внутригородская территория города федерального значения муниципальный округ Урицк,2023-10
v2,0.5,внутригородская территория города федерального значения муниципальный округ Урицк,2024-01
v2,0.5,внутригородская территория города федерального значения муниципальный округ Урицк,2024-10
v2,0.5,внутригородская территория города федерального значения муниципальный округ Филевский парк,2023-05
v2,0.5,внутригородская территория города федерального значения муниципальный округ Филевский парк,2023-10
v2,0.5,внутригородская территория города федерального значения муниципальный округ Филевский парк,2024-01
v2,0.5,внутригородская территория города федерального значения муниципальный округ Филевский парк,2024-10
v2,0.5,внутригородская территория города федерального значения муниципальный округ Фили-Давыдково,2023-05
v2,0.5,внутригородская территория города федерального значения муниципальный округ Фили-Давыдково,2023-10
v2,0.5,внутригородская территория города федерального значения муниципальный округ Фили-Давыдково,2024-01
v2,0.5,внутригородская территория города федерального значения муниципальный округ Фили-Давыдково,2024-10
v2,0.5,внутригородская территория города федерального значения муниципальный округ Финляндский округ,2023-06
v2,0.5,внутригородская территория города федерального значения муниципальный округ Финляндский округ,2023-10
v2,0.5,внутригородская территория города федерального значения муниципальный округ Финляндский округ,2024-01
v2,0.5,внутригородская территория города федерального значения муниципальный округ Финляндский округ,2024-10
v2,0.5,внутригородская территория города федерального значения муниципальный округ Хамовники,2023-10
v2,0.5,внутригородская территория города федерального значения муниципальный округ Хамовники,2024-01
v2,0.5,внутригородская территория города федерального значения муниципальный округ Хамовники,2024-10
v2,0.5,внутригородская территория города федерального значения муниципальный округ Ховрино,2023-10
v2,0.5,внутригородская территория города федерального значения муниципальный округ Ховрино,2024-01
v2,0.5,внутригородская территория города федерального значения муниципальный округ Ховрино,2024-10
v2,0.5,внутригородская территория города федерального значения муниципальный округ Хорошево-Мневники,2023-10
v2,0.5,внутригородская территория города федерального значения муниципальный округ Хорошево-Мневники,2024-01
v2,0.5,внутригородская территория города федерального значения муниципальный округ Хорошево-Мневники,2024-10
v2,0.5,внутригородская территория города федерального значения муниципальный округ Хорошевский,2023-05
v2,0.5,внутригородская территория города федерального значения муниципальный округ Хорошевский,2023-10
v2,0.5,внутригородская территория города федерального значения муниципальный округ Хорошевский,2024-01
v2,0.5,внутригородская территория города федерального значения муниципальный округ Хорошевский,2024-10
v2,0.5,внутригородская территория города федерального значения муниципальный округ Царицыно,2023-10
v2,0.5,внутригородская территория города федерального значения муниципальный округ Царицыно,2024-01
v2,0.5,внутригородская территория города федерального значения муниципальный округ Царицыно,2024-10
v2,0.5,внутригородская территория города федерального значения муниципальный округ Черемушки,2023-05
v2,0.5,внутригородская территория города федерального значения муниципальный округ Черемушки,2023-10
v2,0.5,внутригородская территория города федерального значения муниципальный округ Черемушки,2024-01
v2,0.5,внутригородская территория города федерального значения муниципальный округ Черемушки,2024-10
v2,0.5,внутригородская территория города федерального значения муниципальный округ Чертаново Северное,2023-10
v2,0.5,внутригородская территория города федерального значения муниципальный округ Чертаново Северное,2024-01
v2,0.5,внутригородская территория города федерального значения муниципальный округ Чертаново Северное,2024-10
v2,0.5,внутригородская территория города федерального значения муниципальный округ Чертаново Центральное,2023-05
v2,0.5,внутригородская территория города федерального значения муниципальный округ Чертаново Центральное,2023-10
v2,0.5,внутригородская территория города федерального значения муниципальный округ Чертаново Центральное,2024-01
v2,0.5,внутригородская территория города федерального значения муниципальный округ Чертаново Центральное,2024-10
v2,0.5,внутригородская территория города федерального значения муниципальный округ Чертаново Южное,2023-10
v2,0.5,внутригородская территория города федерального значения муниципальный округ Чертаново Южное,2024-01
v2,0.5,внутригородская территория города федерального значения муниципальный округ Чертаново Южное,2024-10
v2,0.5,внутригородская территория города федерального значения муниципальный округ Чкаловское,2023-06
v2,0.5,внутригородская территория города федерального значения муниципальный округ Чкаловское,2024-02
v2,0.5,внутригородская территория города федерального значения муниципальный округ Чкаловское,2024-05
v2,0.5,внутригородская территория города федерального значения муниципальный округ Чкаловское,2024-10
v2,0.5,внутригородская территория города федерального значения муниципальный округ Шувалово-Озерки,2023-06
v2,0.5,внутригородская территория города федерального значения муниципальный округ Шувалово-Озерки,2023-10
v2,0.5,внутригородская территория города федерального значения муниципальный округ Шувалово-Озерки,2024-01
v2,0.5,внутригородская территория города федерального значения муниципальный округ Шувалово-Озерки,2024-10
v2,0.5,внутригородская территория города федерального значения муниципальный округ Щукино,2023-05
v2,0.5,внутригородская территория города федерального значения муниципальный округ Щукино,2023-10
v2,0.5,внутригородская территория города федерального значения муниципальный округ Щукино,2024-01
v2,0.5,внутригородская территория города федерального значения муниципальный округ Щукино,2024-10
v2,0.5,внутригородская территория города федерального значения муниципальный округ Юго-Запад,2023-10
v2,0.5,внутригородская территория города федерального значения муниципальный округ Юго-Запад,2024-01
v2,0.5,внутригородская территория города федерального значения муниципальный округ Юго-Запад,2024-10
v2,0.5,внутригородская территория города федерального значения муниципальный округ Южно-Приморский,2023-06
v2,0.5,внутригородская территория города федерального значения муниципальный округ Южно-Приморский,2023-10
v2,0.5,внутригородская территория города федерального значения муниципальный округ Южно-Приморский,2024-01
v2,0.5,внутригородская территория города федерального значения муниципальный округ Южно-Приморский,2024-10
v2,0.5,внутригородская территория города федерального значения муниципальный округ Южное Бутово,2023-10
v2,0.5,внутригородская территория города федерального значения муниципальный округ Южное Бутово,2024-01
v2,0.5,внутригородская территория города федерального значения муниципальный округ Южное Бутово,2024-10
v2,0.5,внутригородская территория города федерального значения муниципальный округ Южное Медведково,2023-10
v2,0.5,внутригородская территория города федерального значения муниципальный округ Южное Медведково,2024-01
v2,0.5,внутригородская территория города федерального значения муниципальный округ Южное Медведково,2024-10
v2,0.5,внутригородская территория города федерального значения муниципальный округ Южное Тушино,2023-10
v2,0.5,внутригородская территория города федерального значения муниципальный округ Южное Тушино,2024-01
v2,0.5,внутригородская территория города федерального значения муниципальный округ Южное Тушино,2024-10
v2,0.5,внутригородская территория города федерального значения муниципальный округ Южнопортовый,2023-10
v2,0.5,внутригородская территория города федерального значения муниципальный округ Южнопортовый,2024-01
v2,0.5,внутригородская территория города федерального значения муниципальный округ Южнопортовый,2024-10
v2,0.5,внутригородская территория города федерального значения муниципальный округ Юнтолово,2023-10
v2,0.5,внутригородская территория города федерального значения муниципальный округ Юнтолово,2024-01
v2,0.5,внутригородская территория города федерального значения муниципальный округ Юнтолово,2024-10
v2,0.5,внутригородская территория города федерального значения муниципальный округ Якиманка,2023-05
v2,0.5,внутригородская территория города федерального значения муниципальный округ Якиманка,2023-10
v2,0.5,внутригородская территория города федерального значения муниципальный округ Якиманка,2024-01
v2,0.5,внутригородская территория города федерального значения муниципальный округ Якиманка,2024-10
v2,0.5,внутригородская территория города федерального значения муниципальный округ Ярославский,2023-10
v2,0.5,внутригородская территория города федерального значения муниципальный округ Ярославский,2024-01
v2,0.5,внутригородская территория города федерального значения муниципальный округ Ярославский,2024-10
v2,0.5,внутригородская территория города федерального значения муниципальный округ Ясенево,2023-10
v2,0.5,внутригородская территория города федерального значения муниципальный округ Ясенево,2024-01
v2,0.5,внутригородская территория города федерального значения муниципальный округ Ясенево,2024-10
v2,0.5,внутригородская территория города федерального значения муниципальный округ округ Петровский,2023-05
v2,0.5,внутригородская территория города федерального значения муниципальный округ округ Петровский,2023-10
v2,0.5,внутригородская территория города федерального значения муниципальный округ округ Петровский,2024-01
v2,0.5,внутригородская территория города федерального значения муниципальный округ округ Петровский,2024-10
v2,0.5,внутригородская территория города федерального значения муниципальный округ № 15,2023-06
v2,0.5,внутригородская территория города федерального значения муниципальный округ № 15,2023-10
v2,0.5,внутригородская территория города федерального значения муниципальный округ № 15,2024-01
v2,0.5,внутригородская территория города федерального значения муниципальный округ № 15,2024-10
v2,0.5,внутригородская территория города федерального значения муниципальный округ № 21,2023-06
v2,0.5,внутригородская территория города федерального значения муниципальный округ № 21,2023-10
v2,0.5,внутригородская территория города федерального значения муниципальный округ № 21,2024-01
v2,0.5,внутригородская территория города федерального значения муниципальный округ № 21,2024-10
v2,0.5,внутригородская территория города федерального значения муниципальный округ № 54,2023-06
v2,0.5,внутригородская территория города федерального значения муниципальный округ № 54,2023-10
v2,0.5,внутригородская территория города федерального значения муниципальный округ № 54,2024-01
v2,0.5,внутригородская территория города федерального значения муниципальный округ № 54,2024-10
v2,0.5,внутригородская территория города федерального значения муниципальный округ № 65,2023-06
v2,0.5,внутригородская территория города федерального значения муниципальный округ № 65,2023-10
v2,0.5,внутригородская территория города федерального значения муниципальный округ № 65,2024-01
v2,0.5,внутригородская территория города федерального значения муниципальный округ № 65,2024-10
v2,0.5,внутригородская территория города федерального значения муниципальный округ № 7,2023-06
v2,0.5,внутригородская территория города федерального значения муниципальный округ № 7,2023-10
v2,0.5,внутригородская территория города федерального значения муниципальный округ № 7,2024-01
v2,0.5,внутригородская территория города федерального значения муниципальный округ № 7,2024-10
v2,0.5,внутригородская территория города федерального значения муниципальный округ № 72,2023-10
v2,0.5,внутригородская территория города федерального значения муниципальный округ № 72,2024-01
v2,0.5,внутригородская территория города федерального значения муниципальный округ № 72,2024-10
v2,0.5,внутригородская территория города федерального значения муниципальный округ № 78,2023-06
v2,0.5,внутригородская территория города федерального значения муниципальный округ № 78,2023-10
v2,0.5,внутригородская территория города федерального значения муниципальный округ № 78,2024-01
v2,0.5,внутригородская территория города федерального значения муниципальный округ № 78,2024-10
v2,0.5,внутригородская территория города федерального значения поселение Внуковское,2023-05
v2,0.5,внутригородская территория города федерального значения поселение Внуковское,2023-10
v2,0.5,внутригородская территория города федерального значения поселение Внуковское,2024-01
v2,0.5,внутригородская территория города федерального значения поселение Внуковское,2024-10
v2,0.5,внутригородская территория города федерального значения поселение Вороновское,2023-10
v2,0.5,внутригородская территория города федерального значения поселение Вороновское,2024-01
v2,0.5,внутригородская территория города федерального значения поселение Вороновское,2024-10
v2,0.5,внутригородская территория города федерального значения поселение Воскресенское,2023-05
v2,0.5,внутригородская территория города федерального значения поселение Воскресенское,2023-10
v2,0.5,внутригородская территория города федерального значения поселение Воскресенское,2024-01
v2,0.5,внутригородская территория города федерального значения поселение Воскресенское,2024-10
v2,0.5,внутригородская территория города федерального значения поселение Десеновское,2023-10
v2,0.5,внутригородская территория города федерального значения поселение Десеновское,2024-01
v2,0.5,внутригородская территория города федерального значения поселение Десеновское,2024-10
v2,0.5,внутригородская территория города федерального значения поселение Киевский,2023-07
v2,0.5,внутригородская территория города федерального значения поселение Киевский,2023-10
v2,0.5,внутригородская территория города федерального значения поселение Киевский,2024-02
v2,0.5,внутригородская территория города федерального значения поселение Киевский,2024-07
v2,0.5,внутригородская территория города федерального значения поселение Киевский,2024-10
v2,0.5,внутригородская территория города федерального значения поселение Кокошкино,2023-05
v2,0.5,внутригородская территория города федерального значения поселение Кокошкино,2023-10
v2,0.5,внутригородская территория города федерального значения поселение Кокошкино,2024-01
v2,0.5,внутригородская территория города федерального значения поселение Кокошкино,2024-10
v2,0.5,внутригородская территория города федерального значения поселение Краснопахорское,2023-10
v2,0.5,внутригородская территория города федерального значения поселение Краснопахорское,2024-01
v2,0.5,внутригородская территория города федерального значения поселение Краснопахорское,2024-10
v2,0.5,внутригородская территория города федерального значения поселение Марушкинское,2023-10
v2,0.5,внутригородская территория города федерального значения поселение Марушкинское,2024-01
v2,0.5,внутригородская территория города федерального значения поселение Марушкинское,2024-10
v2,0.5,внутригородская территория города федерального значения поселение Михайлово-Ярцевское,2023-11
v2,0.5,внутригородская территория города федерального значения поселение Михайлово-Ярцевское,2024-02
v2,0.5,внутригородская территория города федерального значения поселение Михайлово-Ярцевское,2024-05
v2,0.5,внутригородская территория города федерального значения поселение Михайлово-Ярцевское,2024-10
v2,0.5,внутригородская территория города федерального значения поселение Московский,2023-05
v2,0.5,внутригородская территория города федерального значения поселение Московский,2023-10
v2,0.5,внутригородская территория города федерального значения поселение Московский,2024-01
v2,0.5,внутригородская территория города федерального значения поселение Московский,2024-10
v2,0.5,"внутригородская территория города федерального значения поселение Мосрентген""""",2023-10
v2,0.5,"внутригородская территория города федерального значения поселение Мосрентген""""",2024-01
v2,0.5,"внутригородская территория города федерального значения поселение Мосрентген""""",2024-10
v2,0.5,внутригородская территория города федерального значения поселение Новофедоровское,2023-10
v2,0.5,внутригородская территория города федерального значения поселение Новофедоровское,2024-01
v2,0.5,внутригородская территория города федерального значения поселение Новофедоровское,2024-10
v2,0.5,внутригородская территория города федерального значения поселение Первомайское,2023-10
v2,0.5,внутригородская территория города федерального значения поселение Первомайское,2024-01
v2,0.5,внутригородская территория города федерального значения поселение Первомайское,2024-10
v2,0.5,внутригородская территория города федерального значения поселение Рязановское,2023-10
v2,0.5,внутригородская территория города федерального значения поселение Рязановское,2024-01
v2,0.5,внутригородская территория города федерального значения поселение Рязановское,2024-10
v2,0.5,внутригородская территория города федерального значения поселение Сосенское,2023-05
v2,0.5,внутригородская территория города федерального значения поселение Сосенское,2023-10
v2,0.5,внутригородская территория города федерального значения поселение Сосенское,2024-01
v2,0.5,внутригородская территория города федерального значения поселение Сосенское,2024-10
v2,0.5,внутригородская территория города федерального значения поселение Филимонковское,2024-01
v2,0.5,внутригородская территория города федерального значения поселение Филимонковское,2024-10
v2,0.5,внутригородская территория города федерального значения поселение Щаповское,2023-11
v2,0.5,внутригородская территория города федерального значения поселение Щаповское,2024-02
v2,0.5,внутригородская территория города федерального значения поселение Щаповское,2024-07
v2,0.5,внутригородская территория города федерального значения поселение Щаповское,2024-10
v2,0.5,внутригородская территория города федерального значения поселок Левашово,2023-10
v2,0.5,внутригородская территория города федерального значения поселок Левашово,2024-01
v2,0.5,внутригородская территория города федерального значения поселок Левашово,2024-10
v2,0.5,внутригородская территория города федерального значения поселок Лисий Нос,2023-09
v2,0.5,внутригородская территория города федерального значения поселок Лисий Нос,2024-02
v2,0.5,внутригородская территория города федерального значения поселок Лисий Нос,2024-06
v2,0.5,внутригородская территория города федерального значения поселок Лисий Нос,2024-10
v2,0.5,внутригородская территория города федерального значения поселок Металлострой,2023-10
v2,0.5,внутригородская территория города федерального значения поселок Металлострой,2024-01
v2,0.5,внутригородская территория города федерального значения поселок Металлострой,2024-10
v2,0.5,внутригородская территория города федерального значения поселок Парголово,2023-06
v2,0.5,внутригородская территория города федерального значения поселок Парголово,2023-10
v2,0.5,внутригородская территория города федерального значения поселок Парголово,2024-01
v2,0.5,внутригородская территория города федерального значения поселок Парголово,2024-10
v2,0.5,внутригородская территория города федерального значения поселок Песочный,2023-10
v2,0.5,внутригородская территория города федерального значения поселок Песочный,2024-01
v2,0.5,внутригородская территория города федерального значения поселок Песочный,2024-10
v2,0.5,внутригородская территория города федерального значения поселок Понтонный,2023-06
v2,0.5,внутригородская территория города федерального значения поселок Понтонный,2023-10
v2,0.5,внутригородская территория города федерального значения поселок Понтонный,2024-01
v2,0.5,внутригородская территория города федерального значения поселок Понтонный,2024-10
v2,0.5,внутригородская территория города федерального значения поселок Стрельна,2023-06
v2,0.5,внутригородская территория города федерального значения поселок Стрельна,2023-10
v2,0.5,внутригородская территория города федерального значения поселок Стрельна,2024-01
v2,0.5,внутригородская территория города федерального значения поселок Стрельна,2024-10
v2,0.5,внутригородская территория города федерального значения поселок Шушары,2023-10
v2,0.5,внутригородская территория города федерального значения поселок Шушары,2024-01
v2,0.5,внутригородская территория города федерального значения поселок Шушары,2024-10
v2,0.5,городской округ Абдулинский,2023-10
v2,0.5,городской округ Абдулинский,2024-01
v2,0.5,городской округ Абдулинский,2024-10
v2,0.5,городской округ Алапаевское,2023-08
v2,0.5,городской округ Алапаевское,2023-11
v2,0.5,городской округ Алапаевское,2024-04
v2,0.5,городской округ Алапаевское,2024-10
v2,0.5,городской округ Александровск-Сахалинский район,2023-07
v2,0.5,городской округ Александровск-Сахалинский район,2023-10
v2,0.5,городской округ Александровск-Сахалинский район,2024-01
v2,0.5,городской округ Александровск-Сахалинский район,2024-10
v2,0.5,городской округ Анадырь,2023-08
v2,0.5,городской округ Анадырь,2024-02
v2,0.5,городской округ Анадырь,2024-08
v2,0.5,городской округ Ангарский,2023-10
v2,0.5,городской округ Ангарский,2024-01
v2,0.5,городской округ Ангарский,2024-10
v2,0.5,городской округ Анжеро-Судженский,2023-10
v2,0.5,городской округ Анжеро-Судженский,2024-01
v2,0.5,городской округ Анжеро-Судженский,2024-10
v2,0.5,городской округ Анивский,2024-02
v2,0.5,городской округ Анивский,2024-05
v2,0.5,городской округ Анивский,2024-10
v2,0.5,городской округ Арамильский,2023-10
v2,0.5,городской округ Арамильский,2024-01
v2,0.5,городской округ Арамильский,2024-10
v2,0.5,городской округ Арсеньевский,2023-10
v2,0.5,городской округ Арсеньевский,2024-01
v2,0.5,городской округ Арсеньевский,2024-10
v2,0.5,городской округ Артемовский #1,2023-10
v2,0.5,городской округ Артемовский #1,2024-01
v2,0.5,городской округ Артемовский #1,2024-10
v2,0.5,городской округ Артемовский #2,2023-10
v2,0.5,городской округ Артемовский #2,2024-01
v2,0.5,городской округ Артемовский #2,2024-10
v2,0.5,городской округ Артинский,2023-10
v2,0.5,городской округ Артинский,2024-01
v2,0.5,городской округ Артинский,2024-10
v2,0.5,городской округ Асбестовский,2023-06
v2,0.5,городской округ Асбестовский,2023-10
v2,0.5,городской округ Асбестовский,2024-01
v2,0.5,городской округ Асбестовский,2024-10
v2,0.5,городской округ Ачитский,2023-07
v2,0.5,городской округ Ачитский,2024-02
v2,0.5,городской округ Ачитский,2024-05
v2,0.5,городской округ Баксан,2023-07
v2,0.5,городской округ Баксан,2024-01
v2,0.5,городской округ Баксан,2024-04
v2,0.5,городской округ Баксан,2024-10
v2,0.5,городской округ Балашиха,2023-10
v2,0.5,городской округ Балашиха,2024-01
v2,0.5,городской округ Балашиха,2024-10
v2,0.5,городской округ Балтийский,2023-10
v2,0.5,городской округ Балтийский,2024-01
v2,0.5,городской округ Балтийский,2024-06
v2,0.5,городской округ Балтийский,2024-10
v2,0.5,городской округ Беловский,2023-10
v2,0.5,городской округ Беловский,2024-01
v2,0.5,городской округ Беловский,2024-10
v2,0.5,городской округ Белоярский,2023-10
v2,0.5,городской округ Белоярский,2024-01
v2,0.5,городской округ Белоярский,2024-10
v2,0.5,городской округ Березовский #1,2023-08
v2,0.5,городской округ Березовский #1,2023-12
v2,0.5,городской округ Березовский #1,2024-03
v2,0.5,городской округ Березовский #1,2024-07
v2,0.5,городской округ Березовский #1,2024-10
v2,0.5,городской округ Березовский #2,2023-06
v2,0.5,городской округ Березовский #2,2023-10
v2,0.5,городской округ Березовский #2,2024-01
v2,0.5,городской округ Березовский #2,2024-10
v2,0.5,городской округ Бисертский,2023-06
v2,0.5,городской округ Бисертский,2023-10
v2,0.5,городской округ Бисертский,2024-01
v2,0.5,городской округ Бисертский,2024-10
v2,0.5,городской округ Богданович,2023-10
v2,0.5,городской округ Богданович,2024-01
v2,0.5,городской округ Богданович,2024-10
v2,0.5,городской округ Богородский,2023-10
v2,0.5,городской округ Богородский,2024-01
v2,0.5,городской округ Богородский,2024-10
v2,0.5,городской округ Большой Камень,2023-10
v2,0.5,городской округ Большой Камень,2024-01
v2,0.5,городской округ Большой Камень,2024-10
v2,0.5,городской округ Бронницы,2023-10
v2,0.5,городской округ Бронницы,2024-01
v2,0.5,городской округ Бронницы,2024-10
v2,0.5,городской округ Великий Новгород,2023-10
v2,0.5,городской округ Великий Новгород,2024-01
v2,0.5,городской округ Великий Новгород,2024-10
v2,0.5,городской округ Верещагинский,2023-10
v2,0.5,городской округ Верещагинский,2024-01
v2,0.5,городской округ Верещагинский,2024-10
v2,0.5,городской округ Верхнесалдинский,2023-06
v2,0.5,городской округ Верхнесалдинский,2023-10
v2,0.5,городской округ Верхнесалдинский,2024-01
v2,0.5,городской округ Верхнесалдинский,2024-10
v2,0.5,городской округ Верхнеуфалейский,2023-10
v2,0.5,городской округ Верхнеуфалейский,2024-01
v2,0.5,городской округ Верхнеуфалейский,2024-10
v2,0.5,городской округ Верхний Тагил,2023-06
v2,0.5,городской округ Верхний Тагил,2023-10
v2,0.5,городской округ Верхний Тагил,2024-01
v2,0.5,городской округ Верхний Тагил,2024-10
v2,0.5,городской округ Верхняя Пышма,2023-10
v2,0.5,городской округ Верхняя Пышма,2024-01
v2,0.5,городской округ Верхняя Пышма,2024-10
v2,0.5,городской округ Верхняя Тура,2023-06
v2,0.5,городской округ Верхняя Тура,2023-10
v2,0.5,городской округ Верхняя Тура,2024-01
v2,0.5,городской округ Верхняя Тура,2024-10
v2,0.5,городской округ Верхотурский,2023-06
v2,0.5,городской округ Верхотурский,2023-10
v2,0.5,городской округ Верхотурский,2024-01
v2,0.5,городской округ Верхотурский,2024-10
v2,0.5,городской округ Вичуга,2023-10
v2,0.5,городской округ Вичуга,2024-01
v2,0.5,городской округ Вичуга,2024-10
v2,0.5,городской округ Владивостокский,2023-10
v2,0.5,городской округ Владивостокский,2024-01
v2,0.5,городской округ Владивостокский,2024-10
v2,0.5,городской округ Волоколамский,2023-06
v2,0.5,городской округ Волоколамский,2023-10
v2,0.5,городской округ Волоколамский,2024-01
v2,0.5,городской округ Волоколамский,2024-10
v2,0.5,городской округ Волчанский,2023-12
v2,0.5,городской округ Волчанский,2024-04
v2,0.5,городской округ Волчанский,2024-10
v2,0.5,городской округ Воркута,2023-08
v2,0.5,городской округ Воркута,2024-02
v2,0.5,городской округ Воркута,2024-06
v2,0.5,городской округ Воркута,2024-10
v2,0.5,городской округ Воротынский,2023-09
v2,0.5,городской округ Воротынский,2024-02
v2,0.5,городской округ Воротынский,2024-07
v2,0.5,городской округ Воротынский,2024-10
v2,0.5,городской округ Воскресенск,2023-10
v2,0.5,городской округ Воскресенск,2024-01
v2,0.5,городской округ Воскресенск,2024-10
v2,0.5,городской округ Вышневолоцкий,2023-10
v2,0.5,городской округ Вышневолоцкий,2024-01
v2,0.5,городской округ Вышневолоцкий,2024-10
v2,0.5,городской округ Гайский,2023-10
v2,0.5,городской округ Гайский,2024-01
v2,0.5,городской округ Гайский,2024-10
v2,0.5,городской округ Гаринский,2023-05
v2,0.5,городской округ Гаринский,2023-10
v2,0.5,городской округ Гаринский,2024-01
v2,0.5,городской округ Гаринский,2024-10
v2,0.5,городской округ Голышмановский,2023-10
v2,0.5,городской округ Голышмановский,2024-01
v2,0.5,городской округ Голышмановский,2024-10
v2,0.5,городской округ Горнозаводский,2023-06
v2,0.5,городской округ Горнозаводский,2023-10
v2,0.5,городской округ Горнозаводский,2024-01
v2,0.5,городской округ Горнозаводский,2024-10
v2,0.5,городской округ Гусевский,2023-10
v2,0.5,городской округ Гусевский,2024-01
v2,0.5,городской округ Гусевский,2024-10
v2,0.5,городской округ Дальнегорский,2023-10
v2,0.5,городской округ Дальнегорский,2024-01
v2,0.5,городской округ Дальнегорский,2024-10
v2,0.5,городской округ Дальнереченский,2023-10
v2,0.5,городской округ Дальнереченский,2024-01
v2,0.5,городской округ Дальнереченский,2024-10
v2,0.5,городской округ Дегтярск,2023-06
v2,0.5,городской округ Дегтярск,2023-10
v2,0.5,городской округ Дегтярск,2024-01
v2,0.5,городской округ Дегтярск,2024-10
v2,0.5,городской округ Дзержинский,2023-10
v2,0.5,городской округ Дзержинский,2024-01
v2,0.5,городской округ Дзержинский,2024-10
v2,0.5,городской округ Дмитровский,2023-10
v2,0.5,городской округ Дмитровский,2024-01
v2,0.5,городской округ Дмитровский,2024-10
v2,0.5,городской округ Добрянский,2023-10
v2,0.5,городской округ Добрянский,2024-01
v2,0.5,городской округ Добрянский,2024-10
v2,0.5,городской округ Долгопрудный,2023-10
v2,0.5,городской округ Долгопрудный,2024-01
v2,0.5,городской округ Долгопрудный,2024-10
v2,0.5,городской округ Долинский,2023-08
v2,0.5,городской округ Долинский,2023-11
v2,0.5,городской округ Долинский,2024-02
v2,0.5,городской округ Долинский,2024-05
v2,0.5,городской округ Долинский,2024-10
v2,0.5,городской округ Домодедово,2023-10
v2,0.5,городской округ Домодедово,2024-01
v2,0.5,городской округ Домодедово,2024-10
v2,0.5,городской округ Дубна,2023-10
v2,0.5,городской округ Дубна,2024-01
v2,0.5,городской округ Дубна,2024-10
v2,0.5,городской округ Егорьевск,2023-10
v2,0.5,городской округ Егорьевск,2024-01
v2,0.5,городской округ Егорьевск,2024-10
v2,0.5,городской округ Жигулевск,2023-10
v2,0.5,городской округ Жигулевск,2024-01
v2,0.5,городской округ Жигулевск,2024-10
v2,0.5,городской округ Жуковский,2023-10
v2,0.5,городской округ Жуковский,2024-01
v2,0.5,городской округ Жуковский,2024-10
v2,0.5,городской округ Заводоуковский,2023-10
v2,0.5,городской округ Заводоуковский,2024-01
v2,0.5,городской округ Заводоуковский,2024-10
v2,0.5,городской округ Зарайск,2023-10
v2,0.5,городской округ Зарайск,2024-01
v2,0.5,городской округ Зарайск,2024-10
v2,0.5,городской округ Заречный,2023-10
v2,0.5,городской округ Заречный,2024-01
v2,0.5,городской округ Заречный,2024-10
v2,0.5,городской округ Зима,2024-02
v2,0.5,городской округ Зима,2024-05
v2,0.5,городской округ Зима,2024-10
v2,0.5,городской округ Златоустовский,2023-06
v2,0.5,городской округ Златоустовский,2023-10
v2,0.5,городской округ Златоустовский,2024-01
v2,0.5,городской округ Златоустовский,2024-10
v2,0.5,городской округ Иваново,2023-10
v2,0.5,городской округ Иваново,2024-01
v2,0.5,городской округ Иваново,2024-10
v2,0.5,городской округ Ивдельский,2023-10
v2,0.5,городской округ Ивдельский,2024-01
v2,0.5,городской округ Ивдельский,2024-10
v2,0.5,городской округ Ильинский,2023-10
v2,0.5,городской округ Ильинский,2024-01
v2,0.5,городской округ Ильинский,2024-10
v2,0.5,городской округ Инта,2023-06
v2,0.5,городской округ Инта,2024-02
v2,0.5,городской округ Инта,2024-06
v2,0.5,городской округ Инта,2024-10
v2,0.5,городской округ Ирбитское,2023-10
v2,0.5,городской округ Ирбитское,2024-01
v2,0.5,городской округ Ирбитское,2024-05
v2,0.5,городской округ Ирбитское,2024-10
v2,0.5,городской округ Истра,2023-10
v2,0.5,городской округ Истра,2024-01
v2,0.5,городской округ Истра,2024-10
v2,0.5,городской округ Калтанский,2023-08
v2,0.5,городской округ Калтанский,2023-11
v2,0.5,городской округ Калтанский,2024-02
v2,0.5,городской округ Калтанский,2024-06
v2,0.5,городской округ Калтанский,2024-10
v2,0.5,городской округ Каменский,2023-10
v2,0.5,городской округ Каменский,2024-01
v2,0.5,городской округ Каменский,2024-10
v2,0.5,городской округ Камышловский,2023-10
v2,0.5,городской округ Камышловский,2024-01
v2,0.5,городской округ Камышловский,2024-10
v2,0.5,городской округ Карабашский,2023-10
v2,0.5,городской округ Карабашский,2024-01
v2,0.5,городской округ Карабашский,2024-10
v2,0.5,городской округ Карачаевский,2023-10
v2,0.5,городской округ Карачаевский,2024-01
v2,0.5,городской округ Карачаевский,2024-10
v2,0.5,городской округ Карпинск,2023-06
v2,0.5,городской округ Карпинск,2023-10
v2,0.5,городской округ Карпинск,2024-01
v2,0.5,городской округ Карпинск,2024-10
v2,0.5,городской округ Качканарский,2023-11
v2,0.5,городской округ Качканарский,2024-02
v2,0.5,городской округ Качканарский,2024-05
v2,0.5,городской округ Качканарский,2024-10
v2,0.5,городской округ Кашинский,2023-10
v2,0.5,городской округ Кашинский,2024-01
v2,0.5,городской округ Кашинский,2024-10
v2,0.5,городской округ Кашира,2023-11
v2,0.5,городской округ Кашира,2024-02
v2,0.5,городской округ Кашира,2024-06
v2,0.5,городской округ Кашира,2024-10
v2,0.5,городской округ Кемеровский,2023-06
v2,0.5,городской округ Кемеровский,2023-10
v2,0.5,городской округ Кемеровский,2024-01
v2,0.5,городской округ Кемеровский,2024-10
v2,0.5,городской округ Кинель,2023-10
v2,0.5,городской округ Кинель,2024-01
v2,0.5,городской округ Кинель,2024-10
v2,0.5,городской округ Кинешма,2023-10
v2,0.5,городской округ Кинешма,2024-01
v2,0.5,городской округ Кинешма,2024-10
v2,0.5,городской округ Кировградский,2023-10
v2,0.5,городской округ Кировградский,2024-01
v2,0.5,городской округ Кировградский,2024-10
v2,0.5,городской округ Киселевский,2023-06
v2,0.5,городской округ Киселевский,2023-10
v2,0.5,городской округ Киселевский,2024-01
v2,0.5,городской округ Киселевский,2024-10
v2,0.5,городской округ Клин,2023-10
v2,0.5,городской округ Клин,2024-01
v2,0.5,городской округ Клин,2024-10
v2,0.5,городской округ Коломна,2023-10
v2,0.5,городской округ Коломна,2024-01
v2,0.5,городской округ Коломна,2024-10
v2,0.5,городской округ Копейский,2023-06
v2,0.5,городской округ Копейский,2023-10
v2,0.5,городской округ Копейский,2024-01
v2,0.5,городской округ Копейский,2024-10
v2,0.5,городской округ Королёв,2023-05
v2,0.5,городской округ Королёв,2023-10
v2,0.5,городской округ Королёв,2024-01
v2,0.5,городской округ Королёв,2024-10
v2,0.5,городской округ Корсаковский,2023-07
v2,0.5,городской округ Корсаковский,2023-10
v2,0.5,городской округ Корсаковский,2024-01
v2,0.5,городской округ Корсаковский,2024-10
v2,0.5,городской округ Костомукшский,2023-06
v2,0.5,городской округ Костомукшский,2023-10
v2,0.5,городской округ Костомукшский,2024-02
v2,0.5,городской округ Костомукшский,2024-06
v2,0.5,городской округ Костомукшский,2024-10
v2,0.5,городской округ Котельники,2023-10
v2,0.5,городской округ Котельники,2024-01
v2,0.5,городской округ Котельники,2024-10
v2,0.5,городской округ Котлас,2023-06
v2,0.5,городской округ Котлас,2023-10
v2,0.5,городской округ Котлас,2024-01
v2,0.5,городской округ Котлас,2024-10
v2,0.5,городской округ Кохма,2023-08
v2,0.5,городской округ Кохма,2023-11
v2,0.5,городской округ Кохма,2024-02
v2,0.5,городской округ Кохма,2024-06
v2,0.5,городской округ Кохма,2024-10
v2,0.5,городской округ Красновишерский,2023-06
v2,0.5,городской округ Красновишерский,2023-10
v2,0.5,городской округ Красновишерский,2024-01
v2,0.5,городской округ Красновишерский,2024-10
v2,0.5,городской округ Красногорск,2023-10
v2,0.5,городской округ Красногорск,2024-01
v2,0.5,городской округ Красногорск,2024-10
v2,0.5,городской округ Краснокамский,2023-06
v2,0.5,городской округ Краснокамский,2023-10
v2,0.5,городской округ Краснокамский,2024-01
v2,0.5,городской округ Краснокамский,2024-10
v2,0.5,городской округ Краснотурьинск,2023-06
v2,0.5,городской округ Краснотурьинск,2023-10
v2,0.5,городской округ Краснотурьинск,2024-01
v2,0.5,городской округ Краснотурьинск,2024-10
v2,0.5,городской округ Красноуральск,2023-10
v2,0.5,городской округ Красноуральск,2024-01
v2,0.5,городской округ Красноуральск,2024-10
v2,0.5,городской округ Красноуфимск,2023-10
v2,0.5,городской округ Красноуфимск,2024-01
v2,0.5,городской округ Красноуфимск,2024-10
v2,0.5,городской округ Красноуфимский округ,2023-07
v2,0.5,городской округ Красноуфимский округ,2023-10
v2,0.5,городской округ Красноуфимский округ,2024-01
v2,0.5,городской округ Красноуфимский округ,2024-04
v2,0.5,городской округ Красноуфимский округ,2024-07
v2,0.5,городской округ Красноуфимский округ,2024-10
v2,0.5,городской округ Кувандыкский,2023-10
v2,0.5,городской округ Кувандыкский,2024-01
v2,0.5,городской округ Кувандыкский,2024-10
v2,0.5,городской округ Курильский,2023-10
v2,0.5,городской округ Курильский,2024-01
v2,0.5,городской округ Курильский,2024-05
v2,0.5,городской округ Кушвинский,2023-07
v2,0.5,городской округ Кушвинский,2023-10
v2,0.5,городской округ Кушвинский,2024-01
v2,0.5,городской округ Кушвинский,2024-07
v2,0.5,городской округ Кушвинский,2024-10
v2,0.5,городской округ Кыштымский,2023-10
v2,0.5,городской округ Кыштымский,2024-01
v2,0.5,городской округ Кыштымский,2024-10
v2,0.5,городской округ Ленинск-Кузнецкий,2023-07
v2,0.5,городской округ Ленинск-Кузнецкий,2023-10
v2,0.5,городской округ Ленинск-Кузнецкий,2024-01
v2,0.5,городской округ Ленинск-Кузнецкий,2024-10
v2,0.5,городской округ Ленинский,2023-10
v2,0.5,городской округ Ленинский,2024-01
v2,0.5,городской округ Ленинский,2024-10
v2,0.5,городской округ Лесозаводский,2023-10
v2,0.5,городской округ Лесозаводский,2024-01
v2,0.5,городской округ Лесозаводский,2024-10
v2,0.5,городской округ Лобня,2023-10
v2,0.5,городской округ Лобня,2024-01
v2,0.5,городской округ Лобня,2024-10
v2,0.5,городской округ Лосино-Петровский,2023-10
v2,0.5,городской округ Лосино-Петровский,2024-01
v2,0.5,городской округ Лосино-Петровский,2024-10
v2,0.5,городской округ Лотошино,2023-07
v2,0.5,городской округ Лотошино,2023-10
v2,0.5,городской округ Лотошино,2024-01
v2,0.5,городской округ Лотошино,2024-10
v2,0.5,городской округ Луховицы,2023-06
v2,0.5,городской округ Луховицы,2023-10
v2,0.5,городской округ Луховицы,2024-01
v2,0.5,городской округ Луховицы,2024-10
v2,0.5,городской округ Лысьвенский,2023-10
v2,0.5,городской округ Лысьвенский,2024-01
v2,0.5,городской округ Лысьвенский,2024-10
v2,0.5,городской округ Лыткарино,2023-10
v2,0.5,городской округ Лыткарино,2024-01
v2,0.5,городской округ Лыткарино,2024-10
v2,0.5,городской округ Люберцы,2023-10
v2,0.5,городской округ Люберцы,2024-01
v2,0.5,городской округ Люберцы,2024-10
v2,0.5,городской округ Магнитогорский,2023-10
v2,0.5,городской округ Магнитогорский,2024-01
v2,0.5,городской округ Магнитогорский,2024-10
v2,0.5,городской округ Макаровский,2023-07
v2,0.5,городской округ Макаровский,2023-10
v2,0.5,городской округ Макаровский,2024-01
v2,0.5,городской округ Макаровский,2024-10
v2,0.5,городской округ Малышевский,2024-04
v2,0.5,городской округ Малышевский,2024-10
v2,0.5,городской округ Мамоновский,2023-07
v2,0.5,городской округ Мамоновский,2023-10
v2,0.5,городской округ Мамоновский,2024-01
v2,0.5,городской округ Мамоновский,2024-10
v2,0.5,городской округ Междуреченский,2023-06
v2,0.5,городской округ Междуреченский,2023-10
v2,0.5,городской округ Междуреченский,2024-01
v2,0.5,городской округ Междуреченский,2024-10
v2,0.5,городской округ Миасский,2023-10
v2,0.5,городской округ Миасский,2024-01
v2,0.5,городской округ Миасский,2024-10
v2,0.5,городской округ Можайский,2023-10
v2,0.5,городской округ Можайский,2024-01
v2,0.5,городской округ Можайский,2024-10
v2,0.5,городской округ Мысковский,2023-06
v2,0.5,городской округ Мысковский,2024-02
v2,0.5,городской округ Мысковский,2024-05
v2,0.5,городской округ Мысковский,2024-10
v2,0.5,городской округ Мытищи,2023-10
v2,0.5,городской округ Мытищи,2024-01
v2,0.5,городской округ Мытищи,2024-10
v2,0.5,городской округ Навашинский,2023-10
v2,0.5,городской округ Навашинский,2024-01
v2,0.5,городской округ Навашинский,2024-10
v2,0.5,городской округ Нальчик,2023-10
v2,0.5,городской округ Нальчик,2024-01
v2,0.5,городской округ Нальчик,2024-05
v2,0.5,городской округ Нальчик,2024-10
v2,0.5,городской округ Наро-Фоминский,2023-10
v2,0.5,городской округ Наро-Фоминский,2024-01
v2,0.5,городской округ Наро-Фоминский,2024-10
v2,0.5,городской округ Находкинский,2023-10
v2,0.5,городской округ Находкинский,2024-01
v2,0.5,городской округ Находкинский,2024-10
v2,0.5,городской округ Невельский,2023-08
v2,0.5,городской округ Невельский,2023-11
v2,0.5,городской округ Невельский,2024-02
v2,0.5,городской округ Невельский,2024-05
v2,0.5,городской округ Невельский,2024-10
v2,0.5,городской округ Невьянский,2023-10
v2,0.5,городской округ Невьянский,2024-01
v2,0.5,городской округ Невьянский,2024-10
v2,0.5,городской округ Нелидовский,2023-10
v2,0.5,городской округ Нелидовский,2024-01
v2,0.5,городской округ Нелидовский,2024-10
v2,0.5,городской округ Нижнетуринский,2023-10
v2,0.5,городской округ Нижнетуринский,2024-01
v2,0.5,городской округ Нижнетуринский,2024-07
v2,0.5,городской округ Нижнетуринский,2024-10
v2,0.5,городской округ Нижняя Салда,2023-10
v2,0.5,городской округ Нижняя Салда,2024-01
v2,0.5,городской округ Нижняя Салда,2024-10
v2,0.5,городской округ Новокузнецкий,2023-06
v2,0.5,городской округ Новокузнецкий,2023-10
v2,0.5,городской округ Новокузнецкий,2024-01
v2,0.5,городской округ Новокузнецкий,2024-10
v2,0.5,городской округ Новокуйбышевск,2023-09
v2,0.5,городской округ Новокуйбышевск,2024-02
v2,0.5,городской округ Новокуйбышевск,2024-05
v2,0.5,городской округ Новокуйбышевск,2024-10
v2,0.5,городской округ Новолялинский,2023-10
v2,0.5,городской округ Новолялинский,2024-01
v2,0.5,городской округ Новолялинский,2024-10
v2,0.5,городской округ Ногликский,2023-09
v2,0.5,городской округ Ногликский,2024-02
v2,0.5,городской округ Ногликский,2024-05
v2,0.5,городской округ Ногликский,2024-10
v2,0.5,городской округ Нытвенский,2023-10
v2,0.5,городской округ Нытвенский,2024-01
v2,0.5,городской округ Нытвенский,2024-10
v2,0.5,городской округ Одинцовский,2023-10
v2,0.5,городской округ Одинцовский,2024-01
v2,0.5,городской округ Одинцовский,2024-10
v2,0.5,городской округ Октябрьск,2023-10
v2,0.5,городской округ Октябрьск,2024-01
v2,0.5,городской округ Октябрьск,2024-10
v2,0.5,городской округ Октябрьский,2023-10
v2,0.5,городской округ Октябрьский,2024-01
v2,0.5,городской округ Октябрьский,2024-10
v2,0.5,городской округ Орехово-Зуевский,2023-10
v2,0.5,городской округ Орехово-Зуевский,2024-01
v2,0.5,городской округ Орехово-Зуевский,2024-10
v2,0.5,городской округ Осинниковский,2023-06
v2,0.5,городской округ Осинниковский,2023-11
v2,0.5,городской округ Осинниковский,2024-02
v2,0.5,городской округ Осинниковский,2024-06
v2,0.5,городской округ Осинниковский,2024-10
v2,0.5,городской округ Осинский,2023-10
v2,0.5,городской округ Осинский,2024-01
v2,0.5,городской округ Осинский,2024-10
v2,0.5,городской округ Осташковский,2023-10
v2,0.5,городской округ Осташковский,2024-01
v2,0.5,городской округ Осташковский,2024-10
v2,0.5,городской округ Отрадный,2023-09
v2,0.5,городской округ Отрадный,2024-02
v2,0.5,городской округ Отрадный,2024-05
v2,0.5,городской округ Отрадный,2024-10
v2,0.5,городской округ Оханский,2023-10
v2,0.5,городской округ Оханский,2024-01
v2,0.5,городской округ Оханский,2024-10
v2,0.5,городской округ Охинский,2023-08
v2,0.5,городской округ Охинский,2024-02
v2,0.5,городской округ Охинский,2024-07
v2,0.5,городской округ Охинский,2024-10
v2,0.5,городской округ Очерский,2023-10
v2,0.5,городской округ Очерский,2024-01
v2,0.5,городской округ Очерский,2024-10
v2,0.5,городской округ Партизанский,2023-10
v2,0.5,городской округ Партизанский,2024-01
v2,0.5,городской округ Партизанский,2024-10
v2,0.5,городской округ Пелым,2023-08
v2,0.5,городской округ Пелым,2023-12
v2,0.5,городской округ Пелым,2024-06
v2,0.5,городской округ Пелым,2024-10
v2,0.5,городской округ Первоуральск,2023-06
v2,0.5,городской округ Первоуральск,2023-10
v2,0.5,городской округ Первоуральск,2024-01
v2,0.5,городской округ Первоуральск,2024-10
v2,0.5,городской округ Перевозский,2024-02
v2,0.5,городской округ Перевозский,2024-05
v2,0.5,городской округ Перевозский,2024-10
v2,0.5,городской округ Пермский,2023-10
v2,0.5,городской округ Пермский,2024-01
v2,0.5,городской округ Пермский,2024-10
v2,0.5,городской округ Петрозаводский,2023-10
v2,0.5,городской округ Петрозаводский,2024-01
v2,0.5,городской округ Петрозаводский,2024-10
v2,0.5,городской округ Петропавловск-Камчатский,2023-10
v2,0.5,городской округ Петропавловск-Камчатский,2024-01
v2,0.5,городской округ Петропавловск-Камчатский,2024-10
v2,0.5,городской округ Пионерский,2023-06
v2,0.5,городской округ Пионерский,2024-01
v2,0.5,городской округ Пионерский,2024-07
v2,0.5,городской округ Подольск,2023-10
v2,0.5,городской округ Подольск,2024-01
v2,0.5,городской округ Подольск,2024-10
v2,0.5,городской округ Полевской,2023-10
v2,0.5,городской округ Полевской,2024-01
v2,0.5,городской округ Полевской,2024-10
v2,0.5,городской округ Полысаевский,2023-06
v2,0.5,городской округ Полысаевский,2023-11
v2,0.5,городской округ Полысаевский,2024-02
v2,0.5,городской округ Полысаевский,2024-07
v2,0.5,городской округ Полысаевский,2024-10
v2,0.5,городской округ Поронайский,2023-08
v2,0.5,городской округ Поронайский,2024-02
v2,0.5,городской округ Поронайский,2024-07
v2,0.5,городской округ Поронайский,2024-10
v2,0.5,городской округ Похвистнево,2023-06
v2,0.5,городской округ Похвистнево,2023-10
v2,0.5,городской округ Похвистнево,2024-01
v2,0.5,городской округ Похвистнево,2024-10
v2,0.5,городской округ Прокопьевский,2023-06
v2,0.5,городской округ Прокопьевский,2023-10
v2,0.5,городской округ Прокопьевский,2024-01
v2,0.5,городской округ Прокопьевский,2024-10
v2,0.5,городской округ Протвино,2023-10
v2,0.5,городской округ Протвино,2024-01
v2,0.5,городской округ Протвино,2024-10
v2,0.5,городской округ Прохладный,2023-10
v2,0.5,городской округ Прохладный,2024-01
v2,0.5,городской округ Прохладный,2024-10
v2,0.5,городской округ Пушкинский,2023-10
v2,0.5,городской округ Пушкинский,2024-01
v2,0.5,городской округ Пушкинский,2024-10
v2,0.5,городской округ Пущино,2023-11
v2,0.5,городской округ Пущино,2024-02
v2,0.5,городской округ Пущино,2024-05
v2,0.5,городской округ Пущино,2024-10
v2,0.5,городской округ Пышминский,2023-06
v2,0.5,городской округ Пышминский,2023-10
v2,0.5,городской округ Пышминский,2024-01
v2,0.5,городской округ Пышминский,2024-10
v2,0.5,городской округ Раменский,2023-10
v2,0.5,городской округ Раменский,2024-01
v2,0.5,городской округ Раменский,2024-10
v2,0.5,городской округ Ревда,2023-10
v2,0.5,городской округ Ревда,2024-01
v2,0.5,городской округ Ревда,2024-10
v2,0.5,городской округ Режевской,2023-10
v2,0.5,городской округ Режевской,2024-01
v2,0.5,городской округ Режевской,2024-10
v2,0.5,городской округ Реутов,2023-10
v2,0.5,городской округ Реутов,2024-01
v2,0.5,городской округ Реутов,2024-10
v2,0.5,городской округ Рефтинский,2023-06
v2,0.5,городской округ Рефтинский,2023-10
v2,0.5,городской округ Рефтинский,2024-02
v2,0.5,городской округ Рефтинский,2024-06
v2,0.5,городской округ Рефтинский,2024-10
v2,0.5,городской округ Рузский,2023-10
v2,0.5,городской округ Рузский,2024-01
v2,0.5,городской округ Рузский,2024-10
v2,0.5,городской округ Самара,2023-10
v2,0.5,городской округ Самара,2024-01
v2,0.5,городской округ Самара,2024-10
v2,0.5,городской округ Светловский,2023-10
v2,0.5,городской округ Светловский,2024-01
v2,0.5,городской округ Светловский,2024-10
v2,0.5,городской округ Светлогорский,2023-10
v2,0.5,городской округ Светлогорский,2024-01
v2,0.5,городской округ Светлогорский,2024-05
v2,0.5,городской округ Светлогорский,2024-10
v2,0.5,городской округ Северодвинск,2023-06
v2,0.5,городской округ Северодвинск,2023-10
v2,0.5,городской округ Северодвинск,2024-01
v2,0.5,городской округ Северодвинск,2024-10
v2,0.5,городской округ Североуральский,2023-10
v2,0.5,городской округ Североуральский,2024-01
v2,0.5,городской округ Североуральский,2024-10
v2,0.5,городской округ Семеновский,2023-10
v2,0.5,городской округ Семеновский,2024-01
v2,0.5,городской округ Семеновский,2024-10
v2,0.5,городской округ Сергиево-Посадский,2023-10
v2,0.5,городской округ Сергиево-Посадский,2024-01
v2,0.5,городской округ Сергиево-Посадский,2024-10
v2,0.5,городской округ Серебряные Пруды,2023-11
v2,0.5,городской округ Серебряные Пруды,2024-02
v2,0.5,городской округ Серебряные Пруды,2024-05
v2,0.5,городской округ Серебряные Пруды,2024-10
v2,0.5,городской округ Серовский,2023-06
v2,0.5,городской округ Серовский,2023-10
v2,0.5,городской округ Серовский,2024-01
v2,0.5,городской округ Серовский,2024-10
v2,0.5,городской округ Серпухов,2023-10
v2,0.5,городской округ Серпухов,2024-01
v2,0.5,городской округ Серпухов,2024-10
v2,0.5,городской округ Смирныховский,2023-10
v2,0.5,городской округ Смирныховский,2024-01
v2,0.5,городской округ Смирныховский,2024-10
v2,0.5,городской округ Советский,2023-10
v2,0.5,городской округ Советский,2024-01
v2,0.5,городской округ Советский,2024-10
v2,0.5,городской округ Сокольский,2023-10
v2,0.5,городской округ Сокольский,2024-01
v2,0.5,городской округ Сокольский,2024-10
v2,0.5,городской округ Соликамский,2023-10
v2,0.5,городской округ Соликамский,2024-01
v2,0.5,городской округ Соликамский,2024-10
v2,0.5,городской округ Солнечногорск,2023-10
v2,0.5,городской округ Солнечногорск,2024-01
v2,0.5,городской округ Солнечногорск,2024-10
v2,0.5,городской округ Соль-Илецкий,2023-10
v2,0.5,городской округ Соль-Илецкий,2024-01
v2,0.5,городской округ Соль-Илецкий,2024-06
v2,0.5,городской округ Соль-Илецкий,2024-10
v2,0.5,городской округ Сорочинский,2023-10
v2,0.5,городской округ Сорочинский,2024-01
v2,0.5,городской округ Сорочинский,2024-10
v2,0.5,городской округ Сосновоборский,2023-06
v2,0.5,городской округ Сосновоборский,2023-10
v2,0.5,городской округ Сосновоборский,2024-01
v2,0.5,городской округ Сосновоборский,2024-10
v2,0.5,городской округ Сосьвинский,2023-10
v2,0.5,городской округ Сосьвинский,2024-01
v2,0.5,городской округ Сосьвинский,2024-10
v2,0.5,городской округ Спасск-Дальний,2023-10
v2,0.5,городской округ Спасск-Дальний,2024-01
v2,0.5,городской округ Спасск-Дальний,2024-10
v2,0.5,городской округ Среднеуральск,2023-07
v2,0.5,городской округ Среднеуральск,2024-01
v2,0.5,городской округ Среднеуральск,2024-06
v2,0.5,городской округ Среднеуральск,2024-10
v2,0.5,городской округ Ступино,2023-10
v2,0.5,городской округ Ступино,2024-01
v2,0.5,городской округ Ступино,2024-10
v2,0.5,городской округ Суксунский,2023-10
v2,0.5,городской округ Суксунский,2024-01
v2,0.5,городской округ Суксунский,2024-10
v2,0.5,городской округ Сухой Лог,2023-10
v2,0.5,городской округ Сухой Лог,2024-01
v2,0.5,городской округ Сухой Лог,2024-10
v2,0.5,городской округ Сызрань,2023-10
v2,0.5,городской округ Сызрань,2024-01
v2,0.5,городской округ Сызрань,2024-10
v2,0.5,городской округ Сыктывкар,2023-06
v2,0.5,городской округ Сыктывкар,2023-10
v2,0.5,городской округ Сыктывкар,2024-01
v2,0.5,городской округ Сыктывкар,2024-10
v2,0.5,городской округ Сысертский,2023-10
v2,0.5,городской округ Сысертский,2024-01
v2,0.5,городской округ Сысертский,2024-10
v2,0.5,городской округ Тавдинский,2023-10
v2,0.5,городской округ Тавдинский,2024-01
v2,0.5,городской округ Тавдинский,2024-10
v2,0.5,городской округ Тайгинский,2023-08
v2,0.5,городской округ Тайгинский,2024-02
v2,0.5,городской округ Тайгинский,2024-05
v2,0.5,городской округ Тайгинский,2024-10
v2,0.5,городской округ Талдомский,2023-10
v2,0.5,городской округ Талдомский,2024-01
v2,0.5,городской округ Талдомский,2024-05
v2,0.5,городской округ Талдомский,2024-10
v2,0.5,городской округ Талицкий,2023-10
v2,0.5,городской округ Талицкий,2024-01
v2,0.5,городской округ Талицкий,2024-10
v2,0.5,городской округ Тейково,2023-10
v2,0.5,городской округ Тейково,2024-01
v2,0.5,городской округ Тейково,2024-10
v2,0.5,городской округ Томаринский,2023-08
v2,0.5,городской округ Томаринский,2023-11
v2,0.5,городской округ Томаринский,2024-04
v2,0.5,городской округ Томаринский,2024-10
v2,0.5,городской округ Троицкий,2023-10
v2,0.5,городской округ Троицкий,2024-01
v2,0.5,городской округ Троицкий,2024-10
v2,0.5,городской округ Тугулымский,2023-10
v2,0.5,городской округ Тугулымский,2024-01
v2,0.5,городской округ Тугулымский,2024-10
v2,0.5,городской округ Туринский,2023-06
v2,0.5,городской округ Туринский,2023-10
v2,0.5,городской округ Туринский,2024-01
v2,0.5,городской округ Туринский,2024-10
v2,0.5,городской округ Тымовский,2023-07
v2,0.5,городской округ Тымовский,2023-10
v2,0.5,городской округ Тымовский,2024-01
v2,0.5,городской округ Тымовский,2024-10
v2,0.5,городской округ Углегорский,2023-08
v2,0.5,городской округ Углегорский,2023-12
v2,0.5,городской округ Углегорский,2024-04
v2,0.5,городской округ Углегорский,2024-10
v2,0.5,городской округ Удомельский,2023-06
v2,0.5,городской округ Удомельский,2023-10
v2,0.5,городской округ Удомельский,2024-01
v2,0.5,городской округ Удомельский,2024-10
v2,0.5,городской округ Уссурийский,2023-10
v2,0.5,городской округ Уссурийский,2024-01
v2,0.5,городской округ Уссурийский,2024-10
v2,0.5,городской округ Усть-Катавский,2023-10
v2,0.5,городской округ Усть-Катавский,2024-01
v2,0.5,городской округ Усть-Катавский,2024-10
v2,0.5,городской округ Ухта,2023-08
v2,0.5,городской округ Ухта,2023-11
v2,0.5,городской округ Ухта,2024-02
v2,0.5,городской округ Ухта,2024-07
v2,0.5,городской округ Ухта,2024-10
v2,0.5,городской округ Фрязино,2023-10
v2,0.5,городской округ Фрязино,2024-01
v2,0.5,городской округ Фрязино,2024-10
v2,0.5,городской округ Холмский,2023-07
v2,0.5,городской округ Холмский,2023-10
v2,0.5,городской округ Холмский,2024-01
v2,0.5,городской округ Холмский,2024-10
v2,0.5,городской округ Чайковский,2023-06
v2,0.5,городской округ Чайковский,2023-10
v2,0.5,городской округ Чайковский,2024-01
v2,0.5,городской округ Чайковский,2024-10
v2,0.5,городской округ Чапаевск,2023-10
v2,0.5,городской округ Чапаевск,2024-01
v2,0.5,городской округ Чапаевск,2024-10
v2,0.5,городской округ Чебаркульский,2023-10
v2,0.5,городской округ Чебаркульский,2024-01
v2,0.5,городской округ Чебаркульский,2024-10
v2,0.5,городской округ Челябинский,2023-06
v2,0.5,городской округ Челябинский,2023-10
v2,0.5,городской округ Челябинский,2024-01
v2,0.5,городской округ Челябинский,2024-10
v2,0.5,городской округ Чердынский,2023-10
v2,0.5,городской округ Чердынский,2024-01
v2,0.5,городской округ Чердынский,2024-10
v2,0.5,городской округ Черкесский,2023-10
v2,0.5,городской округ Черкесский,2024-01
v2,0.5,городской округ Черкесский,2024-10
v2,0.5,городской округ Черноголовка,2023-10
v2,0.5,городской округ Черноголовка,2024-01
v2,0.5,городской округ Черноголовка,2024-05
v2,0.5,городской округ Черноголовка,2024-10
v2,0.5,городской округ Чернушинский,2023-10
v2,0.5,городской округ Чернушинский,2024-01
v2,0.5,городской округ Чернушинский,2024-10
v2,0.5,городской округ Чехов,2023-10
v2,0.5,городской округ Чехов,2024-01
v2,0.5,городской округ Чехов,2024-10
v2,0.5,городской округ Чусовской,2023-10
v2,0.5,городской округ Чусовской,2024-01
v2,0.5,городской округ Чусовской,2024-10
v2,0.5,городской округ Шалинский,2023-11
v2,0.5,городской округ Шалинский,2024-02
v2,0.5,городской округ Шалинский,2024-05
v2,0.5,городской округ Шалинский,2024-10
v2,0.5,городской округ Шатура,2023-10
v2,0.5,городской округ Шатура,2024-01
v2,0.5,городской округ Шатура,2024-10
v2,0.5,городской округ Шаховская,2023-10
v2,0.5,городской округ Шаховская,2024-01
v2,0.5,городской округ Шаховская,2024-10
v2,0.5,городской округ Шуя,2023-10
v2,0.5,городской округ Шуя,2024-01
v2,0.5,городской округ Шуя,2024-10
v2,0.5,городской округ Щёлково,2023-10
v2,0.5,городской округ Щёлково,2024-01
v2,0.5,городской округ Щёлково,2024-10
v2,0.5,городской округ Эгвекинот,2023-08
v2,0.5,городской округ Эгвекинот,2023-12
v2,0.5,городской округ Эгвекинот,2024-08
v2,0.5,городской округ Электросталь,2023-10
v2,0.5,городской округ Электросталь,2024-01
v2,0.5,городской округ Электросталь,2024-10
v2,0.5,городской округ Южно-Курильский,2023-08
v2,0.5,городской округ Южно-Курильский,2023-11
v2,0.5,городской округ Южно-Курильский,2024-02
v2,0.5,городской округ Южно-Курильский,2024-08
v2,0.5,городской округ Южноуральский,2023-06
v2,0.5,городской округ Южноуральский,2023-10
v2,0.5,городской округ Южноуральский,2024-01
v2,0.5,городской округ Южноуральский,2024-10
v2,0.5,городской округ Юргинский,2023-10
v2,0.5,городской округ Юргинский,2024-01
v2,0.5,городской округ Юргинский,2024-10
v2,0.5,городской округ Янтарный,2023-10
v2,0.5,городской округ Янтарный,2024-01
v2,0.5,городской округ Янтарный,2024-10
v2,0.5,городской округ Ясненский,2023-10
v2,0.5,городской округ Ясненский,2024-01
v2,0.5,городской округ Ясненский,2024-10
v2,0.5,городской округ город Абаза,2024-02
v2,0.5,городской округ город Абаза,2024-05
v2,0.5,городской округ город Абаза,2024-10
v2,0.5,городской округ город Абакан,2023-10
v2,0.5,городской округ город Абакан,2024-01
v2,0.5,городской округ город Абакан,2024-10
v2,0.5,городской округ город Агидель,2023-10
v2,0.5,городской округ город Агидель,2024-01
v2,0.5,городской округ город Агидель,2024-10
v2,0.5,городской округ город Адыгейск,2024-02
v2,0.5,городской округ город Адыгейск,2024-05
v2,0.5,городской округ город Адыгейск,2024-08
v2,0.5,городской округ город Алапаевск,2023-10
v2,0.5,городской округ город Алапаевск,2024-01
v2,0.5,городской округ город Алапаевск,2024-10
v2,0.5,городской округ город Алатырь,2023-10
v2,0.5,городской округ город Алатырь,2024-01
v2,0.5,городской округ город Алатырь,2024-10
v2,0.5,городской округ город Алейск,2023-10
v2,0.5,городской округ город Алейск,2024-01
v2,0.5,городской округ город Алейск,2024-10
v2,0.5,городской округ город Алексин,2023-10
v2,0.5,городской округ город Алексин,2024-01
v2,0.5,городской округ город Алексин,2024-10
v2,0.5,городской округ город Арзамас,2023-10
v2,0.5,городской округ город Арзамас,2024-01
v2,0.5,городской округ город Арзамас,2024-10
v2,0.5,городской округ город Архангельск,2023-06
v2,0.5,городской округ город Архангельск,2023-10
v2,0.5,городской округ город Архангельск,2024-01
v2,0.5,городской округ город Архангельск,2024-10
v2,0.5,городской округ город Астрахань,2023-10
v2,0.5,городской округ город Астрахань,2024-01
v2,0.5,городской округ город Астрахань,2024-10
v2,0.5,городской округ город Ачинск,2023-10
v2,0.5,городской округ город Ачинск,2024-01
v2,0.5,городской округ город Ачинск,2024-10
v2,0.5,городской округ город Барнаул,2023-10
v2,0.5,городской округ город Барнаул,2024-01
v2,0.5,городской округ город Барнаул,2024-10
v2,0.5,городской округ город Белокуриха,2023-09
v2,0.5,городской округ город Белокуриха,2024-02
v2,0.5,городской округ город Белокуриха,2024-06
v2,0.5,городской округ город Белокуриха,2024-10
v2,0.5,городской округ город Бердск,2023-06
v2,0.5,городской округ город Бердск,2023-10
v2,0.5,городской округ город Бердск,2024-01
v2,0.5,городской округ город Бердск,2024-10
v2,0.5,городской округ город Березники,2023-06
v2,0.5,городской округ город Березники,2023-10
v2,0.5,городской округ город Березники,2024-01
v2,0.5,городской округ город Березники,2024-10
v2,0.5,городской округ город Бийск,2023-10
v2,0.5,городской округ город Бийск,2024-01
v2,0.5,городской округ город Бийск,2024-10
v2,0.5,городской округ город Биробиджан,2023-10
v2,0.5,городской округ город Биробиджан,2024-01
v2,0.5,городской округ город Биробиджан,2024-10
v2,0.5,городской округ город Боготол,2023-08
v2,0.5,городской округ город Боготол,2023-11
v2,0.5,городской округ город Боготол,2024-02
v2,0.5,городской округ город Боготол,2024-06
v2,0.5,городской округ город Боготол,2024-10
v2,0.5,городской округ город Бор,2023-10
v2,0.5,городской округ город Бор,2024-01
v2,0.5,городской округ город Бор,2024-10
v2,0.5,городской округ город Бородино,2023-11
v2,0.5,городской округ город Бородино,2024-02
v2,0.5,городской округ город Бородино,2024-06
v2,0.5,городской округ город Бородино,2024-10
v2,0.5,городской округ город Братск,2023-07
v2,0.5,городской округ город Братск,2023-10
v2,0.5,городской округ город Братск,2024-01
v2,0.5,городской округ город Братск,2024-10
v2,0.5,городской округ город Бугуруслан,2023-10
v2,0.5,городской округ город Бугуруслан,2024-01
v2,0.5,городской округ город Бугуруслан,2024-10
v2,0.5,городской округ город Бузулук,2023-10
v2,0.5,городской округ город Бузулук,2024-01
v2,0.5,городской округ город Бузулук,2024-10
v2,0.5,городской округ город Буй,2023-06
v2,0.5,городской округ город Буй,2023-10
v2,0.5,городской округ город Буй,2024-01
v2,0.5,городской округ город Буй,2024-10
v2,0.5,городской округ город Великие Луки,2023-10
v2,0.5,городской округ город Великие Луки,2024-01
v2,0.5,городской округ город Великие Луки,2024-10
v2,0.5,городской округ город Владикавказ,2024-01
v2,0.5,городской округ город Владикавказ,2024-10
v2,0.5,городской округ город Владимир,2023-10
v2,0.5,городской округ город Владимир,2024-01
v2,0.5,городской округ город Владимир,2024-10
v2,0.5,городской округ город Волгореченск,2023-10
v2,0.5,городской округ город Волгореченск,2024-01
v2,0.5,городской округ город Волгореченск,2024-04
v2,0.5,городской округ город Волгореченск,2024-07
v2,0.5,городской округ город Волгореченск,2024-10
v2,0.5,городской округ город Волжск,2023-10
v2,0.5,городской округ город Волжск,2024-01
v2,0.5,городской округ город Волжск,2024-10
v2,0.5,городской округ город Волжский,2023-10
v2,0.5,городской округ город Волжский,2024-01
v2,0.5,городской округ город Волжский,2024-10
v2,0.5,городской округ город Воткинск,2023-10
v2,0.5,городской округ город Воткинск,2024-01
v2,0.5,городской округ город Воткинск,2024-10
v2,0.5,городской округ город Выкса,2023-06
v2,0.5,городской округ город Выкса,2023-10
v2,0.5,городской округ город Выкса,2024-01
v2,0.5,городской округ город Выкса,2024-10
v2,0.5,городской округ город Вятские Поляны,2023-10
v2,0.5,городской округ город Вятские Поляны,2024-01
v2,0.5,городской округ город Вятские Поляны,2024-10
v2,0.5,городской округ город Галич,2023-10
v2,0.5,городской округ город Галич,2024-01
v2,0.5,городской округ город Галич,2024-10
v2,0.5,городской округ город Глазов,2023-06
v2,0.5,городской округ город Глазов,2023-10
v2,0.5,городской округ город Глазов,2024-01
v2,0.5,городской округ город Глазов,2024-10
v2,0.5,городской округ город Горно-Алтайск,2023-09
v2,0.5,городской округ город Горно-Алтайск,2024-02
v2,0.5,городской округ город Горно-Алтайск,2024-05
v2,0.5,городской округ город Горно-Алтайск,2024-10
v2,0.5,городской округ город Губкинский,2023-08
v2,0.5,городской округ город Губкинский,2024-02
v2,0.5,городской округ город Губкинский,2024-07
v2,0.5,городской округ город Губкинский,2024-10
v2,0.5,городской округ город Гусь-Хрустальный,2023-10
v2,0.5,городской округ город Гусь-Хрустальный,2024-01
v2,0.5,городской округ город Гусь-Хрустальный,2024-10
v2,0.5,городской округ город Десногорск,2023-06
v2,0.5,городской округ город Десногорск,2023-10
v2,0.5,городской округ город Десногорск,2024-02
v2,0.5,городской округ город Десногорск,2024-06
v2,0.5,городской округ город Десногорск,2024-10
v2,0.5,городской округ город Дзержинск,2023-10
v2,0.5,городской округ город Дзержинск,2024-01
v2,0.5,городской округ город Дзержинск,2024-10
v2,0.5,городской округ город Дивногорск,2023-10
v2,0.5,городской округ город Дивногорск,2024-01
v2,0.5,городской округ город Дивногорск,2024-05
v2,0.5,городской округ город Дивногорск,2024-10
v2,0.5,городской округ город Димитровград,2023-06
v2,0.5,городской округ город Димитровград,2023-10
v2,0.5,городской округ город Димитровград,2024-01
v2,0.5,городской округ город Димитровград,2024-10
v2,0.5,городской округ город Донской,2023-10
v2,0.5,городской округ город Донской,2024-01
v2,0.5,городской округ город Донской,2024-10
v2,0.5,городской округ город Екатеринбург,2023-06
v2,0.5,городской округ город Екатеринбург,2023-10
v2,0.5,городской округ город Екатеринбург,2024-01
v2,0.5,городской округ город Екатеринбург,2024-10
v2,0.5,городской округ город Елец,2023-10
v2,0.5,городской округ город Елец,2024-01
v2,0.5,городской округ город Елец,2024-10
v2,0.5,городской округ город Енисейск,2023-06
v2,0.5,городской округ город Енисейск,2023-10
v2,0.5,городской округ город Енисейск,2024-01
v2,0.5,городской округ город Енисейск,2024-10
v2,0.5,городской округ город Ефремов,2023-10
v2,0.5,городской округ город Ефремов,2024-01
v2,0.5,городской округ город Ефремов,2024-10
v2,0.5,городской округ город Заринск,2023-10
v2,0.5,городской округ город Заринск,2024-01
v2,0.5,городской округ город Заринск,2024-10
v2,0.5,городской округ город Ижевск,2023-06
v2,0.5,городской округ город Ижевск,2023-10
v2,0.5,городской округ город Ижевск,2024-01
v2,0.5,городской округ город Ижевск,2024-10
v2,0.5,городской округ город Ирбит,2023-10
v2,0.5,городской округ город Ирбит,2024-01
v2,0.5,городской округ город Ирбит,2024-10
v2,0.5,городской округ город Иркутск,2023-10
v2,0.5,городской округ город Иркутск,2024-01
v2,0.5,городской округ город Иркутск,2024-10
v2,0.5,городской округ город Искитим,2023-07
v2,0.5,городской округ город Искитим,2023-10
v2,0.5,городской округ город Искитим,2024-01
v2,0.5,городской округ город Искитим,2024-10
v2,0.5,городской округ город Ишим,2023-10
v2,0.5,городской округ город Ишим,2024-01
v2,0.5,городской округ город Ишим,2024-10
v2,0.5,городской округ город Йошкар-Ола,2023-10
v2,0.5,городской округ город Йошкар-Ола,2024-01
v2,0.5,городской округ город Йошкар-Ола,2024-10
v2,0.5,городской округ город Казань,2023-10
v2,0.5,городской округ город Казань,2024-01
v2,0.5,городской округ город Казань,2024-10
v2,0.5,городской округ город Калининград,2023-10
v2,0.5,городской округ город Калининград,2024-01
v2,0.5,городской округ город Калининград,2024-10
v2,0.5,городской округ город Калуга,2023-10
v2,0.5,городской округ город Калуга,2024-01
v2,0.5,городской округ город Калуга,2024-10
v2,0.5,городской округ город Каменск-Уральский,2023-10
v2,0.5,городской округ город Каменск-Уральский,2024-01
v2,0.5,городской округ город Каменск-Уральский,2024-10
v2,0.5,городской округ город Камышин,2023-10
v2,0.5,городской округ город Камышин,2024-01
v2,0.5,городской округ город Камышин,2024-10
v2,0.5,городской округ город Канаш,2023-10
v2,0.5,городской округ город Канаш,2024-01
v2,0.5,городской округ город Канаш,2024-10
v2,0.5,городской округ город Канск,2023-07
v2,0.5,городской округ город Канск,2023-10
v2,0.5,городской округ город Канск,2024-01
v2,0.5,городской округ город Канск,2024-10
v2,0.5,городской округ город Касимов,2023-10
v2,0.5,городской округ город Касимов,2024-01
v2,0.5,городской округ город Касимов,2024-10
v2,0.5,городской округ город Кедровый,2023-08
v2,0.5,городской округ город Кедровый,2024-02
v2,0.5,городской округ город Кедровый,2024-05
v2,0.5,городской округ город Кедровый,2024-10
v2,0.5,городской округ город Кизел,2023-10
v2,0.5,городской округ город Кизел,2024-01
v2,0.5,городской округ город Кизел,2024-10
v2,0.5,городской округ город Киров,2023-06
v2,0.5,городской округ город Киров,2023-10
v2,0.5,городской округ город Киров,2024-01
v2,0.5,городской округ город Киров,2024-10
v2,0.5,городской округ город Кирово-Чепецк,2023-06
v2,0.5,городской округ город Кирово-Чепецк,2023-10
v2,0.5,городской округ город Кирово-Чепецк,2024-01
v2,0.5,городской округ город Кирово-Чепецк,2024-10
v2,0.5,городской округ город Кирсанов,2023-10
v2,0.5,городской округ город Кирсанов,2024-01
v2,0.5,городской округ город Кирсанов,2024-10
v2,0.5,городской округ город Ковров,2023-10
v2,0.5,городской округ город Ковров,2024-01
v2,0.5,городской округ город Ковров,2024-10
v2,0.5,городской округ город Когалым,2023-08
v2,0.5,городской округ город Когалым,2024-02
v2,0.5,городской округ город Когалым,2024-07
v2,0.5,городской округ город Когалым,2024-10
v2,0.5,городской округ город Козьмодемьянск,2023-10
v2,0.5,городской округ город Козьмодемьянск,2024-01
v2,0.5,городской округ город Козьмодемьянск,2024-10
v2,0.5,городской округ город Комсомольск-на-Амуре,2023-06
v2,0.5,городской округ город Комсомольск-на-Амуре,2023-10
v2,0.5,городской округ город Комсомольск-на-Амуре,2024-01
v2,0.5,городской округ город Комсомольск-на-Амуре,2024-10
v2,0.5,городской округ город Коряжма,2024-04
v2,0.5,городской округ город Коряжма,2024-10
v2,0.5,городской округ город Кострома,2023-10
v2,0.5,городской округ город Кострома,2024-01
v2,0.5,городской округ город Кострома,2024-10
v2,0.5,городской округ город Котельнич,2023-10
v2,0.5,городской округ город Котельнич,2024-01
v2,0.5,городской округ город Котельнич,2024-10
v2,0.5,городской округ город Котовск,2023-10
v2,0.5,городской округ город Котовск,2024-01
v2,0.5,городской округ город Котовск,2024-10
v2,0.5,городской округ город Красноярск,2023-07
v2,0.5,городской округ город Красноярск,2023-10
v2,0.5,городской округ город Красноярск,2024-01
v2,0.5,городской округ город Красноярск,2024-10
v2,0.5,городской округ город Кулебаки,2023-10
v2,0.5,городской округ город Кулебаки,2024-01
v2,0.5,городской округ город Кулебаки,2024-10
v2,0.5,городской округ город Кумертау,2023-10
v2,0.5,городской округ город Кумертау,2024-01
v2,0.5,городской округ город Кумертау,2024-10
v2,0.5,городской округ город Курган,2023-10
v2,0.5,городской округ город Курган,2024-01
v2,0.5,городской округ город Курган,2024-10
v2,0.5,городской округ город Лабытнанги,2023-08
v2,0.5,городской округ город Лабытнанги,2024-02
v2,0.5,городской округ город Лабытнанги,2024-07
v2,0.5,городской округ город Лабытнанги,2024-10
v2,0.5,городской округ город Лангепас,2023-10
v2,0.5,городской округ город Лангепас,2024-01
v2,0.5,городской округ город Лангепас,2024-07
v2,0.5,городской округ город Лангепас,2024-10
v2,0.5,городской округ город Лермонтов,2023-10
v2,0.5,городской округ город Лермонтов,2024-01
v2,0.5,городской округ город Лермонтов,2024-06
v2,0.5,городской округ город Лермонтов,2024-10
v2,0.5,городской округ город Лесосибирск,2023-08
v2,0.5,городской округ город Лесосибирск,2023-11
v2,0.5,городской округ город Лесосибирск,2024-02
v2,0.5,городской округ город Лесосибирск,2024-07
v2,0.5,городской округ город Лесосибирск,2024-10
v2,0.5,городской округ город Ливны,2023-10
v2,0.5,городской округ город Ливны,2024-01
v2,0.5,городской округ город Ливны,2024-10
v2,0.5,городской округ город Липецк,2023-10
v2,0.5,городской округ город Липецк,2024-01
v2,0.5,городской округ город Липецк,2024-10
v2,0.5,городской округ город Магадан,2023-08
v2,0.5,городской округ город Магадан,2024-02
v2,0.5,городской округ город Магадан,2024-07
v2,0.5,городской округ город Магадан,2024-10
v2,0.5,городской округ город Майкоп,2023-10
v2,0.5,городской округ город Майкоп,2024-01
v2,0.5,городской округ город Майкоп,2024-10
v2,0.5,городской округ город Мегион,2023-06
v2,0.5,городской округ город Мегион,2023-10
v2,0.5,городской округ город Мегион,2024-01
v2,0.5,городской округ город Мегион,2024-10
v2,0.5,городской округ город Медногорск,2023-10
v2,0.5,городской округ город Медногорск,2024-01
v2,0.5,городской округ город Медногорск,2024-07
v2,0.5,городской округ город Медногорск,2024-10
v2,0.5,городской округ город Минусинск,2023-07
v2,0.5,городской округ город Минусинск,2023-10
v2,0.5,городской округ город Минусинск,2024-01
v2,0.5,городской округ город Минусинск,2024-10
v2,0.5,городской округ город Михайловка,2023-10
v2,0.5,городской округ город Михайловка,2024-01
v2,0.5,городской округ город Михайловка,2024-10
v2,0.5,городской округ город Мичуринск,2023-10
v2,0.5,городской округ город Мичуринск,2024-01
v2,0.5,городской округ город Мичуринск,2024-10
v2,0.5,городской округ город Можга,2023-10
v2,0.5,городской округ город Можга,2024-01
v2,0.5,городской округ город Можга,2024-10
v2,0.5,городской округ город Моршанск,2023-10
v2,0.5,городской округ город Моршанск,2024-01
v2,0.5,городской округ город Моршанск,2024-10
v2,0.5,городской округ город Муравленко,2023-08
v2,0.5,городской округ город Муравленко,2023-11
v2,0.5,городской округ город Муравленко,2024-02
v2,0.5,городской округ город Муравленко,2024-07
v2,0.5,городской округ город Муравленко,2024-10
v2,0.5,городской округ город Мурманск,2023-08
v2,0.5,городской округ город Мурманск,2023-11
v2,0.5,городской округ город Мурманск,2024-02
v2,0.5,городской округ город Мурманск,2024-07
v2,0.5,городской округ город Мурманск,2024-10
v2,0.5,городской округ город Мценск,2023-10
v2,0.5,городской округ город Мценск,2024-01
v2,0.5,городской округ город Мценск,2024-10
v2,0.5,городской округ город Набережные Челны,2023-10
v2,0.5,городской округ город Набережные Челны,2024-01
v2,0.5,городской округ город Набережные Челны,2024-10
v2,0.5,городской округ город Назарово,2023-10
v2,0.5,городской округ город Назарово,2024-01
v2,0.5,городской округ город Назарово,2024-10
v2,0.5,городской округ город Нарьян-Мар,2023-08
v2,0.5,городской округ город Нарьян-Мар,2024-02
v2,0.5,городской округ город Нарьян-Мар,2024-07
v2,0.5,городской округ город Нарьян-Мар,2024-10
v2,0.5,городской округ город Невинномысск,2023-10
v2,0.5,городской округ город Невинномысск,2024-01
v2,0.5,городской округ город Невинномысск,2024-10
v2,0.5,городской округ город Нефтекамск,2023-10
v2,0.5,городской округ город Нефтекамск,2024-01
v2,0.5,городской округ город Нефтекамск,2024-10
v2,0.5,городской округ город Нефтеюганск,2023-08
v2,0.5,городской округ город Нефтеюганск,2024-02
v2,0.5,городской округ город Нефтеюганск,2024-07
v2,0.5,городской округ город Нефтеюганск,2024-10
v2,0.5,городской округ город Нижневартовск,2023-06
v2,0.5,городской округ город Нижневартовск,2023-10
v2,0.5,городской округ город Нижневартовск,2024-01
v2,0.5,городской округ город Нижневартовск,2024-10
v2,0.5,городской округ город Нижний Новгород,2023-10
v2,0.5,городской округ город Нижний Новгород,2024-01
v2,0.5,городской округ город Нижний Новгород,2024-10
v2,0.5,городской округ город Нижний Тагил,2023-06
v2,0.5,городской округ город Нижний Тагил,2023-10
v2,0.5,городской округ город Нижний Тагил,2024-01
v2,0.5,городской округ город Нижний Тагил,2024-10
v2,0.5,городской округ город Новоалтайск,2023-10
v2,0.5,городской округ город Новоалтайск,2024-01
v2,0.5,городской округ город Новоалтайск,2024-10
v2,0.5,городской округ город Новодвинск,2023-06
v2,0.5,городской округ город Новодвинск,2023-10
v2,0.5,городской округ город Новодвинск,2024-01
v2,0.5,городской округ город Новодвинск,2024-06
v2,0.5,городской округ город Новодвинск,2024-10
v2,0.5,городской округ город Новомосковск,2023-10
v2,0.5,городской округ город Новомосковск,2024-01
v2,0.5,городской округ город Новомосковск,2024-10
v2,0.5,городской округ город Новосибирск,2023-10
v2,0.5,городской округ город Новосибирск,2024-01
v2,0.5,городской округ город Новосибирск,2024-10
v2,0.5,городской округ город Новотроицк,2023-06
v2,0.5,городской округ город Новотроицк,2023-10
v2,0.5,городской округ город Новотроицк,2024-01
v2,0.5,городской округ город Новотроицк,2024-10
v2,0.5,городской округ город Новоульяновск,2023-10
v2,0.5,городской округ город Новоульяновск,2024-01
v2,0.5,городской округ город Новоульяновск,2024-10
v2,0.5,городской округ город Новочебоксарск,2023-10
v2,0.5,городской округ город Новочебоксарск,2024-01
v2,0.5,городской округ город Новочебоксарск,2024-10
v2,0.5,городской округ город Новый Уренгой,2023-08
v2,0.5,городской округ город Новый Уренгой,2023-11
v2,0.5,городской округ город Новый Уренгой,2024-02
v2,0.5,городской округ город Новый Уренгой,2024-07
v2,0.5,городской округ город Новый Уренгой,2024-10
v2,0.5,городской округ город Норильск,2024-02
v2,0.5,городской округ город Норильск,2024-07
v2,0.5,городской округ город Норильск,2024-10
v2,0.5,городской округ город Ноябрьск,2023-08
v2,0.5,городской округ город Ноябрьск,2023-11
v2,0.5,городской округ город Ноябрьск,2024-02
v2,0.5,городской округ город Ноябрьск,2024-07
v2,0.5,городской округ город Ноябрьск,2024-10
v2,0.5,городской округ город Нягань,2023-10
v2,0.5,городской округ город Нягань,2024-01
v2,0.5,городской округ город Нягань,2024-10
v2,0.5,городской округ город Обнинск,2023-10
v2,0.5,городской округ город Обнинск,2024-01
v2,0.5,городской округ город Обнинск,2024-10
v2,0.5,городской округ город Обь,2023-10
v2,0.5,городской округ город Обь,2024-01
v2,0.5,городской округ город Обь,2024-10
v2,0.5,городской округ город Октябрьский,2023-10
v2,0.5,городской округ город Октябрьский,2024-01
v2,0.5,городской округ город Октябрьский,2024-10
v2,0.5,городской округ город Омск,2023-10
v2,0.5,городской округ город Омск,2024-01
v2,0.5,городской округ город Омск,2024-10
v2,0.5,городской округ город Оренбург,2023-10
v2,0.5,городской округ город Оренбург,2024-01
v2,0.5,городской округ город Оренбург,2024-10
v2,0.5,городской округ город Орск,2023-06
v2,0.5,городской округ город Орск,2023-10
v2,0.5,городской округ город Орск,2024-01
v2,0.5,городской округ город Орск,2024-10
v2,0.5,городской округ город Орёл,2023-10
v2,0.5,городской округ город Орёл,2024-01
v2,0.5,городской округ город Орёл,2024-10
v2,0.5,городской округ город Первомайск,2023-10
v2,0.5,городской округ город Первомайск,2024-01
v2,0.5,городской округ город Первомайск,2024-10
v2,0.5,городской округ город Переславль-Залесский,2023-10
v2,0.5,городской округ город Переславль-Залесский,2024-01
v2,0.5,городской округ город Переславль-Залесский,2024-05
v2,0.5,городской округ город Переславль-Залесский,2024-10
v2,0.5,городской округ город Петровск-Забайкальский,2023-10
v2,0.5,городской округ город Петровск-Забайкальский,2024-01
v2,0.5,городской округ город Петровск-Забайкальский,2024-10
v2,0.5,городской округ город Покачи,2023-09
v2,0.5,городской округ город Покачи,2023-12
v2,0.5,городской округ город Покачи,2024-07
v2,0.5,городской округ город Покачи,2024-10
v2,0.5,городской округ город Псков,2023-10
v2,0.5,городской округ город Псков,2024-01
v2,0.5,городской округ город Псков,2024-10
v2,0.5,городской округ город Пыть-Ях,2023-08
v2,0.5,городской округ город Пыть-Ях,2024-02
v2,0.5,городской округ город Пыть-Ях,2024-07
v2,0.5,городской округ город Пыть-Ях,2024-10
v2,0.5,городской округ город Радужный,2023-08
v2,0.5,городской округ город Радужный,2024-02
v2,0.5,городской округ город Радужный,2024-07
v2,0.5,городской округ город Радужный,2024-10
v2,0.5,городской округ город Рассказово,2023-10
v2,0.5,городской округ город Рассказово,2024-01
v2,0.5,городской округ город Рассказово,2024-10
v2,0.5,городской округ город Рубцовск,2023-10
v2,0.5,городской округ город Рубцовск,2024-01
v2,0.5,городской округ город Рубцовск,2024-10
v2,0.5,городской округ город Рыбинск,2023-10
v2,0.5,городской округ город Рыбинск,2024-01
v2,0.5,городской округ город Рыбинск,2024-10
v2,0.5,городской округ город Рязань,2023-10
v2,0.5,городской округ город Рязань,2024-01
v2,0.5,городской округ город Рязань,2024-10
v2,0.5,городской округ город Салават,2023-10
v2,0.5,городской округ город Салават,2024-01
v2,0.5,городской округ город Салават,2024-10
v2,0.5,городской округ город Салехард,2023-08
v2,0.5,городской округ город Салехард,2023-11
v2,0.5,городской округ город Салехард,2024-02
v2,0.5,городской округ город Салехард,2024-07
v2,0.5,городской округ город Салехард,2024-10
v2,0.5,городской округ город Сарапул,2023-06
v2,0.5,городской округ город Сарапул,2023-10
v2,0.5,городской округ город Сарапул,2024-01
v2,0.5,городской округ город Сарапул,2024-10
v2,0.5,городской округ город Саратов,2023-10
v2,0.5,городской округ город Саратов,2024-01
v2,0.5,городской округ город Саратов,2024-10
v2,0.5,городской округ город Саяногорск,2023-10
v2,0.5,городской округ город Саяногорск,2024-01
v2,0.5,городской округ город Саяногорск,2024-10
v2,0.5,городской округ город Саянск,2023-10
v2,0.5,городской округ город Саянск,2024-01
v2,0.5,городской округ город Саянск,2024-10
v2,0.5,городской округ город Свирск,2023-09
v2,0.5,городской округ город Свирск,2024-02
v2,0.5,городской округ город Свирск,2024-05
v2,0.5,городской округ город Свирск,2024-10
v2,0.5,городской округ город Сибай,2023-10
v2,0.5,городской округ город Сибай,2024-01
v2,0.5,городской округ город Сибай,2024-10
v2,0.5,городской округ город Скопин,2023-10
v2,0.5,городской округ город Скопин,2024-01
v2,0.5,городской округ город Скопин,2024-10
v2,0.5,городской округ город Слободской,2023-10
v2,0.5,городской округ город Слободской,2024-01
v2,0.5,городской округ город Слободской,2024-10
v2,0.5,городской округ город Смоленск,2023-10
v2,0.5,городской округ город Смоленск,2024-01
v2,0.5,городской округ город Смоленск,2024-10
v2,0.5,городской округ город Сорск,2023-10
v2,0.5,городской округ город Сорск,2024-01
v2,0.5,городской округ город Сорск,2024-10
v2,0.5,городской округ город Сосновоборск,2023-06
v2,0.5,городской округ город Сосновоборск,2023-10
v2,0.5,городской округ город Сосновоборск,2024-01
v2,0.5,городской округ город Сосновоборск,2024-10
v2,0.5,городской округ город Ставрополь,2023-10
v2,0.5,городской округ город Ставрополь,2024-01
v2,0.5,городской округ город Ставрополь,2024-10
v2,0.5,городской округ город Стерлитамак,2023-10
v2,0.5,городской округ город Стерлитамак,2024-01
v2,0.5,городской округ город Стерлитамак,2024-10
v2,0.5,городской округ город Стрежевой,2023-08
v2,0.5,городской округ город Стрежевой,2023-11
v2,0.5,городской округ город Стрежевой,2024-02
v2,0.5,городской округ город Стрежевой,2024-07
v2,0.5,городской округ город Стрежевой,2024-10
v2,0.5,городской округ город Сургут,2023-06
v2,0.5,городской округ город Сургут,2023-10
v2,0.5,городской округ город Сургут,2024-01
v2,0.5,городской округ город Сургут,2024-10
v2,0.5,городской округ город Тамбов,2023-10
v2,0.5,городской округ город Тамбов,2024-01
v2,0.5,городской округ город Тамбов,2024-10
v2,0.5,городской округ город Тверь,2023-10
v2,0.5,городской округ город Тверь,2024-01
v2,0.5,городской округ город Тверь,2024-10
v2,0.5,городской округ город Тобольск,2023-06
v2,0.5,городской округ город Тобольск,2023-10
v2,0.5,городской округ город Тобольск,2024-01
v2,0.5,городской округ город Тобольск,2024-10
v2,0.5,городской округ город Томск,2023-10
v2,0.5,городской округ город Томск,2024-01
v2,0.5,городской округ город Томск,2024-10
v2,0.5,городской округ город Торжок,2023-10
v2,0.5,городской округ город Торжок,2024-01
v2,0.5,городской округ город Торжок,2024-10
v2,0.5,городской округ город Тула,2023-10
v2,0.5,городской округ город Тула,2024-01
v2,0.5,городской округ город Тула,2024-10
v2,0.5,городской округ город Тулун,2023-07
v2,0.5,городской округ город Тулун,2023-10
v2,0.5,городской округ город Тулун,2024-01
v2,0.5,городской округ город Тулун,2024-10
v2,0.5,городской округ город Тюмень,2023-10
v2,0.5,городской округ город Тюмень,2024-01
v2,0.5,городской округ город Тюмень,2024-10
v2,0.5,городской округ город Уварово,2023-10
v2,0.5,городской округ город Уварово,2024-01
v2,0.5,городской округ город Уварово,2024-10
v2,0.5,городской округ город Ульяновск,2023-10
v2,0.5,городской округ город Ульяновск,2024-01
v2,0.5,городской округ город Ульяновск,2024-10
v2,0.5,городской округ город Урай,2023-08
v2,0.5,городской округ город Урай,2023-11
v2,0.5,городской округ город Урай,2024-02
v2,0.5,городской округ город Урай,2024-07
v2,0.5,городской округ город Урай,2024-10
v2,0.5,городской округ город Урюпинск,2023-10
v2,0.5,городской округ город Урюпинск,2024-01
v2,0.5,городской округ город Урюпинск,2024-10
v2,0.5,городской округ город Усолье-Сибирское,2023-07
v2,0.5,городской округ город Усолье-Сибирское,2023-10
v2,0.5,городской округ город Усолье-Сибирское,2024-01
v2,0.5,городской округ город Усолье-Сибирское,2024-10
v2,0.5,городской округ город Усть-Илимск,2023-06
v2,0.5,городской округ город Усть-Илимск,2023-10
v2,0.5,городской округ город Усть-Илимск,2024-01
v2,0.5,городской округ город Усть-Илимск,2024-10
v2,0.5,городской округ город Уфа,2023-10
v2,0.5,городской округ город Уфа,2024-01
v2,0.5,городской округ город Уфа,2024-10
v2,0.5,городской округ город Фролово,2023-11
v2,0.5,городской округ город Фролово,2024-02
v2,0.5,городской округ город Фролово,2024-05
v2,0.5,городской округ город Фролово,2024-10
v2,0.5,городской округ город Хабаровск,2023-10
v2,0.5,городской округ город Хабаровск,2024-01
v2,0.5,городской округ город Хабаровск,2024-10
v2,0.5,городской округ город Ханты-Мансийск,2023-10
v2,0.5,городской округ город Ханты-Мансийск,2024-01
v2,0.5,городской округ город Ханты-Мансийск,2024-10
v2,0.5,городской округ город Чебоксары,2023-10
v2,0.5,городской округ город Чебоксары,2024-01
v2,0.5,городской округ город Чебоксары,2024-10
v2,0.5,городской округ город Черемхово,2023-07
v2,0.5,городской округ город Черемхово,2023-10
v2,0.5,городской округ город Черемхово,2024-01
v2,0.5,городской округ город Черемхово,2024-10
v2,0.5,городской округ город Черногорск,2023-10
v2,0.5,городской округ город Черногорск,2024-01
v2,0.5,городской округ город Черногорск,2024-10
v2,0.5,городской округ город Чкаловск,2023-08
v2,0.5,городской округ город Чкаловск,2023-11
v2,0.5,городской округ город Чкаловск,2024-02
v2,0.5,городской округ город Чкаловск,2024-06
v2,0.5,городской округ город Чкаловск,2024-10
v2,0.5,городской округ город Шадринск,2023-10
v2,0.5,городской округ город Шадринск,2024-01
v2,0.5,городской округ город Шадринск,2024-10
v2,0.5,городской округ город Шарыпово,2023-10
v2,0.5,городской округ город Шарыпово,2024-01
v2,0.5,городской округ город Шарыпово,2024-10
v2,0.5,городской округ город Шарья,2023-10
v2,0.5,городской округ город Шарья,2024-01
v2,0.5,городской округ город Шарья,2024-10
v2,0.5,городской округ город Шахунья,2024-02
v2,0.5,городской округ город Шахунья,2024-05
v2,0.5,городской округ город Шахунья,2024-10
v2,0.5,городской округ город Шиханы,2023-10
v2,0.5,городской округ город Шиханы,2024-01
v2,0.5,городской округ город Шиханы,2024-10
v2,0.5,городской округ город Шумерля,2023-10
v2,0.5,городской округ город Шумерля,2024-01
v2,0.5,городской округ город Шумерля,2024-10
v2,0.5,городской округ город Югорск,2023-08
v2,0.5,городской округ город Югорск,2024-02
v2,0.5,городской округ город Югорск,2024-07
v2,0.5,городской округ город Югорск,2024-10
v2,0.5,городской округ город Якутск,2023-10
v2,0.5,городской округ город Якутск,2024-01
v2,0.5,городской округ город Якутск,2024-10
v2,0.5,городской округ город Ялуторовск,2023-10
v2,0.5,городской округ город Ялуторовск,2024-01
v2,0.5,городской округ город Ялуторовск,2024-10
v2,0.5,городской округ город Яровое,2023-10
v2,0.5,городской округ город Яровое,2024-01
v2,0.5,городской округ город Яровое,2024-10
v2,0.5,городской округ город Ярославль,2023-10
v2,0.5,городской округ город Ярославль,2024-01
v2,0.5,городской округ город Ярославль,2024-10
v2,0.5,городской округ город-герой Волгоград,2023-10
v2,0.5,городской округ город-герой Волгоград,2024-01
v2,0.5,городской округ город-герой Волгоград,2024-10
v2,0.5,городской округ город-курорт Ессентуки,2023-10
v2,0.5,городской округ город-курорт Ессентуки,2024-01
v2,0.5,городской округ город-курорт Ессентуки,2024-10
v2,0.5,городской округ город-курорт Железноводск,2023-10
v2,0.5,городской округ город-курорт Железноводск,2024-01
v2,0.5,городской округ город-курорт Железноводск,2024-10
v2,0.5,городской округ город-курорт Кисловодск,2023-10
v2,0.5,городской округ город-курорт Кисловодск,2024-01
v2,0.5,городской округ город-курорт Кисловодск,2024-10
v2,0.5,городской округ город-курорт Пятигорск,2023-10
v2,0.5,городской округ город-курорт Пятигорск,2024-01
v2,0.5,городской округ город-курорт Пятигорск,2024-10
v2,0.5,городской округ округ Муром,2023-10
v2,0.5,городской округ округ Муром,2024-01
v2,0.5,городской округ округ Муром,2024-10
v2,0.5,городской округ поселок Агинское,2023-10
v2,0.5,городской округ поселок Агинское,2024-01
v2,0.5,городской округ поселок Агинское,2024-05
v2,0.5,городской округ поселок Агинское,2024-10
v2,0.5,городской округ рабочий поселок Кольцово,2024-01
v2,0.5,городской округ рабочий поселок Кольцово,2024-10
v2,0.5,муниципальный округ Александровский,2023-10
v2,0.5,муниципальный округ Александровский,2024-01
v2,0.5,муниципальный округ Александровский,2024-10
v2,0.5,муниципальный округ Алнашский район,2023-10
v2,0.5,муниципальный округ Алнашский район,2024-01
v2,0.5,муниципальный округ Алнашский район,2024-10
v2,0.5,муниципальный округ Андреапольский,2023-10
v2,0.5,муниципальный округ Андреапольский,2024-01
v2,0.5,муниципальный округ Андреапольский,2024-10
v2,0.5,муниципальный округ Арбажский,2023-06
v2,0.5,муниципальный округ Арбажский,2023-10
v2,0.5,муниципальный округ Арбажский,2024-01
v2,0.5,муниципальный округ Арбажский,2024-10
v2,0.5,муниципальный округ Афанасьевский,2023-08
v2,0.5,муниципальный округ Афанасьевский,2023-11
v2,0.5,муниципальный округ Афанасьевский,2024-02
v2,0.5,муниципальный округ Афанасьевский,2024-05
v2,0.5,муниципальный округ Афанасьевский,2024-10
v2,0.5,муниципальный округ Багратионовский,2023-10
v2,0.5,муниципальный округ Багратионовский,2024-01
v2,0.5,муниципальный округ Багратионовский,2024-04
v2,0.5,муниципальный округ Багратионовский,2024-07
v2,0.5,муниципальный округ Багратионовский,2024-10
v2,0.5,муниципальный округ Балезинский район,2023-06
v2,0.5,муниципальный округ Балезинский район,2023-10
v2,0.5,муниципальный округ Балезинский район,2024-01
v2,0.5,муниципальный округ Балезинский район,2024-07
v2,0.5,муниципальный округ Балезинский район,2024-10
v2,0.5,муниципальный округ Бардымский,2023-10
v2,0.5,муниципальный округ Бардымский,2024-01
v2,0.5,муниципальный округ Бардымский,2024-10
v2,0.5,муниципальный округ Бежецкий,2023-10
v2,0.5,муниципальный округ Бежецкий,2024-01
v2,0.5,муниципальный округ Бежецкий,2024-10
v2,0.5,муниципальный округ Бельский,2023-06
v2,0.5,муниципальный округ Бельский,2023-10
v2,0.5,муниципальный округ Бельский,2024-01
v2,0.5,муниципальный округ Бельский,2024-10
v2,0.5,муниципальный округ Березовский,2023-06
v2,0.5,муниципальный округ Березовский,2023-10
v2,0.5,муниципальный округ Березовский,2024-01
v2,0.5,муниципальный округ Березовский,2024-10
v2,0.5,муниципальный округ Богородский,2024-02
v2,0.5,муниципальный округ Богородский,2024-05
v2,0.5,муниципальный округ Богородский,2024-10
v2,0.5,муниципальный округ Бологовский,2023-10
v2,0.5,муниципальный округ Бологовский,2024-01
v2,0.5,муниципальный округ Бологовский,2024-10
v2,0.5,муниципальный округ Большесосновский,2023-10
v2,0.5,муниципальный округ Большесосновский,2024-01
v2,0.5,муниципальный округ Большесосновский,2024-10
v2,0.5,муниципальный округ Вавожский район,2023-06
v2,0.5,муниципальный округ Вавожский район,2023-10
v2,0.5,муниципальный округ Вавожский район,2024-01
v2,0.5,муниципальный округ Вавожский район,2024-07
v2,0.5,муниципальный округ Вавожский район,2024-10
v2,0.5,муниципальный округ Верхнекамский,2023-10
v2,0.5,муниципальный округ Верхнекамский,2024-01
v2,0.5,муниципальный округ Верхнекамский,2024-10
v2,0.5,муниципальный округ Весьегонский,2023-07
v2,0.5,муниципальный округ Весьегонский,2023-10
v2,0.5,муниципальный округ Весьегонский,2024-01
v2,0.5,муниципальный округ Весьегонский,2024-10
v2,0.5,муниципальный округ Вилегодский,2023-06
v2,0.5,муниципальный округ Вилегодский,2023-10
v2,0.5,муниципальный округ Вилегодский,2024-01
v2,0.5,муниципальный округ Вилегодский,2024-10
v2,0.5,муниципальный округ Волотовский,2023-05
v2,0.5,муниципальный округ Волотовский,2023-10
v2,0.5,муниципальный округ Волотовский,2024-01
v2,0.5,муниципальный округ Волотовский,2024-05
v2,0.5,муниципальный округ Вуктыл,2023-09
v2,0.5,муниципальный округ Вуктыл,2023-12
v2,0.5,муниципальный округ Вуктыл,2024-07
v2,0.5,муниципальный округ Вуктыл,2024-10
v2,0.5,муниципальный округ Гайнский,2023-10
v2,0.5,муниципальный округ Гайнский,2024-01
v2,0.5,муниципальный округ Гайнский,2024-10
v2,0.5,муниципальный округ Гвардейский,2023-10
v2,0.5,муниципальный округ Гвардейский,2024-01
v2,0.5,муниципальный округ Гвардейский,2024-10
v2,0.5,муниципальный округ Граховский район,2023-08
v2,0.5,муниципальный округ Граховский район,2023-11
v2,0.5,муниципальный округ Граховский район,2024-04
v2,0.5,муниципальный округ Граховский район,2024-10
v2,0.5,муниципальный округ Губахинский,2023-10
v2,0.5,муниципальный округ Губахинский,2024-01
v2,0.5,муниципальный округ Губахинский,2024-10
v2,0.5,муниципальный округ Гурьевский,2023-10
v2,0.5,муниципальный округ Гурьевский,2024-01
v2,0.5,муниципальный округ Гурьевский,2024-10
v2,0.5,муниципальный округ Дебёсский район,2023-09
v2,0.5,муниципальный округ Дебёсский район,2023-12
v2,0.5,муниципальный округ Дебёсский район,2024-04
v2,0.5,муниципальный округ Дебёсский район,2024-10
v2,0.5,муниципальный округ Демянский,2023-10
v2,0.5,муниципальный округ Демянский,2024-01
v2,0.5,муниципальный округ Демянский,2024-10
v2,0.5,муниципальный округ Еловский,2023-10
v2,0.5,муниципальный округ Еловский,2024-01
v2,0.5,муниципальный округ Еловский,2024-10
v2,0.5,муниципальный округ Жарковский,2023-10
v2,0.5,муниципальный округ Жарковский,2024-01
v2,0.5,муниципальный округ Жарковский,2024-05
v2,0.5,муниципальный округ Жарковский,2024-08
v2,0.5,муниципальный округ Завьяловский район,2023-06
v2,0.5,муниципальный округ Завьяловский район,2023-10
v2,0.5,муниципальный округ Завьяловский район,2024-01
v2,0.5,муниципальный округ Завьяловский район,2024-10
v2,0.5,муниципальный округ Западнодвинский,2024-02
v2,0.5,муниципальный округ Западнодвинский,2024-07
v2,0.5,муниципальный округ Западнодвинский,2024-10
v2,0.5,муниципальный округ Зеленоградский,2023-10
v2,0.5,муниципальный округ Зеленоградский,2024-01
v2,0.5,муниципальный округ Зеленоградский,2024-10
v2,0.5,муниципальный округ Зубцовский,2023-10
v2,0.5,муниципальный округ Зубцовский,2024-01
v2,0.5,муниципальный округ Зубцовский,2024-10
v2,0.5,муниципальный округ Игринский район,2024-02
v2,0.5,муниципальный округ Игринский район,2024-05
v2,0.5,муниципальный округ Игринский район,2024-10
v2,0.5,муниципальный округ Калининский,2023-06
v2,0.5,муниципальный округ Калининский,2023-10
v2,0.5,муниципальный округ Калининский,2024-01
v2,0.5,муниципальный округ Калининский,2024-10
v2,0.5,муниципальный округ Калязинский,2023-10
v2,0.5,муниципальный округ Калязинский,2024-01
v2,0.5,муниципальный округ Калязинский,2024-10
v2,0.5,муниципальный округ Камбарский район,2024-02
v2,0.5,муниципальный округ Камбарский район,2024-05
v2,0.5,муниципальный округ Камбарский район,2024-10
v2,0.5,муниципальный округ Карагайский,2023-10
v2,0.5,муниципальный округ Карагайский,2024-01
v2,0.5,муниципальный округ Карагайский,2024-10
v2,0.5,муниципальный округ Каракулинский район,2023-06
v2,0.5,муниципальный округ Каракулинский район,2023-12
v2,0.5,муниципальный округ Каракулинский район,2024-04
v2,0.5,муниципальный округ Каракулинский район,2024-07
v2,0.5,муниципальный округ Каргопольский,2023-08
v2,0.5,муниципальный округ Каргопольский,2023-11
v2,0.5,муниципальный округ Каргопольский,2024-02
v2,0.5,муниципальный округ Каргопольский,2024-07
v2,0.5,муниципальный округ Каргопольский,2024-10
v2,0.5,муниципальный округ Кезский район,2023-08
v2,0.5,муниципальный округ Кезский район,2023-11
v2,0.5,муниципальный округ Кезский район,2024-02
v2,0.5,муниципальный округ Кезский район,2024-05
v2,0.5,муниципальный округ Кезский район,2024-10
v2,0.5,муниципальный округ Кесовогорский,2023-10
v2,0.5,муниципальный округ Кесовогорский,2024-01
v2,0.5,муниципальный округ Кесовогорский,2024-10
v2,0.5,муниципальный округ Кизнерский район,2023-11
v2,0.5,муниципальный округ Кизнерский район,2024-02
v2,0.5,муниципальный округ Кизнерский район,2024-05
v2,0.5,муниципальный округ Кизнерский район,2024-10
v2,0.5,муниципальный округ Кикнурский,2023-07
v2,0.5,муниципальный округ Кикнурский,2023-11
v2,0.5,муниципальный округ Кикнурский,2024-02
v2,0.5,муниципальный округ Кикнурский,2024-05
v2,0.5,муниципальный округ Кикнурский,2024-10
v2,0.5,муниципальный округ Кимрский,2023-10
v2,0.5,муниципальный округ Кимрский,2024-01
v2,0.5,муниципальный округ Кимрский,2024-10
v2,0.5,муниципальный округ Кишертский,2023-10
v2,0.5,муниципальный округ Кишертский,2024-01
v2,0.5,муниципальный округ Кишертский,2024-10
v2,0.5,муниципальный округ Киясовский район,2024-02
v2,0.5,муниципальный округ Киясовский район,2024-05
v2,0.5,муниципальный округ Киясовский район,2024-10
v2,0.5,муниципальный округ Конаковский,2023-10
v2,0.5,муниципальный округ Конаковский,2024-01
v2,0.5,муниципальный округ Конаковский,2024-10
v2,0.5,муниципальный округ Косинский,2023-09
v2,0.5,муниципальный округ Косинский,2024-02
v2,0.5,муниципальный округ Косинский,2024-07
v2,0.5,муниципальный округ Косинский,2024-10
v2,0.5,муниципальный округ Кочевский,2023-10
v2,0.5,муниципальный округ Кочевский,2024-01
v2,0.5,муниципальный округ Кочевский,2024-10
v2,0.5,муниципальный округ Красногородский,2023-07
v2,0.5,муниципальный округ Красногородский,2023-10
v2,0.5,муниципальный округ Красногородский,2024-01
v2,0.5,муниципальный округ Красногородский,2024-10
v2,0.5,муниципальный округ Красногорский район,2023-06
v2,0.5,муниципальный округ Красногорский район,2023-10
v2,0.5,муниципальный округ Красногорский район,2024-02
v2,0.5,муниципальный округ Красногорский район,2024-05
v2,0.5,муниципальный округ Красногорский район,2024-10
v2,0.5,муниципальный округ Краснознаменский,2023-11
v2,0.5,муниципальный округ Краснознаменский,2024-02
v2,0.5,муниципальный округ Краснознаменский,2024-05
v2,0.5,муниципальный округ Краснознаменский,2024-10
v2,0.5,муниципальный округ Красноселькупский район,2023-05
v2,0.5,муниципальный округ Красноселькупский район,2023-08
v2,0.5,муниципальный округ Красноселькупский район,2023-12
v2,0.5,муниципальный округ Красноселькупский район,2024-05
v2,0.5,муниципальный округ Красноселькупский район,2024-08
v2,0.5,муниципальный округ Краснохолмский,2023-06
v2,0.5,муниципальный округ Краснохолмский,2023-10
v2,0.5,муниципальный округ Краснохолмский,2024-01
v2,0.5,муниципальный округ Краснохолмский,2024-10
v2,0.5,муниципальный округ Крестецкий,2023-08
v2,0.5,муниципальный округ Крестецкий,2023-11
v2,0.5,муниципальный округ Крестецкий,2024-02
v2,0.5,муниципальный округ Крестецкий,2024-06
v2,0.5,муниципальный округ Крестецкий,2024-10
v2,0.5,муниципальный округ Кувшиновский,2024-02
v2,0.5,муниципальный округ Кувшиновский,2024-05
v2,0.5,муниципальный округ Кувшиновский,2024-10
v2,0.5,муниципальный округ Кудымкарский,2023-10
v2,0.5,муниципальный округ Кудымкарский,2024-01
v2,0.5,муниципальный округ Кудымкарский,2024-10
v2,0.5,муниципальный округ Куединский,2023-10
v2,0.5,муниципальный округ Куединский,2024-01
v2,0.5,муниципальный округ Куединский,2024-10
v2,0.5,муниципальный округ Кунгурский,2023-10
v2,0.5,муниципальный округ Кунгурский,2024-01
v2,0.5,муниципальный округ Кунгурский,2024-10
v2,0.5,муниципальный округ Лебяжский,2023-07
v2,0.5,муниципальный округ Лебяжский,2024-02
v2,0.5,муниципальный округ Лебяжский,2024-07
v2,0.5,муниципальный округ Лебяжский,2024-10
v2,0.5,муниципальный округ Лесной,2023-10
v2,0.5,муниципальный округ Лесной,2024-01
v2,0.5,муниципальный округ Лесной,2024-10
v2,0.5,муниципальный округ Лихославльский,2023-10
v2,0.5,муниципальный округ Лихославльский,2024-01
v2,0.5,муниципальный округ Лихославльский,2024-10
v2,0.5,муниципальный округ Локнянский,2023-11
v2,0.5,муниципальный округ Локнянский,2024-02
v2,0.5,муниципальный округ Локнянский,2024-05
v2,0.5,муниципальный округ Локнянский,2024-10
v2,0.5,муниципальный округ Лузский,2023-11
v2,0.5,муниципальный округ Лузский,2024-02
v2,0.5,муниципальный округ Лузский,2024-05
v2,0.5,муниципальный округ Лузский,2024-10
v2,0.5,муниципальный округ Максатихинский,2023-08
v2,0.5,муниципальный округ Максатихинский,2023-12
v2,0.5,муниципальный округ Максатихинский,2024-04
v2,0.5,муниципальный округ Максатихинский,2024-10
v2,0.5,муниципальный округ Макушинский,2023-07
v2,0.5,муниципальный округ Макушинский,2023-10
v2,0.5,муниципальный округ Макушинский,2024-01
v2,0.5,муниципальный округ Макушинский,2024-10
v2,0.5,муниципальный округ Малопургинский район,2023-10
v2,0.5,муниципальный округ Малопургинский район,2024-01
v2,0.5,муниципальный округ Малопургинский район,2024-10
v2,0.5,муниципальный округ Марёвский,2023-08
v2,0.5,муниципальный округ Марёвский,2024-02
v2,0.5,муниципальный округ Марёвский,2024-05
v2,0.5,муниципальный округ Марёвский,2024-10
v2,0.5,муниципальный округ Молоковский,2023-11
v2,0.5,муниципальный округ Молоковский,2024-02
v2,0.5,муниципальный округ Молоковский,2024-07
v2,0.5,муниципальный округ Молоковский,2024-10
v2,0.5,муниципальный округ Мошенской,2023-10
v2,0.5,муниципальный округ Мошенской,2024-01
v2,0.5,муниципальный округ Мошенской,2024-10
v2,0.5,муниципальный округ Мурашинский,2023-08
v2,0.5,муниципальный округ Мурашинский,2023-11
v2,0.5,муниципальный округ Мурашинский,2024-02
v2,0.5,муниципальный округ Мурашинский,2024-06
v2,0.5,муниципальный округ Мурашинский,2024-10
v2,0.5,муниципальный округ Надымский район,2023-08
v2,0.5,муниципальный округ Надымский район,2024-02
v2,0.5,муниципальный округ Надымский район,2024-07
v2,0.5,муниципальный округ Надымский район,2024-10
v2,0.5,муниципальный округ Невельский,2023-10
v2,0.5,муниципальный округ Невельский,2024-01
v2,0.5,муниципальный округ Невельский,2024-10
v2,0.5,муниципальный округ Неманский,2023-10
v2,0.5,муниципальный округ Неманский,2024-01
v2,0.5,муниципальный округ Неманский,2024-10
v2,0.5,муниципальный округ Нестеровский,2023-05
v2,0.5,муниципальный округ Нестеровский,2023-10
v2,0.5,муниципальный округ Нестеровский,2024-01
v2,0.5,муниципальный округ Нестеровский,2024-10
v2,0.5,муниципальный округ Новоржевский,2023-10
v2,0.5,муниципальный округ Новоржевский,2024-01
v2,0.5,муниципальный округ Новоржевский,2024-10
v2,0.5,муниципальный округ Озерский,2023-08
v2,0.5,муниципальный округ Озерский,2023-11
v2,0.5,муниципальный округ Озерский,2024-02
v2,0.5,муниципальный округ Озерский,2024-06
v2,0.5,муниципальный округ Озерский,2024-10
v2,0.5,муниципальный округ Оленинский,2023-10
v2,0.5,муниципальный округ Оленинский,2024-01
v2,0.5,муниципальный округ Оленинский,2024-10
v2,0.5,муниципальный округ Ольский,2023-09
v2,0.5,муниципальный округ Ольский,2024-02
v2,0.5,муниципальный округ Ольский,2024-05
v2,0.5,муниципальный округ Ольский,2024-10
v2,0.5,муниципальный округ Опаринский,2023-10
v2,0.5,муниципальный округ Опаринский,2024-01
v2,0.5,муниципальный округ Опаринский,2024-10
v2,0.5,муниципальный округ Опочецкий,2023-08
v2,0.5,муниципальный округ Опочецкий,2023-11
v2,0.5,муниципальный округ Опочецкий,2024-02
v2,0.5,муниципальный округ Опочецкий,2024-06
v2,0.5,муниципальный округ Опочецкий,2024-10
v2,0.5,муниципальный округ Ординский,2023-10
v2,0.5,муниципальный округ Ординский,2024-01
v2,0.5,муниципальный округ Ординский,2024-10
v2,0.5,муниципальный округ Орловский,2023-10
v2,0.5,муниципальный округ Орловский,2024-01
v2,0.5,муниципальный округ Орловский,2024-10
v2,0.5,муниципальный округ Пеновский,2023-10
v2,0.5,муниципальный округ Пеновский,2024-01
v2,0.5,муниципальный округ Пеновский,2024-10
v2,0.5,муниципальный округ Пермский,2023-10
v2,0.5,муниципальный округ Пермский,2024-01
v2,0.5,муниципальный округ Пермский,2024-10
v2,0.5,муниципальный округ Пестовский,2023-11
v2,0.5,муниципальный округ Пестовский,2024-02
v2,0.5,муниципальный округ Пестовский,2024-06
v2,0.5,муниципальный округ Пестовский,2024-10
v2,0.5,муниципальный округ Печорский,2023-10
v2,0.5,муниципальный округ Печорский,2024-01
v2,0.5,муниципальный округ Печорский,2024-10
v2,0.5,муниципальный округ Пижанский,2023-07
v2,0.5,муниципальный округ Пижанский,2023-10
v2,0.5,муниципальный округ Пижанский,2024-01
v2,0.5,муниципальный округ Пижанский,2024-10
v2,0.5,муниципальный округ Полесский,2023-10
v2,0.5,муниципальный округ Полесский,2024-01
v2,0.5,муниципальный округ Полесский,2024-06
v2,0.5,муниципальный округ Полесский,2024-10
v2,0.5,муниципальный округ Правдинский,2023-10
v2,0.5,муниципальный округ Правдинский,2024-01
v2,0.5,муниципальный округ Правдинский,2024-10
v2,0.5,муниципальный округ Приуральский район,2023-08
v2,0.5,муниципальный округ Приуральский район,2024-02
v2,0.5,муниципальный округ Приуральский район,2024-07
v2,0.5,муниципальный округ Приуральский район,2024-10
v2,0.5,муниципальный округ Пуровский район,2023-08
v2,0.5,муниципальный округ Пуровский район,2024-02
v2,0.5,муниципальный округ Пуровский район,2024-07
v2,0.5,муниципальный округ Пуровский район,2024-10
v2,0.5,муниципальный округ Пыталовский,2023-10
v2,0.5,муниципальный округ Пыталовский,2024-01
v2,0.5,муниципальный округ Пыталовский,2024-10
v2,0.5,муниципальный округ Рамешковский,2024-02
v2,0.5,муниципальный округ Рамешковский,2024-05
v2,0.5,муниципальный округ Рамешковский,2024-10
v2,0.5,муниципальный округ Ржевский,2023-10
v2,0.5,муниципальный округ Ржевский,2024-01
v2,0.5,муниципальный округ Ржевский,2024-10
v2,0.5,муниципальный округ Сандовский,2023-07
v2,0.5,муниципальный округ Сандовский,2023-10
v2,0.5,муниципальный округ Сандовский,2024-01
v2,0.5,муниципальный округ Сандовский,2024-10
v2,0.5,муниципальный округ Санчурский,2023-06
v2,0.5,муниципальный округ Санчурский,2023-10
v2,0.5,муниципальный округ Санчурский,2024-01
v2,0.5,муниципальный округ Санчурский,2024-10
v2,0.5,муниципальный округ Сарапульский район,2023-10
v2,0.5,муниципальный округ Сарапульский район,2024-01
v2,0.5,муниципальный округ Сарапульский район,2024-10
v2,0.5,муниципальный округ Свечинский,2023-09
v2,0.5,муниципальный округ Свечинский,2023-12
v2,0.5,муниципальный округ Свечинский,2024-04
v2,0.5,муниципальный округ Свечинский,2024-10
v2,0.5,муниципальный округ Селижаровский,2023-10
v2,0.5,муниципальный округ Селижаровский,2024-01
v2,0.5,муниципальный округ Селижаровский,2024-10
v2,0.5,муниципальный округ Селтинский район,2023-08
v2,0.5,муниципальный округ Селтинский район,2024-02
v2,0.5,муниципальный округ Селтинский район,2024-06
v2,0.5,муниципальный округ Селтинский район,2024-10
v2,0.5,муниципальный округ Сивинский,2023-10
v2,0.5,муниципальный округ Сивинский,2024-01
v2,0.5,муниципальный округ Сивинский,2024-10
v2,0.5,муниципальный округ Славский,2023-10
v2,0.5,муниципальный округ Славский,2024-01
v2,0.5,муниципальный округ Славский,2024-10
v2,0.5,муниципальный округ Солецкий,2023-10
v2,0.5,муниципальный округ Солецкий,2024-01
v2,0.5,муниципальный округ Солецкий,2024-10
v2,0.5,муниципальный округ Сонковский,2023-10
v2,0.5,муниципальный округ Сонковский,2024-01
v2,0.5,муниципальный округ Сонковский,2024-10
v2,0.5,муниципальный округ Спировский,2023-10
v2,0.5,муниципальный округ Спировский,2024-01
v2,0.5,муниципальный округ Спировский,2024-10
v2,0.5,муниципальный округ Старицкий,2023-10
v2,0.5,муниципальный округ Старицкий,2024-01
v2,0.5,муниципальный округ Старицкий,2024-10
v2,0.5,муниципальный округ Струго-Красненский,2023-10
v2,0.5,муниципальный округ Струго-Красненский,2024-01
v2,0.5,муниципальный округ Струго-Красненский,2024-10
v2,0.5,муниципальный округ Суетский район,2023-06
v2,0.5,муниципальный округ Суетский район,2023-10
v2,0.5,муниципальный округ Суетский район,2024-01
v2,0.5,муниципальный округ Суетский район,2024-05
v2,0.5,муниципальный округ Суетский район,2024-08
v2,0.5,муниципальный округ Сюмсинский район,2024-02
v2,0.5,муниципальный округ Сюмсинский район,2024-05
v2,0.5,муниципальный округ Сюмсинский район,2024-10
v2,0.5,муниципальный округ Тазовский район,2023-08
v2,0.5,муниципальный округ Тазовский район,2023-11
v2,0.5,муниципальный округ Тазовский район,2024-02
v2,0.5,муниципальный округ Тазовский район,2024-08
v2,0.5,муниципальный округ Торопецкий,2023-10
v2,0.5,муниципальный округ Торопецкий,2024-01
v2,0.5,муниципальный округ Торопецкий,2024-10
v2,0.5,муниципальный округ Увинский район,2023-10
v2,0.5,муниципальный округ Увинский район,2024-01
v2,0.5,муниципальный округ Увинский район,2024-10
v2,0.5,муниципальный округ Уинский,2023-10
v2,0.5,муниципальный округ Уинский,2024-02
v2,0.5,муниципальный округ Уинский,2024-05
v2,0.5,муниципальный округ Уинский,2024-10
v2,0.5,муниципальный округ Унинский,2023-11
v2,0.5,муниципальный округ Унинский,2024-02
v2,0.5,муниципальный округ Унинский,2024-05
v2,0.5,муниципальный округ Унинский,2024-10
v2,0.5,муниципальный округ Усинск,2023-08
v2,0.5,муниципальный округ Усинск,2023-11
v2,0.5,муниципальный округ Усинск,2024-02
v2,0.5,муниципальный округ Усинск,2024-08
v2,0.5,муниципальный округ Фаленский,2023-10
v2,0.5,муниципальный округ Фаленский,2024-01
v2,0.5,муниципальный округ Фаленский,2024-10
v2,0.5,муниципальный округ Фировский,2023-06
v2,0.5,муниципальный округ Фировский,2024-02
v2,0.5,муниципальный округ Фировский,2024-05
v2,0.5,муниципальный округ Хвойнинский,2024-02
v2,0.5,муниципальный округ Хвойнинский,2024-06
v2,0.5,муниципальный округ Хвойнинский,2024-10
v2,0.5,муниципальный округ Чарышский район,2023-08
v2,0.5,муниципальный округ Чарышский район,2024-02
v2,0.5,муниципальный округ Чарышский район,2024-06
v2,0.5,муниципальный округ Чарышский район,2024-10
v2,0.5,муниципальный округ Частинский,2023-10
v2,0.5,муниципальный округ Частинский,2024-01
v2,0.5,муниципальный округ Частинский,2024-10
v2,0.5,муниципальный округ Черняховский,2023-10
v2,0.5,муниципальный округ Черняховский,2024-01
v2,0.5,муниципальный округ Черняховский,2024-10
v2,0.5,муниципальный округ Шарканский район,2023-10
v2,0.5,муниципальный округ Шарканский район,2024-01
v2,0.5,муниципальный округ Шарканский район,2024-10
v2,0.5,муниципальный округ Шумихинский,2023-10
v2,0.5,муниципальный округ Шумихинский,2024-01
v2,0.5,муниципальный округ Шумихинский,2024-10
v2,0.5,муниципальный округ Шурышкарский район,2023-08
v2,0.5,муниципальный округ Шурышкарский район,2023-12
v2,0.5,муниципальный округ Шурышкарский район,2024-08
v2,0.5,муниципальный округ Юкаменский район,2023-07
v2,0.5,муниципальный округ Юкаменский район,2023-12
v2,0.5,муниципальный округ Юкаменский район,2024-04
v2,0.5,муниципальный округ Юкаменский район,2024-07
v2,0.5,муниципальный округ Юкаменский район,2024-10
v2,0.5,муниципальный округ Юрлинский,2023-06
v2,0.5,муниципальный округ Юрлинский,2023-10
v2,0.5,муниципальный округ Юрлинский,2024-01
v2,0.5,муниципальный округ Юрлинский,2024-10
v2,0.5,муниципальный округ Юсьвинский,2023-10
v2,0.5,муниципальный округ Юсьвинский,2024-01
v2,0.5,муниципальный округ Юсьвинский,2024-10
v2,0.5,муниципальный округ Ягоднинский,2023-07
v2,0.5,муниципальный округ Ягоднинский,2023-10
v2,0.5,муниципальный округ Ягоднинский,2024-01
v2,0.5,муниципальный округ Ягоднинский,2024-05
v2,0.5,муниципальный округ Ягоднинский,2024-10
v2,0.5,муниципальный округ Якшур-Бодьинский район,2023-10
v2,0.5,муниципальный округ Якшур-Бодьинский район,2024-01
v2,0.5,муниципальный округ Якшур-Бодьинский район,2024-10
v2,0.5,муниципальный округ Ямальский район,2023-08
v2,0.5,муниципальный округ Ямальский район,2023-12
v2,0.5,муниципальный округ Ямальский район,2024-07
v2,0.5,муниципальный округ Ямальский район,2024-10
v2,0.5,муниципальный округ Ярский район,2023-08
v2,0.5,муниципальный округ Ярский район,2024-02
v2,0.5,муниципальный округ Ярский район,2024-05
v2,0.5,муниципальный округ Ярский район,2024-10
v2,0.5,муниципальный округ город Апатиты,2023-06
v2,0.5,муниципальный округ город Апатиты,2023-11
v2,0.5,муниципальный округ город Апатиты,2024-02
v2,0.5,муниципальный округ город Апатиты,2024-06
v2,0.5,муниципальный округ город Апатиты,2024-10
v2,0.5,муниципальный округ город Кировск,2023-06
v2,0.5,муниципальный округ город Кировск,2023-10
v2,0.5,муниципальный округ город Кировск,2024-02
v2,0.5,муниципальный округ город Кировск,2024-06
v2,0.5,муниципальный округ город Кировск,2024-10
v2,0.5,муниципальный округ город Мончегорск,2023-06
v2,0.5,муниципальный округ город Мончегорск,2023-10
v2,0.5,муниципальный округ город Мончегорск,2024-01
v2,0.5,муниципальный округ город Мончегорск,2024-10
v2,0.5,муниципальный округ город Оленегорск,2023-08
v2,0.5,муниципальный округ город Оленегорск,2023-12
v2,0.5,муниципальный округ город Оленегорск,2024-04
v2,0.5,муниципальный округ город Оленегорск,2024-10
v2,0.5,муниципальный округ город Полярные Зори,2023-08
v2,0.5,муниципальный округ город Полярные Зори,2023-11
v2,0.5,муниципальный округ город Полярные Зори,2024-02
v2,0.5,муниципальный округ город Полярные Зори,2024-07
v2,0.5,муниципальный округ город Полярные Зори,2024-10
v2,0.5,муниципальный округ город Славгород,2023-10
v2,0.5,муниципальный округ город Славгород,2024-01
v2,0.5,муниципальный округ город Славгород,2024-10
v2,0.5,муниципальный район Город Краснокаменск и Краснокаменский район,2023-07
v2,0.5,муниципальный район Город Краснокаменск и Краснокаменский район,2023-10
v2,0.5,муниципальный район Город Краснокаменск и Краснокаменский район,2024-01
v2,0.5,муниципальный район Город Краснокаменск и Краснокаменский район,2024-10
v2,0.5,муниципальный район Заполярный район,2023-08
v2,0.5,муниципальный район Заполярный район,2024-02
v2,0.5,муниципальный район Заполярный район,2024-07
v2,0.5,муниципальный район Заполярный район,2024-10
v2,0.5,муниципальный район Печора,2023-08
v2,0.5,муниципальный район Печора,2023-11
v2,0.5,муниципальный район Печора,2024-02
v2,0.5,муниципальный район Печора,2024-06
v2,0.5,муниципальный район Печора,2024-10
v2,0.5,муниципальный район Сосногорск,2023-06
v2,0.5,муниципальный район Сосногорск,2023-10
v2,0.5,муниципальный район Сосногорск,2024-01
v2,0.5,муниципальный район Сосногорск,2024-10
v2,0.5,муниципальный район город Нерехта и Нерехтский район,2023-06
v2,0.5,муниципальный район город Нерехта и Нерехтский район,2023-10
v2,0.5,муниципальный район город Нерехта и Нерехтский район,2024-01
v2,0.5,муниципальный район город Нерехта и Нерехтский район,2024-10
v2,0.5,муниципальный район имени Лазо,2023-10
v2,0.5,муниципальный район имени Лазо,2024-01
v2,0.5,муниципальный район имени Лазо,2024-10
v2,0.5,муниципальный район имени Полины Осипенко,2023-11
v2,0.5,муниципальный район имени Полины Осипенко,2024-02
v2,0.5,муниципальный район имени Полины Осипенко,2024-09
v2,1.0,Абанский муниципальный район,2023-10
v2,1.0,Абанский муниципальный район,2024-01
v2,1.0,Абанский муниципальный район,2024-10
v2,1.0,Абатский муниципальный район,2023-10
v2,1.0,Абатский муниципальный район,2024-01
v2,1.0,Абатский муниципальный район,2024-10
v2,1.0,Абзелиловский муниципальный район,2023-10
v2,1.0,Абзелиловский муниципальный район,2024-01
v2,1.0,Абзелиловский муниципальный район,2024-10
v2,1.0,Абыйский муниципальный район,2023-09
v2,1.0,Абыйский муниципальный район,2023-12
v2,1.0,Агрызский муниципальный район,2023-10
v2,1.0,Агрызский муниципальный район,2024-01
v2,1.0,Агрызский муниципальный район,2024-10
v2,1.0,Адамовский муниципальный район,2023-10
v2,1.0,Адамовский муниципальный район,2024-01
v2,1.0,Адамовский муниципальный район,2024-10
v2,1.0,Азнакаевский муниципальный район,2023-10
v2,1.0,Азнакаевский муниципальный район,2024-01
v2,1.0,Азнакаевский муниципальный район,2024-10
v2,1.0,Азовский немецкий национальный муниципальный район,2023-10
v2,1.0,Азовский немецкий национальный муниципальный район,2024-01
v2,1.0,Азовский немецкий национальный муниципальный район,2024-10
v2,1.0,Аксубаевский муниципальный район,2023-10
v2,1.0,Аксубаевский муниципальный район,2024-01
v2,1.0,Аксубаевский муниципальный район,2024-10
v2,1.0,Актанышский муниципальный район,2024-02
v2,1.0,Актанышский муниципальный район,2024-07
v2,1.0,Актанышский муниципальный район,2024-10
v2,1.0,Алагирский муниципальный район,2024-01
v2,1.0,Алагирский муниципальный район,2024-10
v2,1.0,Аларский муниципальный район,2023-10
v2,1.0,Аларский муниципальный район,2024-01
v2,1.0,Аларский муниципальный район,2024-10
v2,1.0,Александро-Невский муниципальный район,2023-10
v2,1.0,Александро-Невский муниципальный район,2024-01
v2,1.0,Александро-Невский муниципальный район,2024-10
v2,1.0,Александровский муниципальный округ,2023-10
v2,1.0,Александровский муниципальный округ,2024-01
v2,1.0,Александровский муниципальный округ,2024-10
v2,1.0,Александровский муниципальный район #2,2023-10
v2,1.0,Александровский муниципальный район #2,2024-01
v2,1.0,Александровский муниципальный район #2,2024-10
v2,1.0,Александровский муниципальный район #3,2023-10
v2,1.0,Александровский муниципальный район #3,2024-01
v2,1.0,Александровский муниципальный район #3,2024-10
v2,1.0,Алексеевский муниципальный район #2,2023-10
v2,1.0,Алексеевский муниципальный район #2,2024-01
v2,1.0,Алексеевский муниципальный район #2,2024-10
v2,1.0,Алексеевский муниципальный район #3,2024-02
v2,1.0,Алексеевский муниципальный район #3,2024-05
v2,1.0,Алексеевский муниципальный район #3,2024-10
v2,1.0,Аликовский муниципальный округ,2023-10
v2,1.0,Аликовский муниципальный округ,2024-01
v2,1.0,Аликовский муниципальный округ,2024-10
v2,1.0,Алтайский муниципальный район #2,2024-01
v2,1.0,Алтайский муниципальный район #2,2024-10
v2,1.0,Алькеевский муниципальный район,2023-10
v2,1.0,Алькеевский муниципальный район,2024-01
v2,1.0,Алькеевский муниципальный район,2024-10
v2,1.0,Альменевский муниципальный округ,2023-10
v2,1.0,Альменевский муниципальный округ,2024-01
v2,1.0,Альменевский муниципальный округ,2024-10
v2,1.0,Альметьевский муниципальный район,2023-10
v2,1.0,Альметьевский муниципальный район,2024-01
v2,1.0,Альметьевский муниципальный район,2024-10
v2,1.0,Альшеевский муниципальный район,2023-10
v2,1.0,Альшеевский муниципальный район,2024-01
v2,1.0,Альшеевский муниципальный район,2024-10
v2,1.0,Амурский муниципальный район,2023-10
v2,1.0,Амурский муниципальный район,2024-01
v2,1.0,Амурский муниципальный район,2024-10
v2,1.0,Анабарский национальный (долгано-эвенкийский) муниципальный район,2023-05
v2,1.0,Анабарский национальный (долгано-эвенкийский) муниципальный район,2023-08
v2,1.0,Анабарский национальный (долгано-эвенкийский) муниципальный район,2023-12
v2,1.0,Анадырский муниципальный район,2023-08
v2,1.0,Анадырский муниципальный район,2024-02
v2,1.0,Анадырский муниципальный район,2024-08
v2,1.0,Андроповский муниципальный округ,2024-10
v2,1.0,Антроповский муниципальный район,2024-10
v2,1.0,Анучинский муниципальный округ,2024-01
v2,1.0,Анучинский муниципальный округ,2024-10
v2,1.0,Апанасенковский муниципальный округ,2024-10
v2,1.0,Апастовский муниципальный район,2024-10
v2,1.0,Аргаяшский муниципальный район,2023-10
v2,1.0,Аргаяшский муниципальный район,2024-01
v2,1.0,Аргаяшский муниципальный район,2024-10
v2,1.0,Ардатовский муниципальный округ,2024-02
v2,1.0,Ардатовский муниципальный округ,2024-07
v2,1.0,Ардатовский муниципальный округ,2024-10
v2,1.0,Ардатовский муниципальный район,2024-10
v2,1.0,Ардонский муниципальный район,2023-10
v2,1.0,Ардонский муниципальный район,2024-01
v2,1.0,Ардонский муниципальный район,2024-06
v2,1.0,Арзгирский муниципальный округ,2023-10
v2,1.0,Арзгирский муниципальный округ,2024-01
v2,1.0,Арзгирский муниципальный округ,2024-10
v2,1.0,Аркадакский муниципальный район,2023-10
v2,1.0,Аркадакский муниципальный район,2024-01
v2,1.0,Аркадакский муниципальный район,2024-10
v2,1.0,Армизонский муниципальный район,2024-10
v2,1.0,Аромашевский муниципальный район,2023-10
v2,1.0,Аромашевский муниципальный район,2024-01
v2,1.0,Аромашевский муниципальный район,2024-10
v2,1.0,Арсеньевский муниципальный район,2023-10
v2,1.0,Арсеньевский муниципальный район,2024-01
v2,1.0,Арсеньевский муниципальный район,2024-10
v2,1.0,Арский муниципальный район,2023-10
v2,1.0,Арский муниципальный район,2024-01
v2,1.0,Арский муниципальный район,2024-10
v2,1.0,Архангельский муниципальный район,2023-10
v2,1.0,Архангельский муниципальный район,2024-01
v2,1.0,Архангельский муниципальный район,2024-10
v2,1.0,Архаринский муниципальный округ,2024-10
v2,1.0,Асекеевский муниципальный район,2023-10
v2,1.0,Асекеевский муниципальный район,2024-01
v2,1.0,Асекеевский муниципальный район,2024-10
v2,1.0,Асиновский муниципальный район,2024-10
v2,1.0,Аскинский муниципальный район,2023-08
v2,1.0,Аскинский муниципальный район,2024-02
v2,1.0,Аскинский муниципальный район,2024-05
v2,1.0,Аскинский муниципальный район,2024-10
v2,1.0,Аткарский муниципальный район,2023-10
v2,1.0,Аткарский муниципальный район,2024-01
v2,1.0,Аткарский муниципальный район,2024-10
v2,1.0,Атнинский муниципальный район,2023-10
v2,1.0,Атнинский муниципальный район,2024-01
v2,1.0,Атнинский муниципальный район,2024-05
v2,1.0,Атюрьевский муниципальный район,2024-02
v2,1.0,Атюрьевский муниципальный район,2024-05
v2,1.0,Атюрьевский муниципальный район,2024-10
v2,1.0,Аургазинский муниципальный район,2023-12
v2,1.0,Аургазинский муниципальный район,2024-04
v2,1.0,Аургазинский муниципальный район,2024-10
v2,1.0,Ахтубинский муниципальный район,2023-10
v2,1.0,Ахтубинский муниципальный район,2024-01
v2,1.0,Ахтубинский муниципальный район,2024-10
v2,1.0,Ашинский муниципальный район,2023-10
v2,1.0,Ашинский муниципальный район,2024-01
v2,1.0,Ашинский муниципальный район,2024-10
v2,1.0,Бабаевский муниципальный округ,2023-10
v2,1.0,Бабаевский муниципальный округ,2024-01
v2,1.0,Бабаевский муниципальный округ,2024-10
v2,1.0,Бабушкинский муниципальный округ,2023-10
v2,1.0,Бабушкинский муниципальный округ,2024-01
v2,1.0,Бабушкинский муниципальный округ,2024-10
v2,1.0,Бабынинский муниципальный район,2023-10
v2,1.0,Бабынинский муниципальный район,2024-01
v2,1.0,Бабынинский муниципальный район,2024-10
v2,1.0,Бавлинский муниципальный район,2023-10
v2,1.0,Бавлинский муниципальный район,2024-01
v2,1.0,Бавлинский муниципальный район,2024-10
v2,1.0,Баганский муниципальный район,2024-10
v2,1.0,Баевский муниципальный район,2024-10
v2,1.0,Базарно-Карабулакский муниципальный район,2024-10
v2,1.0,Базарносызганский муниципальный район,2024-10
v2,1.0,Бай-Тайгинский муниципальный район,2024-08
v2,1.0,Байкаловский муниципальный район,2023-10
v2,1.0,Байкаловский муниципальный район,2024-01
v2,1.0,Байкаловский муниципальный район,2024-10
v2,1.0,Баймакский муниципальный район,2023-10
v2,1.0,Баймакский муниципальный район,2024-01
v2,1.0,Баймакский муниципальный район,2024-10
v2,1.0,Бакалинский муниципальный район,2023-10
v2,1.0,Бакалинский муниципальный район,2024-01
v2,1.0,Бакалинский муниципальный район,2024-10
v2,1.0,Бакчарский муниципальный район,2024-02
v2,1.0,Бакчарский муниципальный район,2024-07
v2,1.0,Бакчарский муниципальный район,2024-10
v2,1.0,Балаганский муниципальный район,2023-10
v2,1.0,Балаганский муниципальный район,2024-01
v2,1.0,Балаганский муниципальный район,2024-10
v2,1.0,Балаковский муниципальный район,2023-10
v2,1.0,Балаковский муниципальный район,2024-01
v2,1.0,Балаковский муниципальный район,2024-10
v2,1.0,Балахнинский муниципальный округ,2024-01
v2,1.0,Балахнинский муниципальный округ,2024-10
v2,1.0,Балахтинский муниципальный район,2023-10
v2,1.0,Балахтинский муниципальный район,2024-01
v2,1.0,Балахтинский муниципальный район,2024-10
v2,1.0,Балашовский муниципальный район,2023-10
v2,1.0,Балашовский муниципальный район,2024-01
v2,1.0,Балашовский муниципальный район,2024-10
v2,1.0,Балейский муниципальный район,2024-10
v2,1.0,Балтайский муниципальный район,2023-10
v2,1.0,Балтайский муниципальный район,2024-01
v2,1.0,Балтайский муниципальный район,2024-10
v2,1.0,Балтасинский муниципальный район,2023-10
v2,1.0,Балтасинский муниципальный район,2024-01
v2,1.0,Балтасинский муниципальный район,2024-10
v2,1.0,Балтачевский муниципальный район,2023-05
v2,1.0,Балтачевский муниципальный район,2023-10
v2,1.0,Балтачевский муниципальный район,2024-01
v2,1.0,Балтачевский муниципальный район,2024-10
v2,1.0,Барабинский муниципальный район,2024-10
v2,1.0,Барышский муниципальный район,2024-10
v2,1.0,Барятинский муниципальный район,2023-10
v2,1.0,Барятинский муниципальный район,2024-01
v2,1.0,Барятинский муниципальный район,2024-10
v2,1.0,Батыревский муниципальный округ,2023-10
v2,1.0,Батыревский муниципальный округ,2024-01
v2,1.0,Батыревский муниципальный округ,2024-10
v2,1.0,Башмаковский муниципальный район,2024-10
v2,1.0,Бежаницкий муниципальный район,2024-10
v2,1.0,Безенчукский муниципальный район,2024-10
v2,1.0,Бейский муниципальный район,2023-10
v2,1.0,Бейский муниципальный район,2024-01
v2,1.0,Бейский муниципальный район,2024-10
v2,1.0,Бековский муниципальный район,2024-10
v2,1.0,Белебеевский муниципальный район,2023-10
v2,1.0,Белебеевский муниципальный район,2024-01
v2,1.0,Белебеевский муниципальный район,2024-10
v2,1.0,Белевский муниципальный район,2023-10
v2,1.0,Белевский муниципальный район,2024-01
v2,1.0,Белевский муниципальный район,2024-10
v2,1.0,Белинский муниципальный район,2023-10
v2,1.0,Белинский муниципальный район,2024-01
v2,1.0,Белинский муниципальный район,2024-10
v2,1.0,Белогорский муниципальный округ,2023-10
v2,1.0,Белогорский муниципальный округ,2024-01
v2,1.0,Белогорский муниципальный округ,2024-10
v2,1.0,Белозерский муниципальный округ #1,2023-10
v2,1.0,Белозерский муниципальный округ #1,2024-01
v2,1.0,Белозерский муниципальный округ #1,2024-10
v2,1.0,Белозерский муниципальный округ #2,2024-10
v2,1.0,Белокатайский муниципальный район,2023-10
v2,1.0,Белокатайский муниципальный район,2024-01
v2,1.0,Белокатайский муниципальный район,2024-10
v2,1.0,Беломорский муниципальный округ,2024-02
v2,1.0,Беломорский муниципальный округ,2024-06
v2,1.0,Беломорский муниципальный округ,2024-10
v2,1.0,Белорецкий муниципальный район,2023-10
v2,1.0,Белорецкий муниципальный район,2024-01
v2,1.0,Белорецкий муниципальный район,2024-10
v2,1.0,Белохолуницкий муниципальный район,2024-02
v2,1.0,Белохолуницкий муниципальный район,2024-05
v2,1.0,Белохолуницкий муниципальный район,2024-10
v2,1.0,Белоярский муниципальный район,2023-08
v2,1.0,Белоярский муниципальный район,2023-12
v2,1.0,Беляевский муниципальный район,2023-10
v2,1.0,Беляевский муниципальный район,2024-01
v2,1.0,Беляевский муниципальный район,2024-10
v2,1.0,Бердюжский муниципальный район,2023-10
v2,1.0,Бердюжский муниципальный район,2024-01
v2,1.0,Бердюжский муниципальный район,2024-10
v2,1.0,Березовский муниципальный район #1,2024-01
v2,1.0,Березовский муниципальный район #1,2024-10
v2,1.0,Березовский муниципальный район #2,2023-05
v2,1.0,Березовский муниципальный район #2,2023-08
v2,1.0,Березовский муниципальный район #2,2023-12
v2,1.0,Березовский муниципальный район #2,2024-04
v2,1.0,Бессоновский муниципальный район,2024-02
v2,1.0,Бессоновский муниципальный район,2024-05
v2,1.0,Бессоновский муниципальный район,2024-10
v2,1.0,Бижбулякский муниципальный район,2023-10
v2,1.0,Бижбулякский муниципальный район,2024-01
v2,1.0,Бижбулякский муниципальный район,2024-10
v2,1.0,Бийский муниципальный район,2023-09
v2,1.0,Бийский муниципальный район,2024-02
v2,1.0,Бикинский муниципальный район,2024-10
v2,1.0,Билибинский муниципальный район,2023-09
v2,1.0,Билибинский муниципальный район,2024-02
v2,1.0,Билибинский муниципальный район,2024-09
v2,1.0,Бирилюсский муниципальный район,2023-10
v2,1.0,Бирилюсский муниципальный район,2024-01
v2,1.0,Бирилюсский муниципальный район,2024-10
v2,1.0,Биробиджанский муниципальный район,2024-10
v2,1.0,Бирский муниципальный район,2023-10
v2,1.0,Бирский муниципальный район,2024-01
v2,1.0,Бирский муниципальный район,2024-10
v2,1.0,Благоварский муниципальный район,2023-10
v2,1.0,Благоварский муниципальный район,2024-01
v2,1.0,Благоварский муниципальный район,2024-10
v2,1.0,Благовещенский муниципальный округ,2024-10
v2,1.0,Благовещенский муниципальный район #1,2024-10
v2,1.0,Благовещенский муниципальный район #2,2023-10
v2,1.0,Благовещенский муниципальный район #2,2024-01
v2,1.0,Благовещенский муниципальный район #2,2024-10
v2,1.0,Благодарненский муниципальный округ,2023-10
v2,1.0,Благодарненский муниципальный округ,2024-01
v2,1.0,Благодарненский муниципальный округ,2024-10
v2,1.0,Богатовский муниципальный район,2023-10
v2,1.0,Богатовский муниципальный район,2024-01
v2,1.0,Богатовский муниципальный район,2024-10
v2,1.0,Богородицкий муниципальный район,2023-10
v2,1.0,Богородицкий муниципальный район,2024-01
v2,1.0,Богородицкий муниципальный район,2024-10
v2,1.0,Богородский муниципальный округ,2023-10
v2,1.0,Богородский муниципальный округ,2024-01
v2,1.0,Богородский муниципальный округ,2024-10
v2,1.0,Боградский муниципальный район,2023-10
v2,1.0,Боградский муниципальный район,2024-01
v2,1.0,Боградский муниципальный район,2024-10
v2,1.0,Бокситогорский муниципальный район,2024-10
v2,1.0,Болотнинский муниципальный район,2023-10
v2,1.0,Болотнинский муниципальный район,2024-01
v2,1.0,Болотнинский муниципальный район,2024-10
v2,1.0,Болховский муниципальный район,2023-10
v2,1.0,Болховский муниципальный район,2024-01
v2,1.0,Болховский муниципальный район,2024-10
v2,1.0,Большеболдинский муниципальный округ,2024-10
v2,1.0,Большеглушицкий муниципальный район,2024-10
v2,1.0,Большемурашкинский муниципальный округ,2023-10
v2,1.0,Большемурашкинский муниципальный округ,2024-01
v2,1.0,Большемурашкинский муниципальный округ,2024-10
v2,1.0,Большемуртинский муниципальный район,2023-07
v2,1.0,Большемуртинский муниципальный район,2023-10
v2,1.0,Большемуртинский муниципальный район,2024-01
v2,1.0,Большемуртинский муниципальный район,2024-10
v2,1.0,Большесельский муниципальный район,2024-02
v2,1.0,Большесельский муниципальный район,2024-05
v2,1.0,Большесельский муниципальный район,2024-10
v2,1.0,Большеуковский муниципальный район,2023-06
v2,1.0,Большеуковский муниципальный район,2023-10
v2,1.0,Большеуковский муниципальный район,2024-01
v2,1.0,Большеуковский муниципальный район,2024-10
v2,1.0,Большеулуйский муниципальный район,2024-06
v2,1.0,Большеулуйский муниципальный район,2024-10
v2,1.0,Большечерниговский муниципальный район,2024-10
v2,1.0,Бондарский муниципальный округ,2024-10
v2,1.0,Борзинский муниципальный район,2024-10
v2,1.0,Борисоглебский муниципальный район,2024-02
v2,1.0,Боровичский муниципальный район,2023-10
v2,1.0,Боровичский муниципальный район,2024-01
v2,1.0,Боровичский муниципальный район,2024-10
v2,1.0,Боровский муниципальный район,2023-10
v2,1.0,Боровский муниципальный район,2024-01
v2,1.0,Боровский муниципальный район,2024-10
v2,1.0,Борский муниципальный район,2023-10
v2,1.0,Борский муниципальный район,2024-01
v2,1.0,Борский муниципальный район,2024-10
v2,1.0,Боханский муниципальный район,2024-10
v2,1.0,Братский муниципальный район,2023-10
v2,1.0,Братский муниципальный район,2024-01
v2,1.0,Братский муниципальный район,2024-10
v2,1.0,Брединский муниципальный район,2023-10
v2,1.0,Брединский муниципальный район,2024-01
v2,1.0,Брединский муниципальный район,2024-10
v2,1.0,Брейтовский муниципальный район,2023-10
v2,1.0,Брейтовский муниципальный район,2024-01
v2,1.0,Брейтовский муниципальный район,2024-10
v2,1.0,Бугульминский муниципальный район,2023-10
v2,1.0,Бугульминский муниципальный район,2024-01
v2,1.0,Бугульминский муниципальный район,2024-10
v2,1.0,Бугурусланский муниципальный район,2023-10
v2,1.0,Бугурусланский муниципальный район,2024-01
v2,1.0,Бугурусланский муниципальный район,2024-10
v2,1.0,Будённовский муниципальный округ,2023-10
v2,1.0,Будённовский муниципальный округ,2024-01
v2,1.0,Будённовский муниципальный округ,2024-10
v2,1.0,Буздякский муниципальный район,2023-10
v2,1.0,Буздякский муниципальный район,2024-01
v2,1.0,Буздякский муниципальный район,2024-10
v2,1.0,Буинский муниципальный район,2023-10
v2,1.0,Буинский муниципальный район,2024-01
v2,1.0,Буинский муниципальный район,2024-10
v2,1.0,Булунский муниципальный район,2023-08
v2,1.0,Булунский муниципальный район,2024-02
v2,1.0,Булунский муниципальный район,2024-08
v2,1.0,Бураевский муниципальный район,2023-10
v2,1.0,Бураевский муниципальный район,2024-01
v2,1.0,Бураевский муниципальный район,2024-10
v2,1.0,Бурейский муниципальный округ,2024-10
v2,1.0,Бурзянский муниципальный район,2023-10
v2,1.0,Бурзянский муниципальный район,2024-01
v2,1.0,Бурзянский муниципальный район,2024-10
v2,1.0,Бурлинский муниципальный район,2023-07
v2,1.0,Бурлинский муниципальный район,2023-10
v2,1.0,Бурлинский муниципальный район,2024-01
v2,1.0,Бурлинский муниципальный район,2024-10
v2,1.0,Бутурлинский муниципальный округ,2024-10
v2,1.0,Быковский муниципальный район,2023-10
v2,1.0,Быковский муниципальный район,2024-01
v2,1.0,Быковский муниципальный район,2024-10
v2,1.0,Быстроистокский муниципальный район,2024-02
v2,1.0,Быстроистокский муниципальный район,2024-05
v2,1.0,Быстроистокский муниципальный район,2024-10
v2,1.0,Вагайский муниципальный район,2024-10
v2,1.0,Вадский муниципальный округ,2023-10
v2,1.0,Вадский муниципальный округ,2024-01
v2,1.0,Вадский муниципальный округ,2024-10
v2,1.0,Валдайский муниципальный район,2024-10
v2,1.0,Ванинский муниципальный район,2024-10
v2,1.0,Варгашинский муниципальный округ,2024-02
v2,1.0,Варнавинский муниципальный округ,2023-10
v2,1.0,Варнавинский муниципальный округ,2024-01
v2,1.0,Варнавинский муниципальный округ,2024-10
v2,1.0,Варненский муниципальный район,2023-10
v2,1.0,Варненский муниципальный район,2024-01
v2,1.0,Варненский муниципальный район,2024-10
v2,1.0,Вачский муниципальный округ,2024-10
v2,1.0,Великоустюгский муниципальный округ,2023-10
v2,1.0,Великоустюгский муниципальный округ,2024-01
v2,1.0,Великоустюгский муниципальный округ,2024-10
v2,1.0,Вельский муниципальный район,2024-10
v2,1.0,Венгеровский муниципальный район,2024-01
v2,1.0,Венгеровский муниципальный район,2024-10
v2,1.0,Веневский муниципальный район,2024-10
v2,1.0,Верхневилюйский муниципальный район,2024-10
v2,1.0,Верхнекетский муниципальный район,2024-10
v2,1.0,Верхнеколымский муниципальный район,2023-09
v2,1.0,Верхнеколымский муниципальный район,2024-02
v2,1.0,Верхнеколымский муниципальный район,2024-08
v2,1.0,Верхнеуральский муниципальный район,2023-10
v2,1.0,Верхнеуральский муниципальный район,2024-01
v2,1.0,Верхнеуральский муниципальный район,2024-10
v2,1.0,Верхнеуслонский муниципальный район,2024-02
v2,1.0,Верхнеуслонский муниципальный район,2024-05
v2,1.0,Верхнеуслонский муниципальный район,2024-10
v2,1.0,Верховажский муниципальный округ,2024-02
v2,1.0,Верховажский муниципальный округ,2024-05
v2,1.0,Верховажский муниципальный округ,2024-10
v2,1.0,Верховский муниципальный район,2024-02
v2,1.0,Верховский муниципальный район,2024-05
v2,1.0,Верховский муниципальный район,2024-10
v2,1.0,Верхошижемский муниципальный район,2024-10
v2,1.0,Верхоянский муниципальный район,2023-08
v2,1.0,Верхоянский муниципальный район,2024-02
v2,1.0,Верхоянский муниципальный район,2024-08
v2,1.0,Ветлужский муниципальный округ,2023-10
v2,1.0,Ветлужский муниципальный округ,2024-01
v2,1.0,Ветлужский муниципальный округ,2024-10
v2,1.0,Вешкаймский муниципальный район,2024-10
v2,1.0,Викуловский муниципальный район,2023-10
v2,1.0,Викуловский муниципальный район,2024-01
v2,1.0,Викуловский муниципальный район,2024-10
v2,1.0,Вилюйский муниципальный район,2024-10
v2,1.0,Вожегодский муниципальный округ,2023-10
v2,1.0,Вожегодский муниципальный округ,2024-01
v2,1.0,Вожегодский муниципальный округ,2024-10
v2,1.0,Вознесенский муниципальный округ,2023-10
v2,1.0,Вознесенский муниципальный округ,2024-01
v2,1.0,Вознесенский муниципальный округ,2024-10
v2,1.0,Волжский муниципальный район #1,2023-10
v2,1.0,Волжский муниципальный район #1,2024-01
v2,1.0,Волжский муниципальный район #1,2024-10
v2,1.0,Волжский муниципальный район #2,2024-01
v2,1.0,Волжский муниципальный район #2,2024-10
v2,1.0,Воловский муниципальный район #1,2024-01
v2,1.0,Воловский муниципальный район #1,2024-10
v2,1.0,Воловский муниципальный район #2,2023-10
v2,1.0,Воловский муниципальный район #2,2024-01
v2,1.0,Воловский муниципальный район #2,2024-10
v2,1.0,Вологодский муниципальный округ,2023-10
v2,1.0,Вологодский муниципальный округ,2024-01
v2,1.0,Вологодский муниципальный округ,2024-10
v2,1.0,Володарский муниципальный округ,2023-10
v2,1.0,Володарский муниципальный округ,2024-01
v2,1.0,Володарский муниципальный округ,2024-10
v2,1.0,Волосовский муниципальный район,2024-02
v2,1.0,Волосовский муниципальный район,2024-06
v2,1.0,Волосовский муниципальный район,2024-10
v2,1.0,Волховский муниципальный район,2023-10
v2,1.0,Волховский муниципальный район,2024-01
v2,1.0,Волховский муниципальный район,2024-10
v2,1.0,Вольский муниципальный район,2023-10
v2,1.0,Вольский муниципальный район,2024-01
v2,1.0,Вольский муниципальный район,2024-10
v2,1.0,Воскресенский муниципальный округ,2024-02
v2,1.0,Воскресенский муниципальный округ,2024-06
v2,1.0,Воскресенский муниципальный округ,2024-10
v2,1.0,Воскресенский муниципальный район,2023-10
v2,1.0,Воскресенский муниципальный район,2024-01
v2,1.0,Воскресенский муниципальный район,2024-10
v2,1.0,Вохомский муниципальный район,2023-10
v2,1.0,Вохомский муниципальный район,2024-01
v2,1.0,Вохомский муниципальный район,2024-10
v2,1.0,Всеволожский муниципальный район,2024-01
v2,1.0,Всеволожский муниципальный район,2024-10
v2,1.0,Вурнарский муниципальный округ,2024-02
v2,1.0,Вурнарский муниципальный округ,2024-05
v2,1.0,Вурнарский муниципальный округ,2024-10
v2,1.0,Выборгский муниципальный район,2024-01
v2,1.0,Выборгский муниципальный район,2024-10
v2,1.0,Высокогорский муниципальный район,2023-10
v2,1.0,Высокогорский муниципальный район,2024-01
v2,1.0,Высокогорский муниципальный район,2024-10
v2,1.0,Вытегорский муниципальный район,2024-10
v2,1.0,Вяземский муниципальный район #1,2024-02
v2,1.0,Вяземский муниципальный район #1,2024-05
v2,1.0,Вяземский муниципальный район #1,2024-10
v2,1.0,Вяземский муниципальный район #2,2023-10
v2,1.0,Вяземский муниципальный район #2,2024-01
v2,1.0,Вяземский муниципальный район #2,2024-10
v2,1.0,Вязниковский муниципальный район,2024-01
v2,1.0,Вязниковский муниципальный район,2024-10
v2,1.0,Вятскополянский муниципальный район,2023-10
v2,1.0,Вятскополянский муниципальный район,2024-01
v2,1.0,Вятскополянский муниципальный район,2024-10
v2,1.0,Гаврилов-Ямский муниципальный район,2023-10
v2,1.0,Гаврилов-Ямский муниципальный район,2024-01
v2,1.0,Гаврилов-Ямский муниципальный район,2024-10
v2,1.0,Гаврилово-Посадский муниципальный район,2023-10
v2,1.0,Гаврилово-Посадский муниципальный район,2024-01
v2,1.0,Гаврилово-Посадский муниципальный район,2024-10
v2,1.0,Гавриловский муниципальный округ,2023-10
v2,1.0,Гавриловский муниципальный округ,2024-01
v2,1.0,Гавриловский муниципальный округ,2024-10
v2,1.0,Гагаринский муниципальный район,2023-10
v2,1.0,Гагаринский муниципальный район,2024-01
v2,1.0,Гагаринский муниципальный район,2024-10
v2,1.0,Гагинский муниципальный округ,2024-10
v2,1.0,Газимуро-Заводский муниципальный округ,2023-08
v2,1.0,Газимуро-Заводский муниципальный округ,2024-02
v2,1.0,Галичский муниципальный район,2023-09
v2,1.0,Галичский муниципальный район,2024-01
v2,1.0,Галичский муниципальный район,2024-10
v2,1.0,Гатчинский муниципальный район,2023-10
v2,1.0,Гатчинский муниципальный район,2024-01
v2,1.0,Гатчинский муниципальный район,2024-10
v2,1.0,Гдовский муниципальный район,2024-10
v2,1.0,Георгиевский муниципальный округ,2023-10
v2,1.0,Георгиевский муниципальный округ,2024-01
v2,1.0,Георгиевский муниципальный округ,2024-10
v2,1.0,Гиагинский муниципальный район,2023-10
v2,1.0,Гиагинский муниципальный район,2024-01
v2,1.0,Гиагинский муниципальный район,2024-10
v2,1.0,Глазуновский муниципальный район,2023-10
v2,1.0,Глазуновский муниципальный район,2024-01
v2,1.0,Глазуновский муниципальный район,2024-10
v2,1.0,Глинковский муниципальный район,2023-10
v2,1.0,Глинковский муниципальный район,2024-01
v2,1.0,Глинковский муниципальный район,2024-10
v2,1.0,Горномарийский муниципальный район,2023-10
v2,1.0,Горномарийский муниципальный район,2024-01
v2,1.0,Горномарийский муниципальный район,2024-10
v2,1.0,Горный муниципальный район,2024-10
v2,1.0,Городецкий муниципальный округ,2024-01
v2,1.0,Городецкий муниципальный округ,2024-10
v2,1.0,Городищенский муниципальный район #1,2023-10
v2,1.0,Городищенский муниципальный район #1,2024-01
v2,1.0,Городищенский муниципальный район #1,2024-10
v2,1.0,Городищенский муниципальный район #2,2023-10
v2,1.0,Городищенский муниципальный район #2,2024-01
v2,1.0,Городищенский муниципальный район #2,2024-10
v2,1.0,Гороховецкий муниципальный район,2023-10
v2,1.0,Гороховецкий муниципальный район,2024-01
v2,1.0,Гороховецкий муниципальный район,2024-10
v2,1.0,Грачёвский муниципальный округ,2023-10
v2,1.0,Грачёвский муниципальный округ,2024-01
v2,1.0,Грачёвский муниципальный округ,2024-10
v2,1.0,Грачёвский муниципальный район,2023-10
v2,1.0,Грачёвский муниципальный район,2024-01
v2,1.0,Грачёвский муниципальный район,2024-10
v2,1.0,Грязинский муниципальный район,2023-10
v2,1.0,Грязинский муниципальный район,2024-01
v2,1.0,Грязинский муниципальный район,2024-10
v2,1.0,Грязовецкий муниципальный округ,2023-10
v2,1.0,Грязовецкий муниципальный округ,2024-01
v2,1.0,Грязовецкий муниципальный округ,2024-10
v2,1.0,Гурьевский муниципальный округ,2023-08
v2,1.0,Гурьевский муниципальный округ,2024-02
v2,1.0,Давлекановский муниципальный район,2023-10
v2,1.0,Давлекановский муниципальный район,2024-01
v2,1.0,Давлекановский муниципальный район,2024-10
v2,1.0,Далматовский муниципальный округ,2023-10
v2,1.0,Далматовский муниципальный округ,2024-01
v2,1.0,Далматовский муниципальный округ,2024-10
v2,1.0,Дальнеконстантиновский муниципальный округ,2024-10
v2,1.0,Дальнереченский муниципальный район,2023-06
v2,1.0,Дальнереченский муниципальный район,2024-01
v2,1.0,Дальнереченский муниципальный район,2024-10
v2,1.0,Даниловский муниципальный район #1,2023-10
v2,1.0,Даниловский муниципальный район #1,2024-01
v2,1.0,Даниловский муниципальный район #1,2024-10
v2,1.0,Даниловский муниципальный район #2,2024-02
v2,1.0,Даниловский муниципальный район #2,2024-05
v2,1.0,Даниловский муниципальный район #2,2024-10
v2,1.0,Данковский муниципальный район,2023-10
v2,1.0,Данковский муниципальный район,2024-01
v2,1.0,Данковский муниципальный район,2024-10
v2,1.0,Даровской муниципальный район,2024-02
v2,1.0,Даровской муниципальный район,2024-05
v2,1.0,Даровской муниципальный район,2024-10
v2,1.0,Дедовичский муниципальный район,2024-02
v2,1.0,Дедовичский муниципальный район,2024-05
v2,1.0,Дедовичский муниципальный район,2024-10
v2,1.0,Демидовский муниципальный район,2023-10
v2,1.0,Демидовский муниципальный район,2024-01
v2,1.0,Демидовский муниципальный район,2024-10
v2,1.0,Дергачевский муниципальный район,2023-10
v2,1.0,Дергачевский муниципальный район,2024-01
v2,1.0,Дергачевский муниципальный район,2024-10
v2,1.0,Дзержинский муниципальный район #1,2023-10
v2,1.0,Дзержинский муниципальный район #1,2024-01
v2,1.0,Дзержинский муниципальный район #1,2024-10
v2,1.0,Дзержинский муниципальный район #2,2023-10
v2,1.0,Дзержинский муниципальный район #2,2024-01
v2,1.0,Дзержинский муниципальный район #2,2024-10
v2,1.0,Дивеевский муниципальный округ,2024-10
v2,1.0,Дигорский муниципальный район,2024-01
v2,1.0,Дигорский муниципальный район,2024-10
v2,1.0,Добринский муниципальный район,2023-10
v2,1.0,Добринский муниципальный район,2024-01
v2,1.0,Добринский муниципальный район,2024-10
v2,1.0,Добровский муниципальный район,2023-10
v2,1.0,Добровский муниципальный район,2024-01
v2,1.0,Добровский муниципальный район,2024-10
v2,1.0,Доволенский муниципальный район,2024-10
v2,1.0,Долгоруковский муниципальный район,2023-10
v2,1.0,Долгоруковский муниципальный район,2024-01
v2,1.0,Долгоруковский муниципальный район,2024-10
v2,1.0,Должанский муниципальный район,2024-04
v2,1.0,Должанский муниципальный район,2024-10
v2,1.0,Домбаровский муниципальный район,2023-10
v2,1.0,Домбаровский муниципальный район,2024-01
v2,1.0,Домбаровский муниципальный район,2024-10
v2,1.0,Дорогобужский муниципальный район,2023-10
v2,1.0,Дорогобужский муниципальный район,2024-01
v2,1.0,Дорогобужский муниципальный район,2024-10
v2,1.0,Дрожжановский муниципальный район,2023-10
v2,1.0,Дрожжановский муниципальный район,2024-01
v2,1.0,Дрожжановский муниципальный район,2024-10
v2,1.0,Дубенский муниципальный район #2,2023-11
v2,1.0,Дубенский муниципальный район #2,2024-02
v2,1.0,Дубенский муниципальный район #2,2024-05
v2,1.0,Дубенский муниципальный район #2,2024-10
v2,1.0,Дубовский муниципальный район,2024-10
v2,1.0,Дуванский муниципальный район,2023-10
v2,1.0,Дуванский муниципальный район,2024-01
v2,1.0,Дуванский муниципальный район,2024-10
v2,1.0,Думиничский муниципальный район,2024-10
v2,1.0,Духовницкий муниципальный район,2023-10
v2,1.0,Духовницкий муниципальный район,2024-01
v2,1.0,Духовницкий муниципальный район,2024-10
v2,1.0,Духовщинский муниципальный район,2023-10
v2,1.0,Духовщинский муниципальный район,2024-01
v2,1.0,Духовщинский муниципальный район,2024-10
v2,1.0,Дюртюлинский муниципальный район,2023-10
v2,1.0,Дюртюлинский муниципальный район,2024-01
v2,1.0,Дюртюлинский муниципальный район,2024-10
v2,1.0,Егорьевский муниципальный район,2024-10
v2,1.0,Екатериновский муниципальный район,2023-10
v2,1.0,Екатериновский муниципальный район,2024-01
v2,1.0,Екатериновский муниципальный район,2024-10
v2,1.0,Елабужский муниципальный район,2023-10
v2,1.0,Елабужский муниципальный район,2024-01
v2,1.0,Елабужский муниципальный район,2024-10
v2,1.0,Еланский муниципальный район,2023-10
v2,1.0,Еланский муниципальный район,2024-01
v2,1.0,Еланский муниципальный район,2024-10
v2,1.0,Елизовский муниципальный район,2024-01
v2,1.0,Елизовский муниципальный район,2024-10
v2,1.0,Елховский муниципальный район,2023-10
v2,1.0,Елховский муниципальный район,2024-01
v2,1.0,Елховский муниципальный район,2024-10
v2,1.0,Ельниковский муниципальный район,2023-10
v2,1.0,Ельниковский муниципальный район,2024-01
v2,1.0,Ельниковский муниципальный район,2024-10
v2,1.0,Ельнинский муниципальный район,2024-10
v2,1.0,Емельяновский муниципальный район,2023-10
v2,1.0,Емельяновский муниципальный район,2024-01
v2,1.0,Емельяновский муниципальный район,2024-10
v2,1.0,Енисейский муниципальный район,2024-04
v2,1.0,Енисейский муниципальный район,2024-10
v2,1.0,Ермаковский муниципальный район,2024-10
v2,1.0,Ермекеевский муниципальный район,2023-10
v2,1.0,Ермекеевский муниципальный район,2024-01
v2,1.0,Ермекеевский муниципальный район,2024-10
v2,1.0,Ермишинский муниципальный район,2024-02
v2,1.0,Ермишинский муниципальный район,2024-05
v2,1.0,Ермишинский муниципальный район,2024-10
v2,1.0,Ершичский муниципальный район,2024-10
v2,1.0,Ершовский муниципальный район,2023-10
v2,1.0,Ершовский муниципальный район,2024-01
v2,1.0,Ершовский муниципальный район,2024-10
v2,1.0,Еткульский муниципальный район,2023-10
v2,1.0,Еткульский муниципальный район,2024-01
v2,1.0,Еткульский муниципальный район,2024-10
v2,1.0,Жердевский муниципальный округ,2023-10
v2,1.0,Жердевский муниципальный округ,2024-01
v2,1.0,Жердевский муниципальный округ,2024-10
v2,1.0,Жиздринский муниципальный район,2023-10
v2,1.0,Жиздринский муниципальный район,2024-01
v2,1.0,Жиздринский муниципальный район,2024-10
v2,1.0,Жирновский муниципальный район,2024-02
v2,1.0,Жирновский муниципальный район,2024-05
v2,1.0,Жирновский муниципальный район,2024-10
v2,1.0,Жуковский муниципальный район,2023-10
v2,1.0,Жуковский муниципальный район,2024-01
v2,1.0,Жуковский муниципальный район,2024-10
v2,1.0,Забайкальский муниципальный район,2024-10
v2,1.0,Заволжский муниципальный район,2023-10
v2,1.0,Заволжский муниципальный район,2024-01
v2,1.0,Заволжский муниципальный район,2024-10
v2,1.0,Завьяловский муниципальный район,2024-10
v2,1.0,Задонский муниципальный район,2023-10
v2,1.0,Задонский муниципальный район,2024-01
v2,1.0,Задонский муниципальный район,2024-10
v2,1.0,Заларинский муниципальный район,2024-10
v2,1.0,Залегощенский муниципальный район,2023-10
v2,1.0,Залегощенский муниципальный район,2024-01
v2,1.0,Залегощенский муниципальный район,2024-10
v2,1.0,Залесовский муниципальный округ,2024-01
v2,1.0,Залесовский муниципальный округ,2024-10
v2,1.0,Заокский муниципальный район,2024-01
v2,1.0,Заокский муниципальный район,2024-10
v2,1.0,Захаровский муниципальный район,2023-10
v2,1.0,Захаровский муниципальный район,2024-01
v2,1.0,Захаровский муниципальный район,2024-10
v2,1.0,Звениговский муниципальный район,2023-10
v2,1.0,Звениговский муниципальный район,2024-01
v2,1.0,Звениговский муниципальный район,2024-10
v2,1.0,Здвинский муниципальный район,2024-01
v2,1.0,Здвинский муниципальный район,2024-10
v2,1.0,Зейский муниципальный округ,2023-10
v2,1.0,Зейский муниципальный округ,2024-01
v2,1.0,Зейский муниципальный округ,2024-10
v2,1.0,Зеленодольский муниципальный район,2023-10
v2,1.0,Зеленодольский муниципальный район,2024-01
v2,1.0,Зеленодольский муниципальный район,2024-10
v2,1.0,Зеленчукский муниципальный район,2023-10
v2,1.0,Зеленчукский муниципальный район,2024-01
v2,1.0,Зеленчукский муниципальный район,2024-10
v2,1.0,Земетчинский муниципальный район,2023-10
v2,1.0,Земетчинский муниципальный район,2024-01
v2,1.0,Земетчинский муниципальный район,2024-10
v2,1.0,Зианчуринский муниципальный район,2024-02
v2,1.0,Зианчуринский муниципальный район,2024-06
v2,1.0,Зианчуринский муниципальный район,2024-10
v2,1.0,Зилаирский муниципальный район,2023-10
v2,1.0,Зилаирский муниципальный район,2024-01
v2,1.0,Зилаирский муниципальный район,2024-10
v2,1.0,Знаменский муниципальный округ,2023-10
v2,1.0,Знаменский муниципальный округ,2024-01
v2,1.0,Знаменский муниципальный округ,2024-10
v2,1.0,Знаменский муниципальный район #2,2023-10
v2,1.0,Знаменский муниципальный район #2,2024-01
v2,1.0,Знаменский муниципальный район #2,2024-10
v2,1.0,Зональный муниципальный район,2023-10
v2,1.0,Зональный муниципальный район,2024-01
v2,1.0,Зубово-Полянский муниципальный район,2023-10
v2,1.0,Зубово-Полянский муниципальный район,2024-01
v2,1.0,Зубово-Полянский муниципальный район,2024-10
v2,1.0,Зуевский муниципальный район,2023-10
v2,1.0,Зуевский муниципальный район,2024-01
v2,1.0,Зуевский муниципальный район,2024-10
v2,1.0,Зырянский муниципальный район,2024-02
v2,1.0,Зырянский муниципальный район,2024-05
v2,1.0,Зырянский муниципальный район,2024-10
v2,1.0,Ибресинский муниципальный округ,2023-10
v2,1.0,Ибресинский муниципальный округ,2024-01
v2,1.0,Ибресинский муниципальный округ,2024-10
v2,1.0,Ивановский муниципальный округ,2024-01
v2,1.0,Ивановский муниципальный округ,2024-10
v2,1.0,Ивановский муниципальный район,2024-01
v2,1.0,Ивановский муниципальный район,2024-10
v2,1.0,Ивантеевский муниципальный район,2024-10
v2,1.0,Иглинский муниципальный район,2023-10
v2,1.0,Иглинский муниципальный район,2024-01
v2,1.0,Иглинский муниципальный район,2024-10
v2,1.0,Идринский муниципальный район,2023-10
v2,1.0,Идринский муниципальный район,2024-01
v2,1.0,Идринский муниципальный район,2024-10
v2,1.0,Ижемский муниципальный район,2024-10
v2,1.0,Ижморский муниципальный округ,2024-10
v2,1.0,Измалковский муниципальный район,2023-10
v2,1.0,Измалковский муниципальный район,2024-01
v2,1.0,Измалковский муниципальный район,2024-10
v2,1.0,Износковский муниципальный район,2023-09
v2,1.0,Износковский муниципальный район,2024-01
v2,1.0,Износковский муниципальный район,2024-10
v2,1.0,Изобильненский муниципальный округ,2023-10
v2,1.0,Изобильненский муниципальный округ,2024-01
v2,1.0,Изобильненский муниципальный округ,2024-10
v2,1.0,Икрянинский муниципальный район,2024-02
v2,1.0,Икрянинский муниципальный район,2024-05
v2,1.0,Иланский муниципальный район,2024-10
v2,1.0,Илекский муниципальный район,2023-10
v2,1.0,Илекский муниципальный район,2024-01
v2,1.0,Илекский муниципальный район,2024-10
v2,1.0,Илишевский муниципальный район,2023-10
v2,1.0,Илишевский муниципальный район,2024-01
v2,1.0,Илишевский муниципальный район,2024-10
v2,1.0,Иловлинский муниципальный район,2024-02
v2,1.0,Иловлинский муниципальный район,2024-05
v2,1.0,Иловлинский муниципальный район,2024-10
v2,1.0,Ильинский муниципальный район,2024-02
v2,1.0,Ильинский муниципальный район,2024-05
v2,1.0,Ильинский муниципальный район,2024-10
v2,1.0,Инжавинский муниципальный округ,2023-10
v2,1.0,Инжавинский муниципальный округ,2024-01
v2,1.0,Инжавинский муниципальный округ,2024-10
v2,1.0,Инзенский муниципальный район,2023-10
v2,1.0,Инзенский муниципальный район,2024-01
v2,1.0,Инзенский муниципальный район,2024-10
v2,1.0,Инсарский муниципальный район,2023-10
v2,1.0,Инсарский муниципальный район,2024-01
v2,1.0,Инсарский муниципальный район,2024-10
v2,1.0,Ипатовский муниципальный округ,2024-10
v2,1.0,Ирафский муниципальный район,2023-11
v2,1.0,Ирафский муниципальный район,2024-02
v2,1.0,Ирафский муниципальный район,2024-05
v2,1.0,Ирафский муниципальный район,2024-10
v2,1.0,Ирбейский муниципальный район,2023-10
v2,1.0,Ирбейский муниципальный район,2024-01
v2,1.0,Ирбейский муниципальный район,2024-10
v2,1.0,Иркутский муниципальный район,2024-01
v2,1.0,Иркутский муниципальный район,2024-10
v2,1.0,Исаклинский муниципальный район,2023-09
v2,1.0,Исаклинский муниципальный район,2024-02
v2,1.0,Исаклинский муниципальный район,2024-07
v2,1.0,Исаклинский муниципальный район,2024-10
v2,1.0,Исетский муниципальный район,2023-10
v2,1.0,Исетский муниципальный район,2024-01
v2,1.0,Исетский муниципальный район,2024-10
v2,1.0,Исилькульский муниципальный район,2023-10
v2,1.0,Исилькульский муниципальный район,2024-01
v2,1.0,Исилькульский муниципальный район,2024-10
v2,1.0,Иссинский муниципальный район,2023-10
v2,1.0,Иссинский муниципальный район,2024-01
v2,1.0,Иссинский муниципальный район,2024-10
v2,1.0,Ичалковский муниципальный район,2024-02
v2,1.0,Ичалковский муниципальный район,2024-05
v2,1.0,Ичалковский муниципальный район,2024-10
v2,1.0,Ишимбайский муниципальный район,2023-10
v2,1.0,Ишимбайский муниципальный район,2024-01
v2,1.0,Ишимбайский муниципальный район,2024-10
v2,1.0,Ишимский муниципальный район,2023-10
v2,1.0,Ишимский муниципальный район,2024-01
v2,1.0,Ишимский муниципальный район,2024-10
v2,1.0,Кавалеровский муниципальный округ,2023-10
v2,1.0,Кавалеровский муниципальный округ,2024-01
v2,1.0,Кавалеровский муниципальный округ,2024-10
v2,1.0,Кадомский муниципальный район,2024-02
v2,1.0,Кадомский муниципальный район,2024-05
v2,1.0,Кадомский муниципальный район,2024-10
v2,1.0,Кадошкинский муниципальный район,2024-02
v2,1.0,Кадошкинский муниципальный район,2024-05
v2,1.0,Кадошкинский муниципальный район,2024-10
v2,1.0,Кадуйский муниципальный округ,2023-10
v2,1.0,Кадуйский муниципальный округ,2024-01
v2,1.0,Кадуйский муниципальный округ,2024-10
v2,1.0,Кадыйский муниципальный район,2024-02
v2,1.0,Кадыйский муниципальный район,2024-05
v2,1.0,Кадыйский муниципальный район,2024-10
v2,1.0,Казанский муниципальный район,2024-10
v2,1.0,Кайбицкий муниципальный район,2023-10
v2,1.0,Кайбицкий муниципальный район,2024-01
v2,1.0,Кайбицкий муниципальный район,2024-05
v2,1.0,Каларский муниципальный округ,2023-08
v2,1.0,Каларский муниципальный округ,2024-02
v2,1.0,Каларский муниципальный округ,2024-07
v2,1.0,Каларский муниципальный округ,2024-10
v2,1.0,Калачевский муниципальный район,2023-10
v2,1.0,Калачевский муниципальный район,2024-01
v2,1.0,Калачевский муниципальный район,2024-10
v2,1.0,Калачинский муниципальный район,2023-10
v2,1.0,Калачинский муниципальный район,2024-01
v2,1.0,Калачинский муниципальный район,2024-10
v2,1.0,Калганский муниципальный округ,2023-10
v2,1.0,Калганский муниципальный округ,2024-01
v2,1.0,Калганский муниципальный округ,2024-10
v2,1.0,Калевальский муниципальный район,2023-09
v2,1.0,Калевальский муниципальный район,2024-02
v2,1.0,Калевальский муниципальный район,2024-06
v2,1.0,Калевальский муниципальный район,2024-10
v2,1.0,Калининский муниципальный район,2023-10
v2,1.0,Калининский муниципальный район,2024-01
v2,1.0,Калининский муниципальный район,2024-10
v2,1.0,Калманский муниципальный район,2024-10
v2,1.0,Калтасинский муниципальный район,2023-10
v2,1.0,Калтасинский муниципальный район,2024-01
v2,1.0,Калтасинский муниципальный район,2024-10
v2,1.0,Каменский муниципальный район #2,2023-10
v2,1.0,Каменский муниципальный район #2,2024-01
v2,1.0,Каменский муниципальный район #2,2024-10
v2,1.0,Каменский муниципальный район #3,2023-10
v2,1.0,Каменский муниципальный район #3,2024-01
v2,1.0,Каменский муниципальный район #3,2024-10
v2,1.0,Камешкирский муниципальный район,2023-10
v2,1.0,Камешкирский муниципальный район,2024-01
v2,1.0,Камешкирский муниципальный район,2024-10
v2,1.0,Камешковский муниципальный район,2023-10
v2,1.0,Камешковский муниципальный район,2024-01
v2,1.0,Камешковский муниципальный район,2024-10
v2,1.0,Камско-Устьинский муниципальный район,2023-07
v2,1.0,Камско-Устьинский муниципальный район,2023-10
v2,1.0,Камско-Устьинский муниципальный район,2024-01
v2,1.0,Камско-Устьинский муниципальный район,2024-10
v2,1.0,Камызякский муниципальный район,2023-10
v2,1.0,Камызякский муниципальный район,2024-01
v2,1.0,Камызякский муниципальный район,2024-10
v2,1.0,Камышлинский муниципальный район,2024-02
v2,1.0,Камышлинский муниципальный район,2024-05
v2,1.0,Камышлинский муниципальный район,2024-10
v2,1.0,Камышловский муниципальный район,2023-10
v2,1.0,Камышловский муниципальный район,2024-01
v2,1.0,Камышловский муниципальный район,2024-10
v2,1.0,Кандалакшский муниципальный район,2023-10
v2,1.0,Кандалакшский муниципальный район,2024-01
v2,1.0,Кандалакшский муниципальный район,2024-10
v2,1.0,Карагинский муниципальный район,2023-09
v2,1.0,Карагинский муниципальный район,2024-02
v2,1.0,Карагинский муниципальный район,2024-09
v2,1.0,Караидельский муниципальный район,2023-06
v2,1.0,Караидельский муниципальный район,2023-10
v2,1.0,Караидельский муниципальный район,2024-01
v2,1.0,Караидельский муниципальный район,2024-10
v2,1.0,Карасукский муниципальный район,2024-01
v2,1.0,Карасукский муниципальный район,2024-10
v2,1.0,Каратузский муниципальный район,2024-01
v2,1.0,Каратузский муниципальный район,2024-10
v2,1.0,Каргапольский муниципальный округ,2024-02
v2,1.0,Каргапольский муниципальный округ,2024-05
v2,1.0,Каргапольский муниципальный округ,2024-10
v2,1.0,Кардымовский муниципальный район,2023-10
v2,1.0,Кардымовский муниципальный район,2024-01
v2,1.0,Кардымовский муниципальный район,2024-10
v2,1.0,Кармаскалинский муниципальный район,2023-10
v2,1.0,Кармаскалинский муниципальный район,2024-01
v2,1.0,Кармаскалинский муниципальный район,2024-10
v2,1.0,Карсунский муниципальный район,2023-10
v2,1.0,Карсунский муниципальный район,2024-01
v2,1.0,Карсунский муниципальный район,2024-10
v2,1.0,Карталинский муниципальный район,2023-10
v2,1.0,Карталинский муниципальный район,2024-01
v2,1.0,Карталинский муниципальный район,2024-10
v2,1.0,Карымский муниципальный район,2023-10
v2,1.0,Карымский муниципальный район,2024-01
v2,1.0,Карымский муниципальный район,2024-10
v2,1.0,Касимовский муниципальный район,2024-02
v2,1.0,Касимовский муниципальный район,2024-06
v2,1.0,Касимовский муниципальный район,2024-10
v2,1.0,Каслинский муниципальный район,2023-10
v2,1.0,Каслинский муниципальный район,2024-01
v2,1.0,Каслинский муниципальный район,2024-10
v2,1.0,Катав-Ивановский муниципальный район,2023-10
v2,1.0,Катав-Ивановский муниципальный район,2024-01
v2,1.0,Катав-Ивановский муниципальный район,2024-10
v2,1.0,Катайский муниципальный округ,2024-10
v2,1.0,Кваркенский муниципальный район,2023-10
v2,1.0,Кваркенский муниципальный район,2024-01
v2,1.0,Кваркенский муниципальный район,2024-10
v2,1.0,Кемеровский муниципальный округ,2023-10
v2,1.0,Кемеровский муниципальный округ,2024-01
v2,1.0,Кемеровский муниципальный округ,2024-10
v2,1.0,Кемский муниципальный район,2023-10
v2,1.0,Кемский муниципальный район,2024-01
v2,1.0,Кемский муниципальный район,2024-10
v2,1.0,Кетовский муниципальный округ,2023-05
v2,1.0,Кетовский муниципальный округ,2023-11
v2,1.0,Кетовский муниципальный округ,2024-04
v2,1.0,Кетовский муниципальный округ,2024-10
v2,1.0,Кигинский муниципальный район,2023-10
v2,1.0,Кигинский муниципальный район,2024-01
v2,1.0,Кигинский муниципальный район,2024-10
v2,1.0,Кизильский муниципальный район,2024-10
v2,1.0,Киквидзенский муниципальный район,2023-10
v2,1.0,Киквидзенский муниципальный район,2024-01
v2,1.0,Киквидзенский муниципальный район,2024-10
v2,1.0,Килемарский муниципальный район,2023-10
v2,1.0,Килемарский муниципальный район,2024-01
v2,1.0,Килемарский муниципальный район,2024-10
v2,1.0,Кильмезский муниципальный район,2023-09
v2,1.0,Кильмезский муниципальный район,2024-02
v2,1.0,Кимовский муниципальный район,2023-10
v2,1.0,Кимовский муниципальный район,2024-01
v2,1.0,Кимовский муниципальный район,2024-10
v2,1.0,Кингисеппский муниципальный район,2024-01
v2,1.0,Кингисеппский муниципальный район,2024-10
v2,1.0,Кинель-Черкасский муниципальный район,2024-10
v2,1.0,Кинельский муниципальный район,2023-10
v2,1.0,Кинельский муниципальный район,2024-01
v2,1.0,Кинельский муниципальный район,2024-10
v2,1.0,Кинешемский муниципальный район,2024-10
v2,1.0,Киреевский муниципальный район,2023-10
v2,1.0,Киреевский муниципальный район,2024-01
v2,1.0,Киреевский муниципальный район,2024-10
v2,1.0,Киржачский муниципальный район,2024-01
v2,1.0,Киржачский муниципальный район,2024-10
v2,1.0,Кирилловский муниципальный округ,2024-02
v2,1.0,Кирилловский муниципальный округ,2024-05
v2,1.0,Кирилловский муниципальный округ,2024-10
v2,1.0,Киришский муниципальный район,2024-01
v2,1.0,Киришский муниципальный район,2024-10
v2,1.0,Кирово-Чепецкий муниципальный район,2024-02
v2,1.0,Кирово-Чепецкий муниципальный район,2024-05
v2,1.0,Кирово-Чепецкий муниципальный район,2024-10
v2,1.0,Кировский муниципальный округ,2023-10
v2,1.0,Кировский муниципальный округ,2024-01
v2,1.0,Кировский муниципальный округ,2024-10
v2,1.0,Кировский муниципальный район #1,2023-10
v2,1.0,Кировский муниципальный район #1,2024-01
v2,1.0,Кировский муниципальный район #1,2024-10
v2,1.0,Кировский муниципальный район #2,2023-10
v2,1.0,Кировский муниципальный район #2,2024-01
v2,1.0,Кировский муниципальный район #2,2024-10
v2,1.0,Кировский муниципальный район #4,2024-01
v2,1.0,Кировский муниципальный район #4,2024-10
v2,1.0,Кичменгско-Городецкий муниципальный округ,2023-10
v2,1.0,Кичменгско-Городецкий муниципальный округ,2024-01
v2,1.0,Кичменгско-Городецкий муниципальный округ,2024-10
v2,1.0,Клепиковский муниципальный район,2024-10
v2,1.0,Клетский муниципальный район,2023-10
v2,1.0,Клетский муниципальный район,2024-01
v2,1.0,Клетский муниципальный район,2024-10
v2,1.0,Ключевский муниципальный район,2023-10
v2,1.0,Ключевский муниципальный район,2024-01
v2,1.0,Ключевский муниципальный район,2024-10
v2,1.0,Клявлинский муниципальный район,2024-02
v2,1.0,Клявлинский муниципальный район,2024-05
v2,1.0,Клявлинский муниципальный район,2024-10
v2,1.0,Княгининский муниципальный округ,2024-01
v2,1.0,Княгининский муниципальный округ,2024-10
v2,1.0,Княжпогостский муниципальный район,2023-10
v2,1.0,Княжпогостский муниципальный район,2024-01
v2,1.0,Княжпогостский муниципальный район,2024-10
v2,1.0,Кобяйский муниципальный район,2024-10
v2,1.0,Ковдорский муниципальный округ,2023-08
v2,1.0,Ковдорский муниципальный округ,2024-02
v2,1.0,Ковдорский муниципальный округ,2024-05
v2,1.0,Ковдорский муниципальный округ,2024-10
v2,1.0,Ковернинский муниципальный округ,2024-02
v2,1.0,Ковернинский муниципальный округ,2024-05
v2,1.0,Ковернинский муниципальный округ,2024-10
v2,1.0,Ковылкинский муниципальный район,2024-10
v2,1.0,Кожевниковский муниципальный район,2023-10
v2,1.0,Кожевниковский муниципальный район,2024-01
v2,1.0,Кожевниковский муниципальный район,2024-10
v2,1.0,Козельский муниципальный район,2023-10
v2,1.0,Козельский муниципальный район,2024-01
v2,1.0,Козельский муниципальный район,2024-10
v2,1.0,Козловский муниципальный округ,2023-10
v2,1.0,Козловский муниципальный округ,2024-01
v2,1.0,Козловский муниципальный округ,2024-10
v2,1.0,Койгородский муниципальный район,2024-02
v2,1.0,Койгородский муниципальный район,2024-05
v2,1.0,Кологривский муниципальный округ,2023-09
v2,1.0,Кологривский муниципальный округ,2024-02
v2,1.0,Кологривский муниципальный округ,2024-05
v2,1.0,Кологривский муниципальный округ,2024-10
v2,1.0,Колосовский муниципальный район,2023-10
v2,1.0,Колосовский муниципальный район,2024-01
v2,1.0,Колосовский муниципальный район,2024-10
v2,1.0,Колпашевский муниципальный район,2024-10
v2,1.0,Колпнянский муниципальный район,2023-10
v2,1.0,Колпнянский муниципальный район,2024-01
v2,1.0,Колпнянский муниципальный район,2024-10
v2,1.0,Колыванский муниципальный район,2023-10
v2,1.0,Колыванский муниципальный район,2024-01
v2,1.0,Колыванский муниципальный район,2024-10
v2,1.0,Колышлейский муниципальный район,2023-10
v2,1.0,Колышлейский муниципальный район,2024-01
v2,1.0,Колышлейский муниципальный район,2024-10
v2,1.0,Кольский муниципальный район,2023-09
v2,1.0,Кольский муниципальный район,2024-02
v2,1.0,Кольский муниципальный район,2024-07
v2,1.0,Кольский муниципальный район,2024-10
v2,1.0,Кольчугинский муниципальный район,2023-10
v2,1.0,Кольчугинский муниципальный район,2024-01
v2,1.0,Кольчугинский муниципальный район,2024-10
v2,1.0,Комсомольский муниципальный округ,2023-10
v2,1.0,Комсомольский муниципальный округ,2024-01
v2,1.0,Комсомольский муниципальный округ,2024-10
v2,1.0,Комсомольский муниципальный район #1,2023-10
v2,1.0,Комсомольский муниципальный район #1,2024-01
v2,1.0,Комсомольский муниципальный район #1,2024-10
v2,1.0,Кондинский муниципальный район,2024-10
v2,1.0,Кондопожский муниципальный район,2023-05
v2,1.0,Кондопожский муниципальный район,2024-02
v2,1.0,Кондопожский муниципальный район,2024-06
v2,1.0,Кондопожский муниципальный район,2024-10
v2,1.0,Коношский муниципальный район,2024-02
v2,1.0,Коношский муниципальный район,2024-06
v2,1.0,Коношский муниципальный район,2024-10
v2,1.0,Константиновский муниципальный район,2023-10
v2,1.0,Константиновский муниципальный район,2024-01
v2,1.0,Константиновский муниципальный район,2024-10
v2,1.0,Кораблинский муниципальный район,2024-02
v2,1.0,Кораблинский муниципальный район,2024-05
v2,1.0,Кораблинский муниципальный район,2024-10
v2,1.0,Коркинский муниципальный округ,2023-10
v2,1.0,Коркинский муниципальный округ,2024-01
v2,1.0,Коркинский муниципальный округ,2024-10
v2,1.0,Кормиловский муниципальный район,2023-10
v2,1.0,Кормиловский муниципальный район,2024-01
v2,1.0,Кормиловский муниципальный район,2024-10
v2,1.0,Корткеросский муниципальный район,2024-10
v2,1.0,Костромской муниципальный район,2023-10
v2,1.0,Костромской муниципальный район,2024-01
v2,1.0,Костромской муниципальный район,2024-10
v2,1.0,Котельниковский муниципальный район,2024-10
v2,1.0,Котельничский муниципальный район,2023-10
v2,1.0,Котельничский муниципальный район,2024-01
v2,1.0,Котельничский муниципальный район,2024-10
v2,1.0,Котласский муниципальный округ,2023-10
v2,1.0,Котласский муниципальный округ,2024-01
v2,1.0,Котласский муниципальный округ,2024-10
v2,1.0,Котовский муниципальный район,2024-10
v2,1.0,Коченевский муниципальный район,2023-10
v2,1.0,Коченевский муниципальный район,2024-01
v2,1.0,Коченевский муниципальный район,2024-10
v2,1.0,Кочковский муниципальный район,2023-10
v2,1.0,Кочковский муниципальный район,2024-01
v2,1.0,Кочковский муниципальный район,2024-10
v2,1.0,Кочубеевский муниципальный округ,2023-10
v2,1.0,Кочубеевский муниципальный округ,2024-01
v2,1.0,Кочубеевский муниципальный округ,2024-10
v2,1.0,Кош-Агачский муниципальный район,2023-09
v2,1.0,Кош-Агачский муниципальный район,2024-02
v2,1.0,Кош-Агачский муниципальный район,2024-07
v2,1.0,Кошехабльский муниципальный район,2023-10
v2,1.0,Кошехабльский муниципальный район,2024-01
v2,1.0,Кошехабльский муниципальный район,2024-10
v2,1.0,Кошкинский муниципальный район,2023-10
v2,1.0,Кошкинский муниципальный район,2024-01
v2,1.0,Кошкинский муниципальный район,2024-10
v2,1.0,Краснинский муниципальный район #1,2023-10
v2,1.0,Краснинский муниципальный район #1,2024-01
v2,1.0,Краснинский муниципальный район #1,2024-10
v2,1.0,Краснинский муниципальный район #2,2023-10
v2,1.0,Краснинский муниципальный район #2,2024-01
v2,1.0,Краснинский муниципальный район #2,2024-10
v2,1.0,Красноармейский муниципальный округ #1,2023-10
v2,1.0,Красноармейский муниципальный округ #1,2024-01
v2,1.0,Красноармейский муниципальный округ #2,2023-10
v2,1.0,Красноармейский муниципальный округ #2,2024-01
v2,1.0,Красноармейский муниципальный округ #2,2024-10
v2,1.0,Красноармейский муниципальный район #1,2023-10
v2,1.0,Красноармейский муниципальный район #1,2024-01
v2,1.0,Красноармейский муниципальный район #1,2024-10
v2,1.0,Красноармейский муниципальный район #3,2023-10
v2,1.0,Красноармейский муниципальный район #3,2024-01
v2,1.0,Красноармейский муниципальный район #3,2024-10
v2,1.0,Краснобаковский муниципальный округ,2024-10
v2,1.0,Красноборский муниципальный округ,2024-02
v2,1.0,Красноборский муниципальный округ,2024-06
v2,1.0,Красноборский муниципальный округ,2024-10
v2,1.0,Красногвардейский муниципальный округ,2024-10
v2,1.0,Красногвардейский муниципальный район #1,2024-02
v2,1.0,Красногвардейский муниципальный район #1,2024-06
v2,1.0,Красногвардейский муниципальный район #1,2024-10
v2,1.0,Красногвардейский муниципальный район #2,2023-10
v2,1.0,Красногвардейский муниципальный район #2,2024-01
v2,1.0,Красногвардейский муниципальный район #2,2024-10
v2,1.0,Красногорский муниципальный район,2023-09
v2,1.0,Красногорский муниципальный район,2024-02
v2,1.0,Красногорский муниципальный район,2024-05
v2,1.0,Красногорский муниципальный район,2024-10
v2,1.0,Краснозерский муниципальный район,2023-10
v2,1.0,Краснозерский муниципальный район,2024-01
v2,1.0,Краснозерский муниципальный район,2024-10
v2,1.0,Краснокутский муниципальный район,2023-10
v2,1.0,Краснокутский муниципальный район,2024-01
v2,1.0,Краснокутский муниципальный район,2024-10
v2,1.0,Краснооктябрьский муниципальный округ,2024-10
v2,1.0,Краснопартизанский муниципальный район,2023-10
v2,1.0,Краснопартизанский муниципальный район,2024-01
v2,1.0,Краснопартизанский муниципальный район,2024-10
v2,1.0,Красносельский муниципальный район,2023-10
v2,1.0,Красносельский муниципальный район,2024-01
v2,1.0,Красносельский муниципальный район,2024-10
v2,1.0,Краснотуранский муниципальный район,2023-10
v2,1.0,Краснотуранский муниципальный район,2024-01
v2,1.0,Краснотуранский муниципальный район,2024-10
v2,1.0,Красночикойский муниципальный район,2023-10
v2,1.0,Красночикойский муниципальный район,2024-01
v2,1.0,Красночикойский муниципальный район,2024-10
v2,1.0,Краснощёковский муниципальный район,2023-08
v2,1.0,Краснощёковский муниципальный район,2024-02
v2,1.0,Красноярский муниципальный район #1,2023-10
v2,1.0,Красноярский муниципальный район #1,2024-01
v2,1.0,Красноярский муниципальный район #1,2024-10
v2,1.0,Красноярский муниципальный район #2,2024-10
v2,1.0,Кривошеинский муниципальный район,2024-02
v2,1.0,Кривошеинский муниципальный район,2024-07
v2,1.0,Кривошеинский муниципальный район,2024-10
v2,1.0,Кромской муниципальный район,2024-01
v2,1.0,Кромской муниципальный район,2024-10
v2,1.0,Крутинский муниципальный район,2023-10
v2,1.0,Крутинский муниципальный район,2024-01
v2,1.0,Крутинский муниципальный район,2024-10
v2,1.0,Крутихинский муниципальный район,2024-10
v2,1.0,Кстовский муниципальный округ,2024-01
v2,1.0,Кстовский муниципальный округ,2024-10
v2,1.0,Кугарчинский муниципальный район,2023-10
v2,1.0,Кугарчинский муниципальный район,2024-01
v2,1.0,Кугарчинский муниципальный район,2024-10
v2,1.0,Куженерский муниципальный район,2024-02
v2,1.0,Куженерский муниципальный район,2024-07
v2,1.0,Куженерский муниципальный район,2024-10
v2,1.0,Кузоватовский муниципальный район,2024-02
v2,1.0,Кузоватовский муниципальный район,2024-05
v2,1.0,Кузоватовский муниципальный район,2024-10
v2,1.0,Куйбышевский муниципальный район #1,2023-10
v2,1.0,Куйбышевский муниципальный район #1,2024-01
v2,1.0,Куйбышевский муниципальный район #1,2024-10
v2,1.0,Куйтунский муниципальный район,2023-10
v2,1.0,Куйтунский муниципальный район,2024-01
v2,1.0,Куйтунский муниципальный район,2024-10
v2,1.0,Кукморский муниципальный район,2023-10
v2,1.0,Кукморский муниципальный район,2024-01
v2,1.0,Кукморский муниципальный район,2024-10
v2,1.0,Кулундинский муниципальный район,2023-08
v2,1.0,Кулундинский муниципальный район,2024-02
v2,1.0,Кулундинский муниципальный район,2024-07
v2,1.0,Кулундинский муниципальный район,2024-10
v2,1.0,Куменский муниципальный район,2024-02
v2,1.0,Куменский муниципальный район,2024-05
v2,1.0,Куменский муниципальный район,2024-10
v2,1.0,Кумылженский муниципальный район,2023-10
v2,1.0,Кумылженский муниципальный район,2024-01
v2,1.0,Кумылженский муниципальный район,2024-10
v2,1.0,Кунашакский муниципальный район,2023-10
v2,1.0,Кунашакский муниципальный район,2024-01
v2,1.0,Кунашакский муниципальный район,2024-10
v2,1.0,Купинский муниципальный район,2024-10
v2,1.0,Курагинский муниципальный район,2023-10
v2,1.0,Курагинский муниципальный район,2024-01
v2,1.0,Курагинский муниципальный район,2024-10
v2,1.0,Куркинский муниципальный район,2023-10
v2,1.0,Куркинский муниципальный район,2024-01
v2,1.0,Куркинский муниципальный район,2024-10
v2,1.0,Курманаевский муниципальный район,2023-10
v2,1.0,Курманаевский муниципальный район,2024-01
v2,1.0,Курманаевский муниципальный район,2024-10
v2,1.0,Курский муниципальный округ,2023-10
v2,1.0,Курский муниципальный округ,2024-01
v2,1.0,Курский муниципальный округ,2024-10
v2,1.0,Куртамышский муниципальный округ,2024-10
v2,1.0,Курьинский муниципальный район,2023-08
v2,1.0,Курьинский муниципальный район,2024-02
v2,1.0,Кусинский муниципальный район,2023-10
v2,1.0,Кусинский муниципальный район,2024-01
v2,1.0,Кусинский муниципальный район,2024-10
v2,1.0,Кушнаренковский муниципальный район,2023-10
v2,1.0,Кушнаренковский муниципальный район,2024-01
v2,1.0,Кушнаренковский муниципальный район,2024-10
v2,1.0,Кыринский муниципальный район,2023-10
v2,1.0,Кыринский муниципальный район,2024-01
v2,1.0,Кыринский муниципальный район,2024-10
v2,1.0,Кытмановский муниципальный район,2023-07
v2,1.0,Кытмановский муниципальный район,2023-10
v2,1.0,Кытмановский муниципальный район,2024-01
v2,1.0,Кытмановский муниципальный район,2024-10
v2,1.0,Кыштовский муниципальный район,2024-10
v2,1.0,Лаганский муниципальный район,2023-10
v2,1.0,Лаганский муниципальный район,2024-01
v2,1.0,Лазовский муниципальный округ,2023-06
v2,1.0,Лазовский муниципальный округ,2023-10
v2,1.0,Лазовский муниципальный округ,2024-01
v2,1.0,Лазовский муниципальный округ,2024-10
v2,1.0,Лаишевский муниципальный район,2024-01
v2,1.0,Лаишевский муниципальный район,2024-10
v2,1.0,Лахденпохский муниципальный район,2024-02
v2,1.0,Лебедянский муниципальный район,2023-10
v2,1.0,Лебедянский муниципальный район,2024-01
v2,1.0,Лебедянский муниципальный район,2024-10
v2,1.0,Лебяжьевский муниципальный округ,2024-10
v2,1.0,Лев-Толстовский муниципальный район,2023-10
v2,1.0,Лев-Толстовский муниципальный район,2024-01
v2,1.0,Лев-Толстовский муниципальный район,2024-10
v2,1.0,Левокумский муниципальный округ,2023-10
v2,1.0,Левокумский муниципальный округ,2024-01
v2,1.0,Левокумский муниципальный округ,2024-10
v2,1.0,Лениногорский муниципальный район,2023-10
v2,1.0,Лениногорский муниципальный район,2024-01
v2,1.0,Лениногорский муниципальный район,2024-10
v2,1.0,Ленинский муниципальный район #1,2023-10
v2,1.0,Ленинский муниципальный район #1,2024-01
v2,1.0,Ленинский муниципальный район #1,2024-10
v2,1.0,Ленинский муниципальный район #2,2023-10
v2,1.0,Ленинский муниципальный район #2,2024-01
v2,1.0,Ленинский муниципальный район #2,2024-10
v2,1.0,Ленский муниципальный район #1,2023-08
v2,1.0,Ленский муниципальный район #1,2024-02
v2,1.0,Ленский муниципальный район #2,2024-10
v2,1.0,Лиманский муниципальный район,2024-10
v2,1.0,Ловозерский муниципальный район,2024-02
v2,1.0,Ловозерский муниципальный район,2024-07
v2,1.0,Ловозерский муниципальный район,2024-10
v2,1.0,Лодейнопольский муниципальный район,2023-08
v2,1.0,Лодейнопольский муниципальный район,2024-02
v2,1.0,Лодейнопольский муниципальный район,2024-06
v2,1.0,Лодейнопольский муниципальный район,2024-10
v2,1.0,Локтевский муниципальный район,2023-10
v2,1.0,Локтевский муниципальный район,2024-01
v2,1.0,Локтевский муниципальный район,2024-10
v2,1.0,Ломоносовский муниципальный район,2023-10
v2,1.0,Ломоносовский муниципальный район,2024-01
v2,1.0,Ломоносовский муниципальный район,2024-10
v2,1.0,Лопатинский муниципальный район,2023-10
v2,1.0,Лопатинский муниципальный район,2024-01
v2,1.0,Лопатинский муниципальный район,2024-10
v2,1.0,Лоухский муниципальный район,2023-09
v2,1.0,Лоухский муниципальный район,2024-02
v2,1.0,Лоухский муниципальный район,2024-06
v2,1.0,Лоухский муниципальный район,2024-10
v2,1.0,Лужский муниципальный район,2024-01
v2,1.0,Лужский муниципальный район,2024-10
v2,1.0,Лукояновский муниципальный округ,2024-10
v2,1.0,Лунинский муниципальный район,2023-10
v2,1.0,Лунинский муниципальный район,2024-01
v2,1.0,Лунинский муниципальный район,2024-10
v2,1.0,Лухский муниципальный район,2023-10
v2,1.0,Лухский муниципальный район,2024-01
v2,1.0,Лухский муниципальный район,2024-10
v2,1.0,Лысковский муниципальный округ,2024-01
v2,1.0,Лысковский муниципальный округ,2024-10
v2,1.0,Лысогорский муниципальный район,2023-10
v2,1.0,Лысогорский муниципальный район,2024-01
v2,1.0,Лысогорский муниципальный район,2024-10
v2,1.0,Любимский муниципальный район,2023-10
v2,1.0,Любимский муниципальный район,2024-01
v2,1.0,Любимский муниципальный район,2024-10
v2,1.0,Любинский муниципальный район,2023-10
v2,1.0,Любинский муниципальный район,2024-01
v2,1.0,Любинский муниципальный район,2024-10
v2,1.0,Любытинский муниципальный район,2024-10
v2,1.0,Людиновский муниципальный район,2023-10
v2,1.0,Людиновский муниципальный район,2024-01
v2,1.0,Людиновский муниципальный район,2024-10
v2,1.0,Лямбирский муниципальный район,2023-10
v2,1.0,Лямбирский муниципальный район,2024-01
v2,1.0,Лямбирский муниципальный район,2024-10
v2,1.0,Магдагачинский муниципальный район,2024-10
v2,1.0,Мазановский муниципальный район,2024-10
v2,1.0,Майкопский муниципальный район,2023-10
v2,1.0,Майкопский муниципальный район,2024-01
v2,1.0,Майкопский муниципальный район,2024-10
v2,1.0,Майский муниципальный район,2023-10
v2,1.0,Майский муниципальный район,2024-01
v2,1.0,Майский муниципальный район,2024-10
v2,1.0,Макарьевский муниципальный район,2024-10
v2,1.0,Малмыжский муниципальный район,2023-10
v2,1.0,Малмыжский муниципальный район,2024-01
v2,1.0,Малмыжский муниципальный район,2024-10
v2,1.0,Малоархангельский муниципальный район,2023-10
v2,1.0,Малоархангельский муниципальный район,2024-01
v2,1.0,Малоархангельский муниципальный район,2024-10
v2,1.0,Маловишерский муниципальный район,2023-10
v2,1.0,Маловишерский муниципальный район,2024-01
v2,1.0,Маловишерский муниципальный район,2024-10
v2,1.0,Малодербетовский муниципальный район,2023-06
v2,1.0,Малодербетовский муниципальный район,2023-09
v2,1.0,Малодербетовский муниципальный район,2024-10
v2,1.0,Малокарачаевский муниципальный район,2024-10
v2,1.0,Малосердобинский муниципальный район,2023-10
v2,1.0,Малосердобинский муниципальный район,2024-01
v2,1.0,Малосердобинский муниципальный район,2024-10
v2,1.0,Малоярославецкий муниципальный район,2023-10
v2,1.0,Малоярославецкий муниципальный район,2024-01
v2,1.0,Малоярославецкий муниципальный район,2024-10
v2,1.0,Мамонтовский муниципальный район,2024-10
v2,1.0,Манский муниципальный район,2023-10
v2,1.0,Манский муниципальный район,2024-01
v2,1.0,Манский муниципальный район,2024-10
v2,1.0,Мантуровский муниципальный округ,2023-10
v2,1.0,Мантуровский муниципальный округ,2024-01
v2,1.0,Мантуровский муниципальный округ,2024-10
v2,1.0,Мари-Турекский муниципальный район,2023-10
v2,1.0,Мари-Турекский муниципальный район,2024-01
v2,1.0,Мари-Турекский муниципальный район,2024-10
v2,1.0,Мариинский муниципальный округ,2024-01
v2,1.0,Мариинский муниципальный округ,2024-10
v2,1.0,Мариинско-Посадский муниципальный округ,2024-02
v2,1.0,Мариинско-Посадский муниципальный округ,2024-05
v2,1.0,Мариинско-Посадский муниципальный округ,2024-10
v2,1.0,Марксовский муниципальный район,2023-10
v2,1.0,Марксовский муниципальный район,2024-01
v2,1.0,Марксовский муниципальный район,2024-10
v2,1.0,Марьяновский муниципальный район,2023-10
v2,1.0,Марьяновский муниципальный район,2024-01
v2,1.0,Марьяновский муниципальный район,2024-10
v2,1.0,Маслянинский муниципальный район,2024-01
v2,1.0,Маслянинский муниципальный район,2024-10
v2,1.0,Матвеевский муниципальный район,2023-10
v2,1.0,Матвеевский муниципальный район,2024-01
v2,1.0,Матвеевский муниципальный район,2024-10
v2,1.0,Медведевский муниципальный район,2023-10
v2,1.0,Медведевский муниципальный район,2024-01
v2,1.0,Медведевский муниципальный район,2024-10
v2,1.0,Медвежьегорский муниципальный район,2023-10
v2,1.0,Медвежьегорский муниципальный район,2024-01
v2,1.0,Медвежьегорский муниципальный район,2024-10
v2,1.0,Медынский муниципальный район,2023-10
v2,1.0,Медынский муниципальный район,2024-01
v2,1.0,Медынский муниципальный район,2024-10
v2,1.0,Междуреченский муниципальный округ,2023-05
v2,1.0,Междуреченский муниципальный округ,2023-08
v2,1.0,Междуреченский муниципальный округ,2024-02
v2,1.0,Межевской муниципальный округ,2023-09
v2,1.0,Межевской муниципальный округ,2024-02
v2,1.0,Межевской муниципальный округ,2024-05
v2,1.0,Межевской муниципальный округ,2024-10
v2,1.0,Меленковский муниципальный район,2024-10
v2,1.0,Мелеузовский муниципальный район,2023-10
v2,1.0,Мелеузовский муниципальный район,2024-01
v2,1.0,Мелеузовский муниципальный район,2024-10
v2,1.0,Менделеевский муниципальный район,2023-10
v2,1.0,Менделеевский муниципальный район,2024-01
v2,1.0,Менделеевский муниципальный район,2024-10
v2,1.0,Мензелинский муниципальный район,2023-10
v2,1.0,Мензелинский муниципальный район,2024-01
v2,1.0,Мензелинский муниципальный район,2024-10
v2,1.0,Мещовский муниципальный район,2023-10
v2,1.0,Мещовский муниципальный район,2024-01
v2,1.0,Мещовский муниципальный район,2024-10
v2,1.0,Милославский муниципальный район,2023-07
v2,1.0,Милославский муниципальный район,2023-10
v2,1.0,Милославский муниципальный район,2024-01
v2,1.0,Милославский муниципальный район,2024-10
v2,1.0,Мильковский муниципальный округ,2024-10
v2,1.0,Минераловодский муниципальный округ,2023-10
v2,1.0,Минераловодский муниципальный округ,2024-01
v2,1.0,Минераловодский муниципальный округ,2024-10
v2,1.0,Мирнинский муниципальный район,2023-08
v2,1.0,Мирнинский муниципальный район,2024-02
v2,1.0,Мирнинский муниципальный район,2024-08
v2,1.0,Михайловский муниципальный район #1,2024-10
v2,1.0,Михайловский муниципальный район #2,2023-10
v2,1.0,Михайловский муниципальный район #2,2024-01
v2,1.0,Михайловский муниципальный район #2,2024-10
v2,1.0,Михайловский муниципальный район #3,2024-10
v2,1.0,Михайловский муниципальный район #4,2023-08
v2,1.0,Михайловский муниципальный район #4,2024-02
v2,1.0,Михайловский муниципальный район #4,2024-05
v2,1.0,Мишкинский муниципальный округ,2023-10
v2,1.0,Мишкинский муниципальный округ,2024-01
v2,1.0,Мишкинский муниципальный округ,2024-10
v2,1.0,Мишкинский муниципальный район,2023-10
v2,1.0,Мишкинский муниципальный район,2024-01
v2,1.0,Мишкинский муниципальный район,2024-10
v2,1.0,Миякинский муниципальный район,2023-10
v2,1.0,Миякинский муниципальный район,2024-01
v2,1.0,Миякинский муниципальный район,2024-10
v2,1.0,Могойтуйский муниципальный район,2024-10
v2,1.0,Могочинский муниципальный округ,2023-10
v2,1.0,Могочинский муниципальный округ,2024-01
v2,1.0,Могочинский муниципальный округ,2024-10
v2,1.0,Моздокский муниципальный район,2024-01
v2,1.0,Моздокский муниципальный район,2024-10
v2,1.0,Мокроусовский муниципальный округ,2023-10
v2,1.0,Мокроусовский муниципальный округ,2024-01
v2,1.0,Мокроусовский муниципальный округ,2024-10
v2,1.0,Мокшанский муниципальный район,2023-10
v2,1.0,Мокшанский муниципальный район,2024-01
v2,1.0,Мокшанский муниципальный район,2024-10
v2,1.0,Монастырщинский муниципальный район,2023-10
v2,1.0,Монастырщинский муниципальный район,2024-01
v2,1.0,Монастырщинский муниципальный район,2024-10
v2,1.0,Моргаушский муниципальный округ,2024-10
v2,1.0,Мордовский муниципальный округ,2023-10
v2,1.0,Мордовский муниципальный округ,2024-01
v2,1.0,Мордовский муниципальный округ,2024-10
v2,1.0,Моркинский муниципальный район,2023-10
v2,1.0,Моркинский муниципальный район,2024-01
v2,1.0,Моркинский муниципальный район,2024-10
v2,1.0,Мосальский муниципальный район,2024-10
v2,1.0,Москаленский муниципальный район,2023-10
v2,1.0,Москаленский муниципальный район,2024-01
v2,1.0,Москаленский муниципальный район,2024-10
v2,1.0,Мошковский муниципальный район,2023-10
v2,1.0,Мошковский муниципальный район,2024-01
v2,1.0,Мошковский муниципальный район,2024-10
v2,1.0,Муезерский муниципальный район,2023-09
v2,1.0,Муезерский муниципальный район,2024-02
v2,1.0,Муезерский муниципальный район,2024-07
v2,1.0,Муезерский муниципальный район,2024-10
v2,1.0,Муслюмовский муниципальный район,2023-10
v2,1.0,Муслюмовский муниципальный район,2024-01
v2,1.0,Муслюмовский муниципальный район,2024-10
v2,1.0,Мучкапский муниципальный округ,2023-10
v2,1.0,Мучкапский муниципальный округ,2024-01
v2,1.0,Мучкапский муниципальный округ,2024-10
v2,1.0,Мышкинский муниципальный район,2023-10
v2,1.0,Мышкинский муниципальный район,2024-01
v2,1.0,Мышкинский муниципальный район,2024-10
v2,1.0,Нагайбакский муниципальный район,2023-10
v2,1.0,Нагайбакский муниципальный район,2024-01
v2,1.0,Нагайбакский муниципальный район,2024-10
v2,1.0,Нагорский муниципальный район,2023-08
v2,1.0,Нагорский муниципальный район,2024-02
v2,1.0,Нагорский муниципальный район,2024-05
v2,1.0,Нагорский муниципальный район,2024-10
v2,1.0,Надеждинский муниципальный район,2023-10
v2,1.0,Надеждинский муниципальный район,2024-01
v2,1.0,Надеждинский муниципальный район,2024-10
v2,1.0,Называевский муниципальный район,2023-10
v2,1.0,Называевский муниципальный район,2024-01
v2,1.0,Называевский муниципальный район,2024-10
v2,1.0,Намский муниципальный район,2024-01
v2,1.0,Намский муниципальный район,2024-10
v2,1.0,Нанайский муниципальный район,2024-10
v2,1.0,Наримановский муниципальный район,2024-01
v2,1.0,Наримановский муниципальный район,2024-10
v2,1.0,Наровчатский муниципальный район,2024-10
v2,1.0,Неверкинский муниципальный район,2023-10
v2,1.0,Неверкинский муниципальный район,2024-01
v2,1.0,Неверкинский муниципальный район,2024-10
v2,1.0,Нейский муниципальный округ,2023-10
v2,1.0,Нейский муниципальный округ,2024-01
v2,1.0,Нейский муниципальный округ,2024-10
v2,1.0,Некоузский муниципальный район,2024-10
v2,1.0,Некрасовский муниципальный район,2023-10
v2,1.0,Некрасовский муниципальный район,2024-01
v2,1.0,Некрасовский муниципальный район,2024-10
v2,1.0,Немецкий национальный муниципальный район,2024-10
v2,1.0,Нерчинский муниципальный район,2023-10
v2,1.0,Нерчинский муниципальный район,2024-01
v2,1.0,Нерчинский муниципальный район,2024-10
v2,1.0,Нерюнгринский муниципальный район,2023-09
v2,1.0,Нерюнгринский муниципальный район,2024-02
v2,1.0,Нерюнгринский муниципальный район,2024-08
v2,1.0,Нефтегорский муниципальный район,2024-02
v2,1.0,Нефтегорский муниципальный район,2024-05
v2,1.0,Нефтегорский муниципальный район,2024-10
v2,1.0,Нефтекумский муниципальный округ,2023-10
v2,1.0,Нефтекумский муниципальный округ,2024-01
v2,1.0,Нефтекумский муниципальный округ,2024-10
v2,1.0,Нефтеюганский муниципальный район,2023-09
v2,1.0,Нефтеюганский муниципальный район,2024-02
v2,1.0,Нефтеюганский муниципальный район,2024-07
v2,1.0,Нефтеюганский муниципальный район,2024-10
v2,1.0,Нехаевский муниципальный район,2023-10
v2,1.0,Нехаевский муниципальный район,2024-01
v2,1.0,Нехаевский муниципальный район,2024-10
v2,1.0,Нижневартовский муниципальный район,2024-02
v2,1.0,Нижневартовский муниципальный район,2024-07
v2,1.0,Нижневартовский муниципальный район,2024-10
v2,1.0,Нижнеилимский муниципальный район,2023-08
v2,1.0,Нижнеилимский муниципальный район,2024-02
v2,1.0,Нижнеилимский муниципальный район,2024-06
v2,1.0,Нижнеилимский муниципальный район,2024-10
v2,1.0,Нижнеингашский муниципальный район,2023-10
v2,1.0,Нижнеингашский муниципальный район,2024-01
v2,1.0,Нижнеингашский муниципальный район,2024-10
v2,1.0,Нижнекамский муниципальный район,2023-10
v2,1.0,Нижнекамский муниципальный район,2024-01
v2,1.0,Нижнекамский муниципальный район,2024-10
v2,1.0,Нижнеломовский муниципальный район,2023-10
v2,1.0,Нижнеломовский муниципальный район,2024-01
v2,1.0,Нижнеломовский муниципальный район,2024-10
v2,1.0,Нижнеомский муниципальный район,2023-10
v2,1.0,Нижнеомский муниципальный район,2024-01
v2,1.0,Нижнеомский муниципальный район,2024-10
v2,1.0,Нижнесергинский муниципальный район,2023-10
v2,1.0,Нижнесергинский муниципальный район,2024-01
v2,1.0,Нижнесергинский муниципальный район,2024-10
v2,1.0,Нижнетавдинский муниципальный район,2023-10
v2,1.0,Нижнетавдинский муниципальный район,2024-01
v2,1.0,Нижнетавдинский муниципальный район,2024-10
v2,1.0,Нижнеудинский муниципальный район,2024-01
v2,1.0,Нижнеудинский муниципальный район,2024-10
v2,1.0,Никифоровский муниципальный округ,2023-10
v2,1.0,Никифоровский муниципальный округ,2024-01
v2,1.0,Никифоровский муниципальный округ,2024-10
v2,1.0,Николаевский муниципальный район #1,2023-10
v2,1.0,Николаевский муниципальный район #1,2024-01
v2,1.0,Николаевский муниципальный район #1,2024-10
v2,1.0,Николаевский муниципальный район #2,2023-09
v2,1.0,Николаевский муниципальный район #2,2024-02
v2,1.0,Николаевский муниципальный район #3,2023-10
v2,1.0,Николаевский муниципальный район #3,2024-01
v2,1.0,Николаевский муниципальный район #3,2024-10
v2,1.0,Никольский муниципальный округ,2024-02
v2,1.0,Никольский муниципальный округ,2024-07
v2,1.0,Никольский муниципальный округ,2024-10
v2,1.0,Никольский муниципальный район,2023-10
v2,1.0,Никольский муниципальный район,2024-01
v2,1.0,Никольский муниципальный район,2024-10
v2,1.0,Новгородский муниципальный район,2024-01
v2,1.0,Новгородский муниципальный район,2024-10
v2,1.0,Новичихинский муниципальный район,2023-08
v2,1.0,Новичихинский муниципальный район,2024-02
v2,1.0,Новичихинский муниципальный район,2024-07
v2,1.0,Новичихинский муниципальный район,2024-10
v2,1.0,Новоалександровский муниципальный округ,2023-10
v2,1.0,Новоалександровский муниципальный округ,2024-01
v2,1.0,Новоалександровский муниципальный округ,2024-10
v2,1.0,Новоаннинский муниципальный район,2024-02
v2,1.0,Новоаннинский муниципальный район,2024-05
v2,1.0,Новоаннинский муниципальный район,2024-10
v2,1.0,Новобурасский муниципальный район,2023-10
v2,1.0,Новобурасский муниципальный район,2024-01
v2,1.0,Новобурасский муниципальный район,2024-10
v2,1.0,Нововаршавский муниципальный район,2023-10
v2,1.0,Нововаршавский муниципальный район,2024-01
v2,1.0,Нововаршавский муниципальный район,2024-10
v2,1.0,Новодеревеньковский муниципальный район,2023-10
v2,1.0,Новодеревеньковский муниципальный район,2024-01
v2,1.0,Новодеревеньковский муниципальный район,2024-10
v2,1.0,Новодугинский муниципальный район,2023-10
v2,1.0,Новодугинский муниципальный район,2024-01
v2,1.0,Новодугинский муниципальный район,2024-10
v2,1.0,Новониколаевский муниципальный район,2023-10
v2,1.0,Новониколаевский муниципальный район,2024-01
v2,1.0,Новониколаевский муниципальный район,2024-10
v2,1.0,Новоорский муниципальный район,2023-10
v2,1.0,Новоорский муниципальный район,2024-01
v2,1.0,Новоорский муниципальный район,2024-10
v2,1.0,Новоселицкий муниципальный округ,2023-10
v2,1.0,Новоселицкий муниципальный округ,2024-01
v2,1.0,Новоселицкий муниципальный округ,2024-10
v2,1.0,Новоселовский муниципальный район,2023-10
v2,1.0,Новоселовский муниципальный район,2024-01
v2,1.0,Новоселовский муниципальный район,2024-10
v2,1.0,Новосергиевский муниципальный район,2023-10
v2,1.0,Новосергиевский муниципальный район,2024-01
v2,1.0,Новосергиевский муниципальный район,2024-10
v2,1.0,Новосибирский муниципальный район,2024-01
v2,1.0,Новосибирский муниципальный район,2024-10
v2,1.0,Новосильский муниципальный район,2023-10
v2,1.0,Новосильский муниципальный район,2024-01
v2,1.0,Новосильский муниципальный район,2024-10
v2,1.0,Новосокольнический муниципальный район,2023-11
v2,1.0,Новосокольнический муниципальный район,2024-04
v2,1.0,Новосокольнический муниципальный район,2024-10
v2,1.0,Новоспасский муниципальный район,2024-10
v2,1.0,Новоторъяльский муниципальный район,2023-10
v2,1.0,Новоторъяльский муниципальный район,2024-01
v2,1.0,Новоторъяльский муниципальный район,2024-10
v2,1.0,Новоузенский муниципальный район,2023-10
v2,1.0,Новоузенский муниципальный район,2024-01
v2,1.0,Новоузенский муниципальный район,2024-10
v2,1.0,Новошешминский муниципальный район,2023-11
v2,1.0,Новошешминский муниципальный район,2024-04
v2,1.0,Новошешминский муниципальный район,2024-10
v2,1.0,Ногайский муниципальный район #1,2024-01
v2,1.0,Ногайский муниципальный район #1,2024-10
v2,1.0,Нолинский муниципальный район,2024-02
v2,1.0,Нолинский муниципальный район,2024-05
v2,1.0,Нолинский муниципальный район,2024-10
v2,1.0,Нукутский муниципальный район,2023-10
v2,1.0,Нукутский муниципальный район,2024-01
v2,1.0,Нукутский муниципальный район,2024-10
v2,1.0,Нуримановский муниципальный район,2023-10
v2,1.0,Нуримановский муниципальный район,2024-01
v2,1.0,Нуримановский муниципальный район,2024-10
v2,1.0,Нурлатский муниципальный район,2023-10
v2,1.0,Нурлатский муниципальный район,2024-01
v2,1.0,Нурлатский муниципальный район,2024-10
v2,1.0,Нюксенский муниципальный округ,2024-10
v2,1.0,Нязепетровский муниципальный район,2024-10
v2,1.0,Няндомский муниципальный округ,2024-10
v2,1.0,Облученский муниципальный район,2023-10
v2,1.0,Облученский муниципальный район,2024-01
v2,1.0,Облученский муниципальный район,2024-10
v2,1.0,Одесский муниципальный район,2023-10
v2,1.0,Одесский муниципальный район,2024-01
v2,1.0,Одесский муниципальный район,2024-10
v2,1.0,Озинский муниципальный район,2023-10
v2,1.0,Озинский муниципальный район,2024-01
v2,1.0,Озинский муниципальный район,2024-10
v2,1.0,Оймяконский муниципальный район,2024-01
v2,1.0,Оймяконский муниципальный район,2024-05
v2,1.0,Оймяконский муниципальный район,2024-08
v2,1.0,Оконешниковский муниципальный район,2023-10
v2,1.0,Оконешниковский муниципальный район,2024-01
v2,1.0,Оконешниковский муниципальный район,2024-10
v2,1.0,Октябрьский муниципальный округ,2023-10
v2,1.0,Октябрьский муниципальный округ,2024-01
v2,1.0,Октябрьский муниципальный округ,2024-10
v2,1.0,Октябрьский муниципальный район #1,2024-10
v2,1.0,Октябрьский муниципальный район #2,2023-10
v2,1.0,Октябрьский муниципальный район #2,2024-01
v2,1.0,Октябрьский муниципальный район #2,2024-10
v2,1.0,Октябрьский муниципальный район #5,2024-10
v2,1.0,Октябрьский муниципальный район #7,2023-10
v2,1.0,Октябрьский муниципальный район #7,2024-01
v2,1.0,Октябрьский муниципальный район #7,2024-10
v2,1.0,Октябрьский муниципальный район #8,2023-10
v2,1.0,Октябрьский муниципальный район #8,2024-01
v2,1.0,Октябрьский муниципальный район #8,2024-10
v2,1.0,Окуловский муниципальный район,2023-10
v2,1.0,Окуловский муниципальный район,2024-01
v2,1.0,Окуловский муниципальный район,2024-10
v2,1.0,Олекминский муниципальный район,2023-08
v2,1.0,Олекминский муниципальный район,2024-02
v2,1.0,Олекминский муниципальный район,2024-07
v2,1.0,Олекминский муниципальный район,2024-10
v2,1.0,Оленекский эвенкийский национальный муниципальный район,2023-07
v2,1.0,Оленекский эвенкийский национальный муниципальный район,2024-05
v2,1.0,Оленекский эвенкийский национальный муниципальный район,2024-08
v2,1.0,Оловяннинский муниципальный район,2023-10
v2,1.0,Оловяннинский муниципальный район,2024-01
v2,1.0,Оловяннинский муниципальный район,2024-10
v2,1.0,Олонецкий муниципальный район,2023-10
v2,1.0,Олонецкий муниципальный район,2024-01
v2,1.0,Олонецкий муниципальный район,2024-10
v2,1.0,Ольгинский муниципальный округ,2024-01
v2,1.0,Ольгинский муниципальный округ,2024-10
v2,1.0,Ольховский муниципальный район,2024-10
v2,1.0,Ольхонский муниципальный район,2023-09
v2,1.0,Ольхонский муниципальный район,2024-02
v2,1.0,Ольхонский муниципальный район,2024-09
v2,1.0,Олюторский муниципальный район,2023-08
v2,1.0,Олюторский муниципальный район,2024-02
v2,1.0,Олюторский муниципальный район,2024-08
v2,1.0,Омский муниципальный район,2023-10
v2,1.0,Омский муниципальный район,2024-01
v2,1.0,Омский муниципальный район,2024-10
v2,1.0,Омутинский муниципальный район,2024-10
v2,1.0,Омутнинский муниципальный район,2023-10
v2,1.0,Омутнинский муниципальный район,2024-01
v2,1.0,Омутнинский муниципальный район,2024-10
v2,1.0,Онежский муниципальный район,2024-10
v2,1.0,Ононский муниципальный округ,2023-09
v2,1.0,Ононский муниципальный округ,2024-02
v2,1.0,Ононский муниципальный округ,2024-05
v2,1.0,Орджоникидзевский муниципальный район,2023-10
v2,1.0,Орджоникидзевский муниципальный район,2024-01
v2,1.0,Орджоникидзевский муниципальный район,2024-10
v2,1.0,Ордынский муниципальный район,2024-10
v2,1.0,Оричевский муниципальный район,2023-10
v2,1.0,Оричевский муниципальный район,2024-01
v2,1.0,Оричевский муниципальный район,2024-10
v2,1.0,Оршанский муниципальный район,2023-10
v2,1.0,Оршанский муниципальный район,2024-01
v2,1.0,Оршанский муниципальный район,2024-10
v2,1.0,Островский муниципальный округ,2023-10
v2,1.0,Островский муниципальный округ,2024-01
v2,1.0,Островский муниципальный округ,2024-10
v2,1.0,Островский муниципальный район,2023-10
v2,1.0,Островский муниципальный район,2024-01
v2,1.0,Островский муниципальный район,2024-10
v2,1.0,Охотский муниципальный округ,2023-10
v2,1.0,Охотский муниципальный округ,2024-01
v2,1.0,Охотский муниципальный округ,2024-05
v2,1.0,Охотский муниципальный округ,2024-10
v2,1.0,Павинский муниципальный округ,2024-10
v2,1.0,Павловский муниципальный округ,2023-10
v2,1.0,Павловский муниципальный округ,2024-01
v2,1.0,Павловский муниципальный округ,2024-10
v2,1.0,Павловский муниципальный район #1,2023-10
v2,1.0,Павловский муниципальный район #1,2024-01
v2,1.0,Павловский муниципальный район #1,2024-10
v2,1.0,Павловский муниципальный район #2,2024-10
v2,1.0,Павлоградский муниципальный район,2024-10
v2,1.0,Палласовский муниципальный район,2024-10
v2,1.0,Параньгинский муниципальный район,2024-02
v2,1.0,Параньгинский муниципальный район,2024-05
v2,1.0,Параньгинский муниципальный район,2024-10
v2,1.0,Партизанский муниципальный округ,2024-10
v2,1.0,Партизанский муниципальный район,2023-10
v2,1.0,Партизанский муниципальный район,2024-01
v2,1.0,Партизанский муниципальный район,2024-10
v2,1.0,Парфеньевский муниципальный округ,2024-10
v2,1.0,Парфинский муниципальный район,2024-02
v2,1.0,Пачелмский муниципальный район,2023-10
v2,1.0,Пачелмский муниципальный район,2024-01
v2,1.0,Пачелмский муниципальный район,2024-10
v2,1.0,Пензенский муниципальный район,2024-01
v2,1.0,Пензенский муниципальный район,2024-10
v2,1.0,Первомайский муниципальный округ,2023-10
v2,1.0,Первомайский муниципальный округ,2024-01
v2,1.0,Первомайский муниципальный округ,2024-10
v2,1.0,Первомайский муниципальный район #1,2024-10
v2,1.0,Первомайский муниципальный район #2,2023-10
v2,1.0,Первомайский муниципальный район #2,2024-01
v2,1.0,Первомайский муниципальный район #2,2024-10
v2,1.0,Первомайский муниципальный район #3,2023-10
v2,1.0,Первомайский муниципальный район #3,2024-01
v2,1.0,Первомайский муниципальный район #3,2024-10
v2,1.0,Первомайский муниципальный район #4,2024-02
v2,1.0,Первомайский муниципальный район #4,2024-05
v2,1.0,Первомайский муниципальный район #4,2024-10
v2,1.0,Переволоцкий муниципальный район,2023-10
v2,1.0,Переволоцкий муниципальный район,2024-01
v2,1.0,Переволоцкий муниципальный район,2024-10
v2,1.0,Перелюбский муниципальный район,2023-10
v2,1.0,Перелюбский муниципальный район,2024-01
v2,1.0,Перелюбский муниципальный район,2024-10
v2,1.0,Перемышльский муниципальный район,2023-10
v2,1.0,Перемышльский муниципальный район,2024-01
v2,1.0,Перемышльский муниципальный район,2024-10
v2,1.0,Пестравский муниципальный район,2023-10
v2,1.0,Пестравский муниципальный район,2024-01
v2,1.0,Пестравский муниципальный район,2024-10
v2,1.0,Пестречинский муниципальный район,2023-10
v2,1.0,Пестречинский муниципальный район,2024-01
v2,1.0,Пестречинский муниципальный район,2024-10
v2,1.0,Пестяковский муниципальный район,2024-02
v2,1.0,Пестяковский муниципальный район,2024-05
v2,1.0,Пестяковский муниципальный район,2024-10
v2,1.0,Петровск-Забайкальский муниципальный район,2024-10
v2,1.0,Петровский муниципальный округ #1,2023-10
v2,1.0,Петровский муниципальный округ #1,2024-01
v2,1.0,Петровский муниципальный округ #1,2024-10
v2,1.0,Петровский муниципальный округ #2,2023-10
v2,1.0,Петровский муниципальный округ #2,2024-01
v2,1.0,Петровский муниципальный округ #2,2024-10
v2,1.0,Петровский муниципальный район,2023-10
v2,1.0,Петровский муниципальный район,2024-01
v2,1.0,Петровский муниципальный район,2024-10
v2,1.0,Петропавловский муниципальный район,2023-10
v2,1.0,Петропавловский муниципальный район,2024-01
v2,1.0,Петропавловский муниципальный район,2024-10
v2,1.0,Петуховский муниципальный округ,2024-10
v2,1.0,Петушинский муниципальный район,2023-10
v2,1.0,Петушинский муниципальный район,2024-01
v2,1.0,Петушинский муниципальный район,2024-10
v2,1.0,Печенгский муниципальный округ,2024-10
v2,1.0,Пильнинский муниципальный округ,2024-10
v2,1.0,Пителинский муниципальный район,2024-02
v2,1.0,Пителинский муниципальный район,2024-05
v2,1.0,Пителинский муниципальный район,2024-10
v2,1.0,Питерский муниципальный район,2023-10
v2,1.0,Питерский муниципальный район,2024-01
v2,1.0,Питерский муниципальный район,2024-10
v2,1.0,Питкярантский муниципальный округ,2024-02
v2,1.0,Питкярантский муниципальный округ,2024-06
v2,1.0,Питкярантский муниципальный округ,2024-10
v2,1.0,Пичаевский муниципальный округ,2023-10
v2,1.0,Пичаевский муниципальный округ,2024-01
v2,1.0,Пичаевский муниципальный округ,2024-10
v2,1.0,Плавский муниципальный район,2023-10
v2,1.0,Плавский муниципальный район,2024-01
v2,1.0,Плавский муниципальный район,2024-10
v2,1.0,Пластовский муниципальный район,2023-10
v2,1.0,Пластовский муниципальный район,2024-01
v2,1.0,Пластовский муниципальный район,2024-10
v2,1.0,Плесецкий муниципальный округ,2023-10
v2,1.0,Плесецкий муниципальный округ,2024-01
v2,1.0,Плесецкий муниципальный округ,2024-10
v2,1.0,Плюсский муниципальный район,2024-10
v2,1.0,Пограничный муниципальный округ,2023-10
v2,1.0,Пограничный муниципальный округ,2024-01
v2,1.0,Пограничный муниципальный округ,2024-10
v2,1.0,Поддорский муниципальный район,2024-10
v2,1.0,Подосиновский муниципальный район,2023-08
v2,1.0,Подосиновский муниципальный район,2024-02
v2,1.0,Подосиновский муниципальный район,2024-05
v2,1.0,Подосиновский муниципальный район,2024-10
v2,1.0,Подпорожский муниципальный район,2023-10
v2,1.0,Подпорожский муниципальный район,2024-01
v2,1.0,Подпорожский муниципальный район,2024-10
v2,1.0,Пожарский муниципальный округ,2023-10
v2,1.0,Пожарский муниципальный округ,2024-01
v2,1.0,Пожарский муниципальный округ,2024-10
v2,1.0,Покровский муниципальный район,2023-10
v2,1.0,Покровский муниципальный район,2024-01
v2,1.0,Покровский муниципальный район,2024-10
v2,1.0,Половинский муниципальный округ,2023-10
v2,1.0,Половинский муниципальный округ,2024-01
v2,1.0,Половинский муниципальный округ,2024-10
v2,1.0,Полтавский муниципальный район,2023-10
v2,1.0,Полтавский муниципальный район,2024-01
v2,1.0,Полтавский муниципальный район,2024-10
v2,1.0,Поназыревский муниципальный округ,2024-06
v2,1.0,Поназыревский муниципальный округ,2024-10
v2,1.0,Порецкий муниципальный округ,2024-02
v2,1.0,Порецкий муниципальный округ,2024-05
v2,1.0,Порецкий муниципальный округ,2024-10
v2,1.0,Порховский муниципальный район,2024-10
v2,1.0,Похвистневский муниципальный район,2024-02
v2,1.0,Похвистневский муниципальный район,2024-05
v2,1.0,Похвистневский муниципальный район,2024-10
v2,1.0,Починковский муниципальный округ,2023-08
v2,1.0,Починковский муниципальный округ,2024-02
v2,1.0,Починковский муниципальный округ,2024-05
v2,1.0,Починковский муниципальный округ,2024-10
v2,1.0,Починковский муниципальный район,2023-10
v2,1.0,Починковский муниципальный район,2024-01
v2,1.0,Починковский муниципальный район,2024-10
v2,1.0,Пошехонский муниципальный район,2023-10
v2,1.0,Пошехонский муниципальный район,2024-01
v2,1.0,Пошехонский муниципальный район,2024-10
v2,1.0,Правобережный муниципальный район,2024-01
v2,1.0,Правобережный муниципальный район,2024-10
v2,1.0,Предгорный муниципальный округ,2023-10
v2,1.0,Предгорный муниципальный округ,2024-01
v2,1.0,Предгорный муниципальный округ,2024-10
v2,1.0,Приаргунский муниципальный округ,2023-10
v2,1.0,Приаргунский муниципальный округ,2024-01
v2,1.0,Приаргунский муниципальный округ,2024-10
v2,1.0,Приволжский муниципальный район #1,2024-10
v2,1.0,Приволжский муниципальный район #2,2023-10
v2,1.0,Приволжский муниципальный район #2,2024-01
v2,1.0,Приволжский муниципальный район #2,2024-10
v2,1.0,Приволжский муниципальный район #3,2024-01
v2,1.0,Приволжский муниципальный район #3,2024-10
v2,1.0,Прилузский муниципальный район,2024-02
v2,1.0,Прилузский муниципальный район,2024-05
v2,1.0,Прилузский муниципальный район,2024-10
v2,1.0,Приморский муниципальный округ,2024-01
v2,1.0,Приморский муниципальный округ,2024-10
v2,1.0,Приозерский муниципальный район,2024-10
v2,1.0,Прионежский муниципальный район,2023-06
v2,1.0,Прионежский муниципальный район,2024-02
v2,1.0,Прионежский муниципальный район,2024-06
v2,1.0,Прионежский муниципальный район,2024-10
v2,1.0,Притобольный муниципальный округ,2023-05
v2,1.0,Притобольный муниципальный округ,2023-10
v2,1.0,Притобольный муниципальный округ,2024-01
v2,1.0,Притобольный муниципальный округ,2024-10
v2,1.0,Прокопьевский муниципальный округ,2024-10
v2,1.0,Промышленновский муниципальный округ,2023-08
v2,1.0,Промышленновский муниципальный округ,2024-02
v2,1.0,Пронский муниципальный район,2023-10
v2,1.0,Пронский муниципальный район,2024-01
v2,1.0,Пронский муниципальный район,2024-10
v2,1.0,Пряжинский муниципальный район,2024-02
v2,1.0,Пряжинский муниципальный район,2024-06
v2,1.0,Пряжинский муниципальный район,2024-10
v2,1.0,Псковский муниципальный район,2023-10
v2,1.0,Псковский муниципальный район,2024-01
v2,1.0,Псковский муниципальный район,2024-10
v2,1.0,Пугачевский муниципальный район,2023-10
v2,1.0,Пугачевский муниципальный район,2024-01
v2,1.0,Пугачевский муниципальный район,2024-10
v2,1.0,Пудожский муниципальный район,2023-10
v2,1.0,Пудожский муниципальный район,2024-01
v2,1.0,Пудожский муниципальный район,2024-10
v2,1.0,Пустошкинский муниципальный район,2023-10
v2,1.0,Пустошкинский муниципальный район,2024-01
v2,1.0,Пустошкинский муниципальный район,2024-10
v2,1.0,Путятинский муниципальный округ,2024-02
v2,1.0,Путятинский муниципальный округ,2024-05
v2,1.0,Пучежский муниципальный район,2023-10
v2,1.0,Пучежский муниципальный район,2024-01
v2,1.0,Пучежский муниципальный район,2024-10
v2,1.0,Пушкиногорский муниципальный район,2024-10
v2,1.0,Радищевский муниципальный район,2024-01
v2,1.0,Радищевский муниципальный район,2024-10
v2,1.0,Ржаксинский муниципальный округ,2023-10
v2,1.0,Ржаксинский муниципальный округ,2024-01
v2,1.0,Ржаксинский муниципальный округ,2024-10
v2,1.0,Ровенский муниципальный район,2023-10
v2,1.0,Ровенский муниципальный район,2024-01
v2,1.0,Ровенский муниципальный район,2024-10
v2,1.0,Родинский муниципальный район,2024-01
v2,1.0,Родинский муниципальный район,2024-10
v2,1.0,Родниковский муниципальный район,2024-10
v2,1.0,Романовский муниципальный район #2,2023-10
v2,1.0,Романовский муниципальный район #2,2024-01
v2,1.0,Романовский муниципальный район #2,2024-10
v2,1.0,Ромненский муниципальный округ,2024-01
v2,1.0,Ромненский муниципальный округ,2024-10
v2,1.0,Ромодановский муниципальный район,2023-10
v2,1.0,Ромодановский муниципальный район,2024-01
v2,1.0,Рославльский муниципальный район,2023-10
v2,1.0,Рославльский муниципальный район,2024-01
v2,1.0,Рославльский муниципальный район,2024-10
v2,1.0,Ростовский муниципальный район,2023-10
v2,1.0,Ростовский муниципальный район,2024-01
v2,1.0,Ростовский муниципальный район,2024-10
v2,1.0,Ртищевский муниципальный район,2023-10
v2,1.0,Ртищевский муниципальный район,2024-01
v2,1.0,Ртищевский муниципальный район,2024-10
v2,1.0,Руднянский муниципальный район #1,2023-10
v2,1.0,Руднянский муниципальный район #1,2024-01
v2,1.0,Руднянский муниципальный район #1,2024-10
v2,1.0,Руднянский муниципальный район #2,2024-10
v2,1.0,Рузаевский муниципальный район,2023-10
v2,1.0,Рузаевский муниципальный район,2024-01
v2,1.0,Рузаевский муниципальный район,2024-10
v2,1.0,Русско-Полянский муниципальный район,2023-10
v2,1.0,Русско-Полянский муниципальный район,2024-01
v2,1.0,Русско-Полянский муниципальный район,2024-10
v2,1.0,Рыбинский муниципальный район #1,2023-10
v2,1.0,Рыбинский муниципальный район #1,2024-01
v2,1.0,Рыбинский муниципальный район #1,2024-10
v2,1.0,Рыбинский муниципальный район #2,2023-10
v2,1.0,Рыбинский муниципальный район #2,2024-01
v2,1.0,Рыбинский муниципальный район #2,2024-10
v2,1.0,Рыбно-Слободский муниципальный район,2023-10
v2,1.0,Рыбно-Слободский муниципальный район,2024-01
v2,1.0,Рыбно-Слободский муниципальный район,2024-10
v2,1.0,Рыбновский муниципальный район,2024-10
v2,1.0,Ряжский муниципальный округ,2023-10
v2,1.0,Ряжский муниципальный округ,2024-01
v2,1.0,Ряжский муниципальный округ,2024-10
v2,1.0,Рязанский муниципальный район,2023-10
v2,1.0,Рязанский муниципальный район,2024-01
v2,1.0,Рязанский муниципальный район,2024-10
v2,1.0,Сабинский муниципальный район,2023-10
v2,1.0,Сабинский муниципальный район,2024-01
v2,1.0,Сабинский муниципальный район,2024-10
v2,1.0,Савинский муниципальный район,2023-10
v2,1.0,Савинский муниципальный район,2024-01
v2,1.0,Савинский муниципальный район,2024-10
v2,1.0,Сакмарский муниципальный район,2023-10
v2,1.0,Сакмарский муниципальный район,2024-01
v2,1.0,Сакмарский муниципальный район,2024-10
v2,1.0,Салаватский муниципальный район,2023-10
v2,1.0,Салаватский муниципальный район,2024-01
v2,1.0,Салаватский муниципальный район,2024-10
v2,1.0,Самойловский муниципальный район,2023-10
v2,1.0,Самойловский муниципальный район,2024-01
v2,1.0,Самойловский муниципальный район,2024-10
v2,1.0,Сампурский муниципальный округ,2023-10
v2,1.0,Сампурский муниципальный округ,2024-01
v2,1.0,Сампурский муниципальный округ,2024-10
v2,1.0,Сапожковский муниципальный район,2023-10
v2,1.0,Сапожковский муниципальный район,2024-01
v2,1.0,Сапожковский муниципальный район,2024-10
v2,1.0,Сараевский муниципальный район,2024-10
v2,1.0,Саракташский муниципальный район,2023-10
v2,1.0,Саракташский муниципальный район,2024-01
v2,1.0,Саракташский муниципальный район,2024-10
v2,1.0,Саргатский муниципальный район,2023-10
v2,1.0,Саргатский муниципальный район,2024-01
v2,1.0,Саргатский муниципальный район,2024-10
v2,1.0,Сармановский муниципальный район,2023-10
v2,1.0,Сармановский муниципальный район,2024-01
v2,1.0,Сармановский муниципальный район,2024-10
v2,1.0,Сарпинский муниципальный район,2023-10
v2,1.0,Сарпинский муниципальный район,2024-01
v2,1.0,Саткинский муниципальный район,2023-10
v2,1.0,Саткинский муниципальный район,2024-01
v2,1.0,Саткинский муниципальный район,2024-10
v2,1.0,Сафакулевский муниципальный округ,2024-10
v2,1.0,Сафоновский муниципальный район,2023-10
v2,1.0,Сафоновский муниципальный район,2024-01
v2,1.0,Сафоновский муниципальный район,2024-10
v2,1.0,Саянский муниципальный район,2024-06
v2,1.0,Саянский муниципальный район,2024-10
v2,1.0,Свердловский муниципальный район,2023-12
v2,1.0,Свердловский муниципальный район,2024-04
v2,1.0,Свердловский муниципальный район,2024-10
v2,1.0,Светлоярский муниципальный район,2023-10
v2,1.0,Светлоярский муниципальный район,2024-01
v2,1.0,Светлоярский муниципальный район,2024-10
v2,1.0,Себежский муниципальный район,2023-10
v2,1.0,Себежский муниципальный район,2024-01
v2,1.0,Себежский муниципальный район,2024-10
v2,1.0,Северный муниципальный район #1,2023-05
v2,1.0,Северный муниципальный район #1,2023-10
v2,1.0,Северный муниципальный район #1,2024-01
v2,1.0,Северный муниципальный район #1,2024-10
v2,1.0,Северный муниципальный район #2,2023-06
v2,1.0,Северный муниципальный район #2,2023-10
v2,1.0,Северный муниципальный район #2,2024-01
v2,1.0,Северный муниципальный район #2,2024-10
v2,1.0,Северо-Енисейский муниципальный район,2023-08
v2,1.0,Северо-Енисейский муниципальный район,2024-02
v2,1.0,Сегежский муниципальный округ,2023-06
v2,1.0,Сегежский муниципальный округ,2023-10
v2,1.0,Сегежский муниципальный округ,2024-01
v2,1.0,Сегежский муниципальный округ,2024-10
v2,1.0,Седельниковский муниципальный район,2024-10
v2,1.0,Селемджинский муниципальный район,2024-10
v2,1.0,Селивановский муниципальный район,2023-10
v2,1.0,Селивановский муниципальный район,2024-01
v2,1.0,Селивановский муниципальный район,2024-10
v2,1.0,Серафимовичский муниципальный район,2023-10
v2,1.0,Серафимовичский муниципальный район,2024-01
v2,1.0,Серафимовичский муниципальный район,2024-10
v2,1.0,Сергачский муниципальный округ,2024-10
v2,1.0,Сергиевский муниципальный район,2024-10
v2,1.0,Сердобский муниципальный район,2023-10
v2,1.0,Сердобский муниципальный район,2024-01
v2,1.0,Сердобский муниципальный район,2024-10
v2,1.0,Сернурский муниципальный район,2023-10
v2,1.0,Сернурский муниципальный район,2024-01
v2,1.0,Сернурский муниципальный район,2024-10
v2,1.0,Серышевский муниципальный округ,2023-10
v2,1.0,Серышевский муниципальный округ,2024-01
v2,1.0,Серышевский муниципальный округ,2024-10
v2,1.0,Сеченовский муниципальный округ,2024-10
v2,1.0,Сковородинский муниципальный округ,2024-01
v2,1.0,Сковородинский муниципальный округ,2024-10
v2,1.0,Сладковский муниципальный район,2023-10
v2,1.0,Сладковский муниципальный район,2024-01
v2,1.0,Сладковский муниципальный район,2024-10
v2,1.0,Сланцевский муниципальный район,2024-02
v2,1.0,Сланцевский муниципальный район,2024-06
v2,1.0,Сланцевский муниципальный район,2024-10
v2,1.0,Слободо-Туринский муниципальный район,2023-10
v2,1.0,Слободо-Туринский муниципальный район,2024-01
v2,1.0,Слободо-Туринский муниципальный район,2024-10
v2,1.0,Слободской муниципальный район,2024-02
v2,1.0,Слободской муниципальный район,2024-05
v2,1.0,Слободской муниципальный район,2024-10
v2,1.0,Слюдянский муниципальный район,2023-10
v2,1.0,Слюдянский муниципальный район,2024-01
v2,1.0,Слюдянский муниципальный район,2024-10
v2,1.0,Смидовичский муниципальный район,2023-10
v2,1.0,Смидовичский муниципальный район,2024-01
v2,1.0,Смидовичский муниципальный район,2024-10
v2,1.0,Смоленский муниципальный район #1,2023-10
v2,1.0,Смоленский муниципальный район #1,2024-01
v2,1.0,Смоленский муниципальный район #1,2024-10
v2,1.0,Смоленский муниципальный район #2,2023-10
v2,1.0,Смоленский муниципальный район #2,2024-01
v2,1.0,Смоленский муниципальный район #2,2024-10
v2,1.0,Собинский муниципальный район,2023-10
v2,1.0,Собинский муниципальный район,2024-01
v2,1.0,Собинский муниципальный район,2024-10
v2,1.0,Соболевский муниципальный район,2024-01
v2,1.0,Соболевский муниципальный район,2024-06
v2,1.0,Советский муниципальный округ,2023-10
v2,1.0,Советский муниципальный округ,2024-01
v2,1.0,Советский муниципальный округ,2024-10
v2,1.0,Советский муниципальный район #1,2024-02
v2,1.0,Советский муниципальный район #1,2024-05
v2,1.0,Советский муниципальный район #1,2024-10
v2,1.0,Советский муниципальный район #2,2024-07
v2,1.0,Советский муниципальный район #2,2024-10
v2,1.0,Советский муниципальный район #3,2023-10
v2,1.0,Советский муниципальный район #3,2024-01
v2,1.0,Советский муниципальный район #3,2024-10
v2,1.0,Советский муниципальный район #4,2024-10
v2,1.0,Советский муниципальный район #5,2024-10
v2,1.0,Советско-Гаванский муниципальный район,2024-10
v2,1.0,Сокольский муниципальный округ,2023-10
v2,1.0,Сокольский муниципальный округ,2024-01
v2,1.0,Сокольский муниципальный округ,2024-10
v2,1.0,Солигаличский муниципальный округ,2024-01
v2,1.0,Солигаличский муниципальный округ,2024-10
v2,1.0,Солнечный муниципальный район,2023-10
v2,1.0,Солнечный муниципальный район,2024-01
v2,1.0,Солнечный муниципальный район,2024-10
v2,1.0,Солонешенский муниципальный район,2024-01
v2,1.0,Солонешенский муниципальный район,2024-10
v2,1.0,Солтонский муниципальный район,2024-10
v2,1.0,Сорокинский муниципальный район,2023-10
v2,1.0,Сорокинский муниципальный район,2024-01
v2,1.0,Сорокинский муниципальный район,2024-10
v2,1.0,Сортавальский муниципальный район,2024-10
v2,1.0,Сосновоборский муниципальный район,2023-10
v2,1.0,Сосновоборский муниципальный район,2024-01
v2,1.0,Сосновоборский муниципальный район,2024-10
v2,1.0,Сосновский муниципальный округ #1,2024-02
v2,1.0,Сосновский муниципальный округ #1,2024-05
v2,1.0,Сосновский муниципальный округ #1,2024-10
v2,1.0,Сосновский муниципальный округ #2,2024-10
v2,1.0,Сосновский муниципальный район,2023-10
v2,1.0,Сосновский муниципальный район,2024-01
v2,1.0,Сосновский муниципальный район,2024-10
v2,1.0,Спасский муниципальный округ,2024-10
v2,1.0,Спасский муниципальный район #1,2024-10
v2,1.0,Спасский муниципальный район #2,2024-10
v2,1.0,Спасский муниципальный район #3,2024-10
v2,1.0,Спасский муниципальный район #4,2023-10
v2,1.0,Спасский муниципальный район #4,2024-01
v2,1.0,Спасский муниципальный район #4,2024-10
v2,1.0,Среднеахтубинский муниципальный район,2023-10
v2,1.0,Среднеахтубинский муниципальный район,2024-01
v2,1.0,Среднеахтубинский муниципальный район,2024-10
v2,1.0,Среднеколымский муниципальный район,2024-10
v2,1.0,Сретенский муниципальный район,2023-10
v2,1.0,Сретенский муниципальный район,2024-01
v2,1.0,Сретенский муниципальный район,2024-10
v2,1.0,Ставропольский муниципальный район,2023-10
v2,1.0,Ставропольский муниципальный район,2024-01
v2,1.0,Ставропольский муниципальный район,2024-10
v2,1.0,Становлянский муниципальный район,2024-02
v2,1.0,Старожиловский муниципальный район,2024-02
v2,1.0,Старожиловский муниципальный район,2024-06
v2,1.0,Старожиловский муниципальный район,2024-10
v2,1.0,Старокулаткинский муниципальный район,2024-02
v2,1.0,Старокулаткинский муниципальный район,2024-05
v2,1.0,Старокулаткинский муниципальный район,2024-10
v2,1.0,Старомайнский муниципальный район,2024-10
v2,1.0,Старополтавский муниципальный район,2023-10
v2,1.0,Старополтавский муниципальный район,2024-01
v2,1.0,Старополтавский муниципальный район,2024-10
v2,1.0,Старорусский муниципальный район,2023-10
v2,1.0,Старорусский муниципальный район,2024-01
v2,1.0,Старорусский муниципальный район,2024-10
v2,1.0,Старошайговский муниципальный район,2024-02
v2,1.0,Старошайговский муниципальный район,2024-05
v2,1.0,Старошайговский муниципальный район,2024-10
v2,1.0,Староюрьевский муниципальный округ,2023-10
v2,1.0,Староюрьевский муниципальный округ,2024-01
v2,1.0,Староюрьевский муниципальный округ,2024-10
v2,1.0,Стерлибашевский муниципальный район,2023-10
v2,1.0,Стерлибашевский муниципальный район,2024-01
v2,1.0,Стерлибашевский муниципальный район,2024-10
v2,1.0,Стерлитамакский муниципальный район,2023-10
v2,1.0,Стерлитамакский муниципальный район,2024-01
v2,1.0,Стерлитамакский муниципальный район,2024-10
v2,1.0,Суворовский муниципальный район,2024-02
v2,1.0,Суворовский муниципальный район,2024-05
v2,1.0,Суворовский муниципальный район,2024-10
v2,1.0,Судиславский муниципальный район,2023-10
v2,1.0,Судиславский муниципальный район,2024-01
v2,1.0,Судиславский муниципальный район,2024-10
v2,1.0,Судогодский муниципальный район,2024-10
v2,1.0,Суздальский муниципальный район,2024-10
v2,1.0,Сузунский муниципальный район,2023-10
v2,1.0,Сузунский муниципальный район,2024-01
v2,1.0,Сузунский муниципальный район,2024-10
v2,1.0,Сунский муниципальный район,2024-10
v2,1.0,Сунтарский муниципальный район,2024-10
v2,1.0,Суоярвский муниципальный округ,2024-02
v2,1.0,Суоярвский муниципальный округ,2024-06
v2,1.0,Суоярвский муниципальный округ,2024-10
v2,1.0,Сургутский муниципальный район,2023-10
v2,1.0,Сургутский муниципальный район,2024-01
v2,1.0,Сургутский муниципальный район,2024-10
v2,1.0,Суровикинский муниципальный район,2024-10
v2,1.0,Сурский муниципальный район,2023-10
v2,1.0,Сурский муниципальный район,2024-01
v2,1.0,Сурский муниципальный район,2024-10
v2,1.0,Сусанинский муниципальный район,2023-10
v2,1.0,Сусанинский муниципальный район,2024-01
v2,1.0,Сусанинский муниципальный район,2024-10
v2,1.0,Сухиничский муниципальный район,2024-10
v2,1.0,Сухобузимский муниципальный район,2024-02
v2,1.0,Сухобузимский муниципальный район,2024-06
v2,1.0,Сухобузимский муниципальный район,2024-10
v2,1.0,Сызранский муниципальный район,2024-01
v2,1.0,Сызранский муниципальный район,2024-10
v2,1.0,Сыктывдинский муниципальный район,2024-01
v2,1.0,Сыктывдинский муниципальный район,2024-10
v2,1.0,Сысольский муниципальный район,2024-02
v2,1.0,Сысольский муниципальный район,2024-06
v2,1.0,Сысольский муниципальный район,2024-10
v2,1.0,Сычевский муниципальный район,2023-10
v2,1.0,Сычевский муниципальный район,2024-01
v2,1.0,Сычевский муниципальный район,2024-10
v2,1.0,Сямженский муниципальный округ,2024-02
v2,1.0,Сямженский муниципальный округ,2024-07
v2,1.0,Сямженский муниципальный округ,2024-10
v2,1.0,Таборинский муниципальный район,2023-10
v2,1.0,Таборинский муниципальный район,2024-01
v2,1.0,Таборинский муниципальный район,2024-10
v2,1.0,Табунский муниципальный район,2023-10
v2,1.0,Табунский муниципальный район,2024-01
v2,1.0,Табунский муниципальный район,2024-10
v2,1.0,Таврический муниципальный район,2023-10
v2,1.0,Таврический муниципальный район,2024-01
v2,1.0,Таврический муниципальный район,2024-10
v2,1.0,Таймырский Долгано-Ненецкий муниципальный район,2023-08
v2,1.0,Таймырский Долгано-Ненецкий муниципальный район,2024-02
v2,1.0,Таймырский Долгано-Ненецкий муниципальный район,2024-08
v2,1.0,Тайшетский муниципальный район,2024-10
v2,1.0,Тальменский муниципальный район,2024-10
v2,1.0,Тамалинский муниципальный район,2023-10
v2,1.0,Тамалинский муниципальный район,2024-01
v2,1.0,Тамалинский муниципальный район,2024-10
v2,1.0,Тарский муниципальный район,2024-10
v2,1.0,Тарусский муниципальный район,2024-02
v2,1.0,Тарусский муниципальный район,2024-05
v2,1.0,Тарусский муниципальный район,2024-10
v2,1.0,Тасеевский муниципальный район,2023-10
v2,1.0,Тасеевский муниципальный район,2024-01
v2,1.0,Тасеевский муниципальный район,2024-10
v2,1.0,Татарский муниципальный район,2024-10
v2,1.0,Татищевский муниципальный район,2023-10
v2,1.0,Татищевский муниципальный район,2024-01
v2,1.0,Татищевский муниципальный район,2024-10
v2,1.0,Татышлинский муниципальный район,2023-10
v2,1.0,Татышлинский муниципальный район,2024-01
v2,1.0,Татышлинский муниципальный район,2024-10
v2,1.0,Тахтамукайский муниципальный район,2024-01
v2,1.0,Тахтамукайский муниципальный район,2024-10
v2,1.0,Ташлинский муниципальный район,2023-10
v2,1.0,Ташлинский муниципальный район,2024-01
v2,1.0,Ташлинский муниципальный район,2024-10
v2,1.0,Таштагольский муниципальный район,2024-10
v2,1.0,Таштыпский муниципальный район,2024-10
v2,1.0,Тевризский муниципальный район,2023-10
v2,1.0,Тевризский муниципальный район,2024-01
v2,1.0,Тевризский муниципальный район,2024-10
v2,1.0,Тегульдетский муниципальный район,2024-10
v2,1.0,Тейковский муниципальный район,2023-10
v2,1.0,Тейковский муниципальный район,2024-01
v2,1.0,Темкинский муниципальный район,2023-10
v2,1.0,Темкинский муниципальный район,2024-01
v2,1.0,Темкинский муниципальный район,2024-05
v2,1.0,Темниковский муниципальный район,2023-10
v2,1.0,Темниковский муниципальный район,2024-01
v2,1.0,Темниковский муниципальный район,2024-10
v2,1.0,Теньгушевский муниципальный район,2023-10
v2,1.0,Теньгушевский муниципальный район,2024-01
v2,1.0,Теньгушевский муниципальный район,2024-10
v2,1.0,Тербунский муниципальный район,2023-10
v2,1.0,Тербунский муниципальный район,2024-01
v2,1.0,Тербунский муниципальный район,2024-10
v2,1.0,Тереньгульский муниципальный район,2023-10
v2,1.0,Тереньгульский муниципальный район,2024-01
v2,1.0,Тереньгульский муниципальный район,2024-10
v2,1.0,Тернейский муниципальный округ,2023-10
v2,1.0,Тернейский муниципальный округ,2024-01
v2,1.0,Тернейский муниципальный округ,2024-10
v2,1.0,Терский муниципальный район #1,2024-02
v2,1.0,Терский муниципальный район #1,2024-07
v2,1.0,Терский муниципальный район #1,2024-10
v2,1.0,Тетюшский муниципальный район,2023-10
v2,1.0,Тетюшский муниципальный район,2024-01
v2,1.0,Тетюшский муниципальный район,2024-10
v2,1.0,Теучежский муниципальный район,2023-10
v2,1.0,Теучежский муниципальный район,2024-01
v2,1.0,Теучежский муниципальный район,2024-10
v2,1.0,Тигильский муниципальный район,2023-08
v2,1.0,Тигильский муниципальный район,2024-02
v2,1.0,Тигильский муниципальный район,2024-08
v2,1.0,Тисульский муниципальный округ,2023-10
v2,1.0,Тисульский муниципальный округ,2024-01
v2,1.0,Тисульский муниципальный округ,2024-10
v2,1.0,Тихвинский муниципальный район,2023-10
v2,1.0,Тихвинский муниципальный район,2024-01
v2,1.0,Тихвинский муниципальный район,2024-10
v2,1.0,Тогульский муниципальный район,2023-10
v2,1.0,Тогульский муниципальный район,2024-01
v2,1.0,Тогульский муниципальный район,2024-10
v2,1.0,Тоджинский муниципальный район,2024-01
v2,1.0,Тоджинский муниципальный район,2024-10
v2,1.0,Токарёвский муниципальный округ,2023-10
v2,1.0,Токарёвский муниципальный округ,2024-01
v2,1.0,Токарёвский муниципальный округ,2024-10
v2,1.0,Томпонский муниципальный район,2023-09
v2,1.0,Томпонский муниципальный район,2023-12
v2,1.0,Томский муниципальный район,2024-01
v2,1.0,Томский муниципальный район,2024-10
v2,1.0,Тоншаевский муниципальный округ,2023-10
v2,1.0,Тоншаевский муниципальный округ,2024-02
v2,1.0,Тоншаевский муниципальный округ,2024-05
v2,1.0,Тоншаевский муниципальный округ,2024-10
v2,1.0,Топкинский муниципальный округ,2023-08
v2,1.0,Топкинский муниципальный округ,2024-02
v2,1.0,Топкинский муниципальный округ,2024-08
v2,1.0,Топчихинский муниципальный район,2023-10
v2,1.0,Топчихинский муниципальный район,2024-01
v2,1.0,Топчихинский муниципальный район,2024-10
v2,1.0,Торбеевский муниципальный район,2024-10
v2,1.0,Тосненский муниципальный район,2023-10
v2,1.0,Тосненский муниципальный район,2024-01
v2,1.0,Тосненский муниципальный район,2024-10
v2,1.0,Тотемский муниципальный округ,2024-02
v2,1.0,Тотемский муниципальный округ,2024-07
v2,1.0,Тотемский муниципальный округ,2024-10
v2,1.0,Тоцкий муниципальный район,2023-10
v2,1.0,Тоцкий муниципальный район,2024-01
v2,1.0,Тоцкий муниципальный район,2024-10
v2,1.0,Третьяковский муниципальный район,2024-02
v2,1.0,Третьяковский муниципальный район,2024-07
v2,1.0,Третьяковский муниципальный район,2024-10
v2,1.0,Троицкий муниципальный район,2024-10
v2,1.0,Троицко-Печорский муниципальный район,2024-10
v2,1.0,Троснянский муниципальный район,2024-10
v2,1.0,Труновский муниципальный округ,2023-10
v2,1.0,Труновский муниципальный округ,2024-01
v2,1.0,Труновский муниципальный округ,2024-10
v2,1.0,Туймазинский муниципальный район,2023-10
v2,1.0,Туймазинский муниципальный район,2024-01
v2,1.0,Туймазинский муниципальный район,2024-10
v2,1.0,Туркменский муниципальный округ,2024-10
v2,1.0,Турковский муниципальный район,2023-10
v2,1.0,Турковский муниципальный район,2024-01
v2,1.0,Турковский муниципальный район,2024-10
v2,1.0,Туруханский муниципальный район,2023-08
v2,1.0,Туруханский муниципальный район,2024-02
v2,1.0,Туруханский муниципальный район,2024-08
v2,1.0,Тутаевский муниципальный район,2023-10
v2,1.0,Тутаевский муниципальный район,2024-01
v2,1.0,Тутаевский муниципальный район,2024-10
v2,1.0,Тындинский муниципальный округ,2023-10
v2,1.0,Тындинский муниципальный округ,2024-01
v2,1.0,Тындинский муниципальный округ,2024-10
v2,1.0,Тюкалинский муниципальный район,2023-10
v2,1.0,Тюкалинский муниципальный район,2024-01
v2,1.0,Тюльганский муниципальный район,2023-10
v2,1.0,Тюльганский муниципальный район,2024-01
v2,1.0,Тюльганский муниципальный район,2024-10
v2,1.0,Тюлячинский муниципальный район,2023-06
v2,1.0,Тюлячинский муниципальный район,2023-11
v2,1.0,Тюменский муниципальный район,2024-01
v2,1.0,Тюменский муниципальный район,2024-10
v2,1.0,Тюменцевский муниципальный район,2024-01
v2,1.0,Тюменцевский муниципальный район,2024-10
v2,1.0,Тюхтетский муниципальный округ,2024-07
v2,1.0,Тюхтетский муниципальный округ,2024-10
v2,1.0,Тяжинский муниципальный округ,2024-10
v2,1.0,Убинский муниципальный район,2024-01
v2,1.0,Убинский муниципальный район,2024-10
v2,1.0,Уватский муниципальный район,2023-10
v2,1.0,Уватский муниципальный район,2024-01
v2,1.0,Уватский муниципальный район,2024-10
v2,1.0,Увельский муниципальный район,2023-10
v2,1.0,Увельский муниципальный район,2024-01
v2,1.0,Увельский муниципальный район,2024-10
v2,1.0,Угличский муниципальный район,2023-10
v2,1.0,Угличский муниципальный район,2024-01
v2,1.0,Угличский муниципальный район,2024-10
v2,1.0,Угранский муниципальный район,2024-10
v2,1.0,Удорский муниципальный район,2024-10
v2,1.0,Ужурский муниципальный район,2024-10
v2,1.0,Узловский муниципальный район,2023-10
v2,1.0,Узловский муниципальный район,2024-01
v2,1.0,Узловский муниципальный район,2024-10
v2,1.0,Уйский муниципальный район,2023-10
v2,1.0,Уйский муниципальный район,2024-01
v2,1.0,Уйский муниципальный район,2024-10
v2,1.0,Улаганский муниципальный район,2023-08
v2,1.0,Улаганский муниципальный район,2024-02
v2,1.0,Улаганский муниципальный район,2024-09
v2,1.0,Улуг-Хемский муниципальный район,2023-09
v2,1.0,Улуг-Хемский муниципальный район,2024-02
v2,1.0,Ульяновский муниципальный район #1,2024-10
v2,1.0,Ульяновский муниципальный район #2,2023-10
v2,1.0,Ульяновский муниципальный район #2,2024-01
v2,1.0,Ульяновский муниципальный район #2,2024-10
v2,1.0,Улётовский муниципальный район,2023-10
v2,1.0,Улётовский муниципальный район,2024-01
v2,1.0,Улётовский муниципальный район,2024-10
v2,1.0,Умётский муниципальный округ,2023-10
v2,1.0,Умётский муниципальный округ,2024-01
v2,1.0,Умётский муниципальный округ,2024-10
v2,1.0,Упоровский муниципальный район,2023-10
v2,1.0,Упоровский муниципальный район,2024-01
v2,1.0,Упоровский муниципальный район,2024-10
v2,1.0,Уренский муниципальный округ,2024-10
v2,1.0,Уржумский муниципальный район,2023-09
v2,1.0,Уржумский муниципальный район,2024-02
v2,1.0,Уржумский муниципальный район,2024-05
v2,1.0,Уржумский муниципальный район,2024-10
v2,1.0,Урицкий муниципальный район,2024-10
v2,1.0,Урмарский муниципальный округ,2023-10
v2,1.0,Урмарский муниципальный округ,2024-01
v2,1.0,Урмарский муниципальный округ,2024-10
v2,1.0,Урупский муниципальный район,2024-10
v2,1.0,Усвятский муниципальный район,2023-07
v2,1.0,Усвятский муниципальный район,2024-02
v2,1.0,Усвятский муниципальный район,2024-06
v2,1.0,Усвятский муниципальный район,2024-10
v2,1.0,Усманский муниципальный район,2023-10
v2,1.0,Усманский муниципальный район,2024-01
v2,1.0,Усманский муниципальный район,2024-10
v2,1.0,Усольский муниципальный район,2023-10
v2,1.0,Усольский муниципальный район,2024-01
v2,1.0,Усольский муниципальный район,2024-10
v2,1.0,Усть-Абаканский муниципальный район,2023-10
v2,1.0,Усть-Абаканский муниципальный район,2024-01
v2,1.0,Усть-Абаканский муниципальный район,2024-10
v2,1.0,Усть-Большерецкий муниципальный район,2024-01
v2,1.0,Усть-Большерецкий муниципальный район,2024-06
v2,1.0,Усть-Джегутинский муниципальный район,2023-09
v2,1.0,Усть-Джегутинский муниципальный район,2024-02
v2,1.0,Усть-Илимский муниципальный район,2023-10
v2,1.0,Усть-Илимский муниципальный район,2024-01
v2,1.0,Усть-Илимский муниципальный район,2024-10
v2,1.0,Усть-Ишимский муниципальный район,2023-10
v2,1.0,Усть-Ишимский муниципальный район,2024-01
v2,1.0,Усть-Калманский муниципальный район,2024-01
v2,1.0,Усть-Калманский муниципальный район,2024-10
v2,1.0,Усть-Канский муниципальный район,2023-09
v2,1.0,Усть-Канский муниципальный район,2024-02
v2,1.0,Усть-Коксинский муниципальный район,2023-09
v2,1.0,Усть-Коксинский муниципальный район,2024-02
v2,1.0,Усть-Кубинский муниципальный округ,2023-10
v2,1.0,Усть-Кубинский муниципальный округ,2024-01
v2,1.0,Усть-Кубинский муниципальный округ,2024-10
v2,1.0,Усть-Кутский муниципальный район,2024-01
v2,1.0,Усть-Кутский муниципальный район,2024-10
v2,1.0,Усть-Майский муниципальный район,2023-10
v2,1.0,Усть-Майский муниципальный район,2024-01
v2,1.0,Усть-Майский муниципальный район,2024-10
v2,1.0,Усть-Пристанский муниципальный район,2023-08
v2,1.0,Усть-Пристанский муниципальный район,2024-02
v2,1.0,Усть-Пристанский муниципальный район,2024-07
v2,1.0,Усть-Пристанский муниципальный район,2024-10
v2,1.0,Усть-Таркский муниципальный район,2023-10
v2,1.0,Усть-Таркский муниципальный район,2024-01
v2,1.0,Усть-Таркский муниципальный район,2024-10
v2,1.0,Усть-Удинский муниципальный район,2023-10
v2,1.0,Усть-Удинский муниципальный район,2024-01
v2,1.0,Усть-Удинский муниципальный район,2024-10
v2,1.0,Усть-Янский муниципальный район,2023-08
v2,1.0,Устьянский муниципальный округ,2024-02
v2,1.0,Устьянский муниципальный округ,2024-06
v2,1.0,Устьянский муниципальный округ,2024-10
v2,1.0,Устюженский муниципальный округ,2023-10
v2,1.0,Устюженский муниципальный округ,2024-01
v2,1.0,Устюженский муниципальный округ,2024-10
v2,1.0,Уфимский муниципальный район,2024-01
v2,1.0,Уфимский муниципальный район,2024-10
v2,1.0,Учалинский муниципальный район,2023-10
v2,1.0,Учалинский муниципальный район,2024-01
v2,1.0,Учалинский муниципальный район,2024-10
v2,1.0,Федоровский муниципальный район #1,2023-10
v2,1.0,Федоровский муниципальный район #1,2024-01
v2,1.0,Федоровский муниципальный район #2,2023-10
v2,1.0,Федоровский муниципальный район #2,2024-01
v2,1.0,Федоровский муниципальный район #2,2024-10
v2,1.0,Ферзиковский муниципальный район,2023-10
v2,1.0,Ферзиковский муниципальный район,2024-01
v2,1.0,Ферзиковский муниципальный район,2024-10
v2,1.0,Фурмановский муниципальный район,2023-10
v2,1.0,Фурмановский муниципальный район,2024-01
v2,1.0,Фурмановский муниципальный район,2024-10
v2,1.0,Хабаровский муниципальный район,2023-10
v2,1.0,Хабаровский муниципальный район,2024-01
v2,1.0,Хабаровский муниципальный район,2024-10
v2,1.0,Хабарский муниципальный район,2023-10
v2,1.0,Хабарский муниципальный район,2024-01
v2,1.0,Хабарский муниципальный район,2024-10
v2,1.0,Хабезский муниципальный район,2024-01
v2,1.0,Хабезский муниципальный район,2024-10
v2,1.0,Хайбуллинский муниципальный район,2023-10
v2,1.0,Хайбуллинский муниципальный район,2024-01
v2,1.0,Хайбуллинский муниципальный район,2024-10
v2,1.0,Ханкайский муниципальный округ,2023-10
v2,1.0,Ханкайский муниципальный округ,2024-01
v2,1.0,Ханкайский муниципальный округ,2024-10
v2,1.0,Ханты-Мансийский муниципальный район,2023-10
v2,1.0,Ханты-Мансийский муниципальный район,2024-01
v2,1.0,Ханты-Мансийский муниципальный район,2024-10
v2,1.0,Харабалинский муниципальный район,2023-10
v2,1.0,Харабалинский муниципальный район,2024-01
v2,1.0,Харабалинский муниципальный район,2024-10
v2,1.0,Харовский муниципальный округ,2023-10
v2,1.0,Харовский муниципальный округ,2024-01
v2,1.0,Харовский муниципальный округ,2024-10
v2,1.0,Хасанский муниципальный округ,2023-10
v2,1.0,Хасанский муниципальный округ,2024-01
v2,1.0,Хасанский муниципальный округ,2024-10
v2,1.0,Хвастовичский муниципальный район,2024-10
v2,1.0,Хворостянский муниципальный район,2023-10
v2,1.0,Хворостянский муниципальный район,2024-01
v2,1.0,Хворостянский муниципальный район,2024-10
v2,1.0,Хилокский муниципальный район,2023-10
v2,1.0,Хилокский муниципальный район,2024-01
v2,1.0,Хилокский муниципальный район,2024-10
v2,1.0,Хлевенский муниципальный район,2023-10
v2,1.0,Хлевенский муниципальный район,2024-01
v2,1.0,Хлевенский муниципальный район,2024-10
v2,1.0,Холм-Жирковский муниципальный район,2024-10
v2,1.0,Холмогорский муниципальный округ,2023-10
v2,1.0,Холмогорский муниципальный округ,2024-01
v2,1.0,Холмогорский муниципальный округ,2024-10
v2,1.0,Холмский муниципальный район,2024-04
v2,1.0,Холмский муниципальный район,2024-10
v2,1.0,Хорольский муниципальный округ,2023-10
v2,1.0,Хорольский муниципальный округ,2024-01
v2,1.0,Хорольский муниципальный округ,2024-10
v2,1.0,Хотынецкий муниципальный район,2023-12
v2,1.0,Хотынецкий муниципальный район,2024-04
v2,1.0,Целинный муниципальный округ,2023-10
v2,1.0,Целинный муниципальный округ,2024-01
v2,1.0,Целинный муниципальный округ,2024-10
v2,1.0,Целинный муниципальный район #1,2024-10
v2,1.0,Цивильский муниципальный округ,2023-10
v2,1.0,Цивильский муниципальный округ,2024-01
v2,1.0,Цивильский муниципальный округ,2024-10
v2,1.0,Чагодощенский муниципальный округ,2023-10
v2,1.0,Чагодощенский муниципальный округ,2024-01
v2,1.0,Чагодощенский муниципальный округ,2024-10
v2,1.0,Чаинский муниципальный район,2024-10
v2,1.0,Чамзинский муниципальный район,2024-02
v2,1.0,Чамзинский муниципальный район,2024-05
v2,1.0,Чамзинский муниципальный район,2024-10
v2,1.0,Чановский муниципальный район,2023-09
v2,1.0,Чановский муниципальный район,2024-02
v2,1.0,Чаплыгинский муниципальный район,2023-10
v2,1.0,Чаплыгинский муниципальный район,2024-01
v2,1.0,Чаплыгинский муниципальный район,2024-10
v2,1.0,Частоозерский муниципальный округ,2024-10
v2,1.0,Чебаркульский муниципальный район,2023-10
v2,1.0,Чебаркульский муниципальный район,2024-01
v2,1.0,Чебаркульский муниципальный район,2024-10
v2,1.0,Чебоксарский муниципальный округ,2023-10
v2,1.0,Чебоксарский муниципальный округ,2024-01
v2,1.0,Чебоксарский муниципальный округ,2024-10
v2,1.0,Чеди-Хольский муниципальный район,2023-07
v2,1.0,Чеди-Хольский муниципальный район,2023-10
v2,1.0,Чеди-Хольский муниципальный район,2024-01
v2,1.0,Чекмагушевский муниципальный район,2023-10
v2,1.0,Чекмагушевский муниципальный район,2024-01
v2,1.0,Чекмагушевский муниципальный район,2024-10
v2,1.0,Челно-Вершинский муниципальный район,2024-02
v2,1.0,Челно-Вершинский муниципальный район,2024-05
v2,1.0,Челно-Вершинский муниципальный район,2024-10
v2,1.0,Чемальский муниципальный район,2023-09
v2,1.0,Чемальский муниципальный район,2024-02
v2,1.0,Чемальский муниципальный район,2024-08
v2,1.0,Чердаклинский муниципальный район,2024-10
v2,1.0,Черемховский муниципальный район,2024-10
v2,1.0,Черемшанский муниципальный район,2023-10
v2,1.0,Черемшанский муниципальный район,2024-01
v2,1.0,Черемшанский муниципальный район,2024-10
v2,1.0,Черепановский муниципальный район,2023-10
v2,1.0,Черепановский муниципальный район,2024-01
v2,1.0,Черепановский муниципальный район,2024-10
v2,1.0,Череповецкий муниципальный район,2023-10
v2,1.0,Череповецкий муниципальный район,2024-01
v2,1.0,Череповецкий муниципальный район,2024-10
v2,1.0,Черниговский муниципальный округ,2023-10
v2,1.0,Черниговский муниципальный округ,2024-01
v2,1.0,Черниговский муниципальный округ,2024-10
v2,1.0,Черноярский муниципальный район,2024-02
v2,1.0,Черноярский муниципальный район,2024-05
v2,1.0,Черноярский муниципальный район,2024-10
v2,1.0,Чернский муниципальный район,2023-10
v2,1.0,Чернский муниципальный район,2024-01
v2,1.0,Чернский муниципальный район,2024-10
v2,1.0,Чернышевский муниципальный район,2024-10
v2,1.0,Чесменский муниципальный район,2023-10
v2,1.0,Чесменский муниципальный район,2024-01
v2,1.0,Чесменский муниципальный район,2024-10
v2,1.0,Чистоозерный муниципальный район,2023-10
v2,1.0,Чистоозерный муниципальный район,2024-01
v2,1.0,Чистоозерный муниципальный район,2024-10
v2,1.0,Чистопольский муниципальный район,2023-10
v2,1.0,Чистопольский муниципальный район,2024-01
v2,1.0,Чистопольский муниципальный район,2024-10
v2,1.0,Читинский муниципальный район,2023-10
v2,1.0,Читинский муниципальный район,2024-01
v2,1.0,Читинский муниципальный район,2024-10
v2,1.0,Чишминский муниципальный район,2023-10
v2,1.0,Чишминский муниципальный район,2024-01
v2,1.0,Чишминский муниципальный район,2024-10
v2,1.0,Чойский муниципальный район,2024-02
v2,1.0,Чугуевский муниципальный округ,2024-10
v2,1.0,Чудовский муниципальный район,2024-02
v2,1.0,Чудовский муниципальный район,2024-05
v2,1.0,Чудовский муниципальный район,2024-10
v2,1.0,Чулымский муниципальный район,2023-10
v2,1.0,Чулымский муниципальный район,2024-01
v2,1.0,Чулымский муниципальный район,2024-10
v2,1.0,Чурапчинский муниципальный район,2023-10
v2,1.0,Чурапчинский муниципальный район,2024-01
v2,1.0,Чурапчинский муниципальный район,2024-10
v2,1.0,Чухломский муниципальный район,2023-10
v2,1.0,Чухломский муниципальный район,2024-01
v2,1.0,Чухломский муниципальный район,2024-10
v2,1.0,Чучковский муниципальный район,2024-02
v2,1.0,Чучковский муниципальный район,2024-07
v2,1.0,Чучковский муниципальный район,2024-10
v2,1.0,Шабалинский муниципальный район,2024-10
v2,1.0,Шаблыкинский муниципальный район,2024-10
v2,1.0,Шаранский муниципальный район,2023-10
v2,1.0,Шаранский муниципальный район,2024-01
v2,1.0,Шаранский муниципальный район,2024-10
v2,1.0,Шарлыкский муниципальный район,2024-02
v2,1.0,Шарлыкский муниципальный район,2024-05
v2,1.0,Шарлыкский муниципальный район,2024-10
v2,1.0,Шарьинский муниципальный район,2023-10
v2,1.0,Шарьинский муниципальный район,2024-01
v2,1.0,Шарьинский муниципальный район,2024-10
v2,1.0,Шатковский муниципальный округ,2024-10
v2,1.0,Шатровский муниципальный округ,2023-10
v2,1.0,Шатровский муниципальный округ,2024-01
v2,1.0,Шатровский муниципальный округ,2024-10
v2,1.0,Шацкий муниципальный район,2024-10
v2,1.0,Шекснинский муниципальный район,2023-10
v2,1.0,Шекснинский муниципальный район,2024-01
v2,1.0,Шекснинский муниципальный район,2024-10
v2,1.0,Шелеховский муниципальный район,2023-10
v2,1.0,Шелеховский муниципальный район,2024-01
v2,1.0,Шелеховский муниципальный район,2024-10
v2,1.0,Шемуршинский муниципальный округ,2024-10
v2,1.0,Шенталинский муниципальный район,2023-10
v2,1.0,Шенталинский муниципальный район,2024-01
v2,1.0,Шенталинский муниципальный район,2024-10
v2,1.0,Шербакульский муниципальный район,2024-10
v2,1.0,Шигонский муниципальный район,2024-10
v2,1.0,Шилкинский муниципальный район,2024-10
v2,1.0,Шиловский муниципальный район,2024-10
v2,1.0,Шимановский муниципальный округ,2024-10
v2,1.0,Шимский муниципальный район,2023-10
v2,1.0,Шимский муниципальный район,2024-01
v2,1.0,Шимский муниципальный район,2024-10
v2,1.0,Шипуновский муниципальный район,2024-10
v2,1.0,Шкотовский муниципальный округ,2023-10
v2,1.0,Шкотовский муниципальный округ,2024-01
v2,1.0,Шкотовский муниципальный округ,2024-10
v2,1.0,Шпаковский муниципальный округ,2023-10
v2,1.0,Шпаковский муниципальный округ,2024-01
v2,1.0,Шпаковский муниципальный округ,2024-10
v2,1.0,Шумячский муниципальный район,2023-10
v2,1.0,Шумячский муниципальный район,2024-01
v2,1.0,Шумячский муниципальный район,2024-10
v2,1.0,Шушенский муниципальный район,2023-10
v2,1.0,Шушенский муниципальный район,2024-01
v2,1.0,Шушенский муниципальный район,2024-10
v2,1.0,Щекинский муниципальный район,2024-01
v2,1.0,Щекинский муниципальный район,2024-10
v2,1.0,Щучанский муниципальный округ,2023-10
v2,1.0,Щучанский муниципальный округ,2024-01
v2,1.0,Щучанский муниципальный округ,2024-10
v2,1.0,Эвенкийский муниципальный район,2023-08
v2,1.0,Эвенкийский муниципальный район,2024-02
v2,1.0,Эвенкийский муниципальный район,2024-08
v2,1.0,Энгельсский муниципальный район,2023-10
v2,1.0,Энгельсский муниципальный район,2024-01
v2,1.0,Энгельсский муниципальный район,2024-10
v2,1.0,Южский муниципальный район,2024-10
v2,1.0,Юргамышский муниципальный округ,2023-10
v2,1.0,Юргамышский муниципальный округ,2024-01
v2,1.0,Юргамышский муниципальный округ,2024-10
v2,1.0,Юргинский муниципальный район,2024-10
v2,1.0,Юринский муниципальный район,2024-02
v2,1.0,Юринский муниципальный район,2024-05
v2,1.0,Юринский муниципальный район,2024-10
v2,1.0,Юрьев-Польский муниципальный район,2023-10
v2,1.0,Юрьев-Польский муниципальный район,2024-01
v2,1.0,Юрьев-Польский муниципальный район,2024-10
v2,1.0,Юрьянский муниципальный район,2023-10
v2,1.0,Юрьянский муниципальный район,2024-01
v2,1.0,Юрьянский муниципальный район,2024-10
v2,1.0,Юстинский муниципальный район,2023-06
v2,1.0,Юстинский муниципальный район,2023-09
v2,1.0,Юстинский муниципальный район,2024-03
v2,1.0,Ютазинский муниципальный район,2023-06
v2,1.0,Ютазинский муниципальный район,2023-10
v2,1.0,Ютазинский муниципальный район,2024-01
v2,1.0,Ютазинский муниципальный район,2024-10
v2,1.0,Юхновский муниципальный район,2024-10
v2,1.0,Ядринский муниципальный округ,2024-10
v2,1.0,Яковлевский муниципальный округ,2024-10
v2,1.0,Яльчикский муниципальный округ,2024-02
v2,1.0,Яльчикский муниципальный округ,2024-07
v2,1.0,Яльчикский муниципальный округ,2024-10
v2,1.0,Янаульский муниципальный район,2023-10
v2,1.0,Янаульский муниципальный район,2024-01
v2,1.0,Янаульский муниципальный район,2024-10
v2,1.0,Янтиковский муниципальный округ,2024-02
v2,1.0,Янтиковский муниципальный округ,2024-06
v2,1.0,Янтиковский муниципальный округ,2024-10
v2,1.0,Яранский муниципальный район,2024-10
v2,1.0,Ярковский муниципальный район,2023-10
v2,1.0,Ярковский муниципальный район,2024-01
v2,1.0,Ярковский муниципальный район,2024-10
v2,1.0,Ярославский муниципальный район,2023-10
v2,1.0,Ярославский муниципальный район,2024-01
v2,1.0,Ярославский муниципальный район,2024-10
v2,1.0,Ярцевский муниципальный район,2023-10
v2,1.0,Ярцевский муниципальный район,2024-01
v2,1.0,Ярцевский муниципальный район,2024-10
v2,1.0,Ясногорский муниципальный район,2023-10
v2,1.0,Ясногорский муниципальный район,2024-01
v2,1.0,Ясногорский муниципальный район,2024-10
v2,1.0,Яшалтинский муниципальный район,2024-06
v2,1.0,Яшалтинский муниципальный район,2024-09
v2,1.0,Яшкульский муниципальный район,2024-04
v2,1.0,Яшкульский муниципальный район,2024-10
v2,1.0,внутригородская территория города федерального значения  Александровский муниципальный округ,2023-10
v2,1.0,внутригородская территория города федерального значения  Александровский муниципальный округ,2024-01
v2,1.0,внутригородская территория города федерального значения  Александровский муниципальный округ,2024-10
v2,1.0,внутригородская территория города федерального значения город Зеленогорск,2024-01
v2,1.0,внутригородская территория города федерального значения город Зеленогорск,2024-10
v2,1.0,внутригородская территория города федерального значения город Колпино,2023-10
v2,1.0,внутригородская территория города федерального значения город Колпино,2024-01
v2,1.0,внутригородская территория города федерального значения город Колпино,2024-10
v2,1.0,внутригородская территория города федерального значения город Красное Село,2023-10
v2,1.0,внутригородская территория города федерального значения город Красное Село,2024-01
v2,1.0,внутригородская территория города федерального значения город Красное Село,2024-10
v2,1.0,внутригородская территория города федерального значения город Кронштадт,2023-10
v2,1.0,внутригородская территория города федерального значения город Кронштадт,2024-01
v2,1.0,внутригородская территория города федерального значения город Кронштадт,2024-10
v2,1.0,внутригородская территория города федерального значения город Ломоносов,2023-10
v2,1.0,внутригородская территория города федерального значения город Ломоносов,2024-01
v2,1.0,внутригородская территория города федерального значения город Ломоносов,2024-10
v2,1.0,внутригородская территория города федерального значения город Павловск,2023-10
v2,1.0,внутригородская территория города федерального значения город Павловск,2024-01
v2,1.0,внутригородская территория города федерального значения город Павловск,2024-10
v2,1.0,внутригородская территория города федерального значения город Петергоф,2023-10
v2,1.0,внутригородская территория города федерального значения город Петергоф,2024-01
v2,1.0,внутригородская территория города федерального значения город Петергоф,2024-10
v2,1.0,внутригородская территория города федерального значения город Пушкин,2023-10
v2,1.0,внутригородская территория города федерального значения город Пушкин,2024-01
v2,1.0,внутригородская территория города федерального значения город Пушкин,2024-10
v2,1.0,внутригородская территория города федерального значения город Сестрорецк,2024-01
v2,1.0,внутригородская территория города федерального значения город Сестрорецк,2024-10
v2,1.0,внутригородская территория города федерального значения городской округ Троицк,2023-10
v2,1.0,внутригородская территория города федерального значения городской округ Троицк,2024-01
v2,1.0,внутригородская территория города федерального значения городской округ Троицк,2024-10
v2,1.0,внутригородская территория города федерального значения городской округ Щербинка,2024-01
v2,1.0,внутригородская территория города федерального значения городской округ Щербинка,2024-10
v2,1.0,внутригородская территория города федерального значения муниципальное образование Савелки,2023-10
v2,1.0,внутригородская территория города федерального значения муниципальное образование Савелки,2024-01
v2,1.0,внутригородская территория города федерального значения муниципальное образование Савелки,2024-10
v2,1.0,внутригородская территория города федерального значения муниципальный округ Автово,2023-10
v2,1.0,внутригородская территория города федерального значения муниципальный округ Автово,2024-01
v2,1.0,внутригородская территория города федерального значения муниципальный округ Автово,2024-10
v2,1.0,внутригородская территория города федерального значения муниципальный округ Адмиралтейский округ,2023-10
v2,1.0,внутригородская территория города федерального значения муниципальный округ Адмиралтейский округ,2024-01
v2,1.0,внутригородская территория города федерального значения муниципальный округ Адмиралтейский округ,2024-10
v2,1.0,внутригородская территория города федерального значения муниципальный округ Академический,2023-10
v2,1.0,внутригородская территория города федерального значения муниципальный округ Академический,2024-01
v2,1.0,внутригородская территория города федерального значения муниципальный округ Академический,2024-10
v2,1.0,внутригородская территория города федерального значения муниципальный округ Академическое,2023-10
v2,1.0,внутригородская территория города федерального значения муниципальный округ Академическое,2024-01
v2,1.0,внутригородская территория города федерального значения муниципальный округ Академическое,2024-10
v2,1.0,внутригородская территория города федерального значения муниципальный округ Алексеевский,2023-10
v2,1.0,внутригородская территория города федерального значения муниципальный округ Алексеевский,2024-01
v2,1.0,внутригородская территория города федерального значения муниципальный округ Алексеевский,2024-10
v2,1.0,внутригородская территория города федерального значения муниципальный округ Алтуфьевский,2024-01
v2,1.0,внутригородская территория города федерального значения муниципальный округ Алтуфьевский,2024-10
v2,1.0,внутригородская территория города федерального значения муниципальный округ Аптекарский остров,2024-01
v2,1.0,внутригородская территория города федерального значения муниципальный округ Аптекарский остров,2024-10
v2,1.0,внутригородская территория города федерального значения муниципальный округ Арбат,2024-01
v2,1.0,внутригородская территория города федерального значения муниципальный округ Арбат,2024-10
v2,1.0,внутригородская территория города федерального значения муниципальный округ Аэропорт,2024-01
v2,1.0,внутригородская территория города федерального значения муниципальный округ Аэропорт,2024-10
v2,1.0,внутригородская территория города федерального значения муниципальный округ Бабушкинский,2023-10
v2,1.0,внутригородская территория города федерального значения муниципальный округ Бабушкинский,2024-01
v2,1.0,внутригородская территория города федерального значения муниципальный округ Бабушкинский,2024-10
v2,1.0,внутригородская территория города федерального значения муниципальный округ Балканский,2023-10
v2,1.0,внутригородская территория города федерального значения муниципальный округ Балканский,2024-01
v2,1.0,внутригородская территория города федерального значения муниципальный округ Балканский,2024-10
v2,1.0,внутригородская территория города федерального значения муниципальный округ Басманный,2024-01
v2,1.0,внутригородская территория города федерального значения муниципальный округ Басманный,2024-10
v2,1.0,внутригородская территория города федерального значения муниципальный округ Беговой,2023-10
v2,1.0,внутригородская территория города федерального значения муниципальный округ Беговой,2024-01
v2,1.0,внутригородская территория города федерального значения муниципальный округ Беговой,2024-10
v2,1.0,внутригородская территория города федерального значения муниципальный округ Бескудниковский,2023-10
v2,1.0,внутригородская территория города федерального значения муниципальный округ Бескудниковский,2024-01
v2,1.0,внутригородская территория города федерального значения муниципальный округ Бескудниковский,2024-10
v2,1.0,внутригородская территория города федерального значения муниципальный округ Бибирево,2024-01
v2,1.0,внутригородская территория города федерального значения муниципальный округ Бибирево,2024-10
v2,1.0,внутригородская территория города федерального значения муниципальный округ Бирюлево Восточное,2024-01
v2,1.0,внутригородская территория города федерального значения муниципальный округ Бирюлево Восточное,2024-10
v2,1.0,внутригородская территория города федерального значения муниципальный округ Бирюлево Западное,2024-01
v2,1.0,внутригородская территория города федерального значения муниципальный округ Бирюлево Западное,2024-10
v2,1.0,внутригородская территория города федерального значения муниципальный округ Богородское,2024-01
v2,1.0,внутригородская территория города федерального значения муниципальный округ Богородское,2024-10
v2,1.0,внутригородская территория города федерального значения муниципальный округ Большая Охта,2023-10
v2,1.0,внутригородская территория города федерального значения муниципальный округ Большая Охта,2024-01
v2,1.0,внутригородская территория города федерального значения муниципальный округ Большая Охта,2024-10
v2,1.0,внутригородская территория города федерального значения муниципальный округ Братеево,2024-01
v2,1.0,внутригородская территория города федерального значения муниципальный округ Братеево,2024-10
v2,1.0,внутригородская территория города федерального значения муниципальный округ Бутырский,2024-01
v2,1.0,внутригородская территория города федерального значения муниципальный округ Бутырский,2024-10
v2,1.0,внутригородская территория города федерального значения муниципальный округ Васильевский,2023-10
v2,1.0,внутригородская территория города федерального значения муниципальный округ Васильевский,2024-01
v2,1.0,внутригородская территория города федерального значения муниципальный округ Васильевский,2024-10
v2,1.0,внутригородская территория города федерального значения муниципальный округ Введенский,2023-10
v2,1.0,внутригородская территория города федерального значения муниципальный округ Введенский,2024-01
v2,1.0,внутригородская территория города федерального значения муниципальный округ Введенский,2024-10
v2,1.0,внутригородская территория города федерального значения муниципальный округ Вешняки,2024-01
v2,1.0,внутригородская территория города федерального значения муниципальный округ Вешняки,2024-10
v2,1.0,внутригородская территория города федерального значения муниципальный округ Владимирский округ,2023-10
v2,1.0,внутригородская территория города федерального значения муниципальный округ Владимирский округ,2024-01
v2,1.0,внутригородская территория города федерального значения муниципальный округ Владимирский округ,2024-10
v2,1.0,внутригородская территория города федерального значения муниципальный округ Внуково,2023-10
v2,1.0,внутригородская территория города федерального значения муниципальный округ Внуково,2024-01
v2,1.0,внутригородская территория города федерального значения муниципальный округ Внуково,2024-10
v2,1.0,внутригородская территория города федерального значения муниципальный округ Войковский,2024-01
v2,1.0,внутригородская территория города федерального значения муниципальный округ Войковский,2024-10
v2,1.0,внутригородская территория города федерального значения муниципальный округ Волковское,2023-10
v2,1.0,внутригородская территория города федерального значения муниципальный округ Волковское,2024-01
v2,1.0,внутригородская территория города федерального значения муниципальный округ Волковское,2024-10
v2,1.0,внутригородская территория города федерального значения муниципальный округ Восточное Дегунино,2023-10
v2,1.0,внутригородская территория города федерального значения муниципальный округ Восточное Дегунино,2024-01
v2,1.0,внутригородская территория города федерального значения муниципальный округ Восточное Дегунино,2024-10
v2,1.0,внутригородская территория города федерального значения муниципальный округ Восточное Измайлово,2024-01
v2,1.0,внутригородская территория города федерального значения муниципальный округ Восточное Измайлово,2024-10
v2,1.0,внутригородская территория города федерального значения муниципальный округ Восточный,2024-01
v2,1.0,внутригородская территория города федерального значения муниципальный округ Восточный,2024-10
v2,1.0,внутригородская территория города федерального значения муниципальный округ Выхино-Жулебино,2024-01
v2,1.0,внутригородская территория города федерального значения муниципальный округ Выхино-Жулебино,2024-10
v2,1.0,внутригородская территория города федерального значения муниципальный округ Гавань,2023-10
v2,1.0,внутригородская территория города федерального значения муниципальный округ Гавань,2024-01
v2,1.0,внутригородская территория города федерального значения муниципальный округ Гавань,2024-10
v2,1.0,внутригородская территория города федерального значения муниципальный округ Гагаринский,2024-01
v2,1.0,внутригородская территория города федерального значения муниципальный округ Гагаринский,2024-10
v2,1.0,внутригородская территория города федерального значения муниципальный округ Гагаринское,2023-10
v2,1.0,внутригородская территория города федерального значения муниципальный округ Гагаринское,2024-01
v2,1.0,внутригородская территория города федерального значения муниципальный округ Гагаринское,2024-10
v2,1.0,внутригородская территория города федерального значения муниципальный округ Георгиевский,2023-10
v2,1.0,внутригородская территория города федерального значения муниципальный округ Георгиевский,2024-01
v2,1.0,внутригородская территория города федерального значения муниципальный округ Георгиевский,2024-10
v2,1.0,внутригородская территория города федерального значения муниципальный округ Головинский,2024-01
v2,1.0,внутригородская территория города федерального значения муниципальный округ Головинский,2024-10
v2,1.0,внутригородская территория города федерального значения муниципальный округ Гольяново,2024-01
v2,1.0,внутригородская территория города федерального значения муниципальный округ Гольяново,2024-10
v2,1.0,внутригородская территория города федерального значения муниципальный округ Горелово,2023-10
v2,1.0,внутригородская территория города федерального значения муниципальный округ Горелово,2024-01
v2,1.0,внутригородская территория города федерального значения муниципальный округ Горелово,2024-10
v2,1.0,внутригородская территория города федерального значения муниципальный округ Гражданка,2023-10
v2,1.0,внутригородская территория города федерального значения муниципальный округ Гражданка,2024-01
v2,1.0,внутригородская территория города федерального значения муниципальный округ Гражданка,2024-10
v2,1.0,внутригородская территория города федерального значения муниципальный округ Даниловский,2023-10
v2,1.0,внутригородская территория города федерального значения муниципальный округ Даниловский,2024-01
v2,1.0,внутригородская территория города федерального значения муниципальный округ Даниловский,2024-10
v2,1.0,внутригородская территория города федерального значения муниципальный округ Дачное,2023-10
v2,1.0,внутригородская территория города федерального значения муниципальный округ Дачное,2024-01
v2,1.0,внутригородская территория города федерального значения муниципальный округ Дачное,2024-10
v2,1.0,внутригородская территория города федерального значения муниципальный округ Дворцовый округ,2023-09
v2,1.0,внутригородская территория города федерального значения муниципальный округ Дворцовый округ,2024-02
v2,1.0,внутригородская территория города федерального значения муниципальный округ Дворцовый округ,2024-06
v2,1.0,внутригородская территория города федерального значения муниципальный округ Дворцовый округ,2024-10
v2,1.0,внутригородская территория города федерального значения муниципальный округ Дмитровский,2023-10
v2,1.0,внутригородская территория города федерального значения муниципальный округ Дмитровский,2024-01
v2,1.0,внутригородская территория города федерального значения муниципальный округ Дмитровский,2024-10
v2,1.0,внутригородская территория города федерального значения муниципальный округ Донской,2023-10
v2,1.0,внутригородская территория города федерального значения муниципальный округ Донской,2024-01
v2,1.0,внутригородская территория города федерального значения муниципальный округ Донской,2024-10
v2,1.0,внутригородская территория города федерального значения муниципальный округ Дорогомилово,2023-10
v2,1.0,внутригородская территория города федерального значения муниципальный округ Дорогомилово,2024-01
v2,1.0,внутригородская территория города федерального значения муниципальный округ Дорогомилово,2024-10
v2,1.0,внутригородская территория города федерального значения муниципальный округ Екатерингофский,2023-10
v2,1.0,внутригородская территория города федерального значения муниципальный округ Екатерингофский,2024-01
v2,1.0,внутригородская территория города федерального значения муниципальный округ Екатерингофский,2024-10
v2,1.0,внутригородская территория города федерального значения муниципальный округ Замоскворечье,2024-01
v2,1.0,внутригородская территория города федерального значения муниципальный округ Замоскворечье,2024-10
v2,1.0,внутригородская территория города федерального значения муниципальный округ Западное Дегунино,2024-01
v2,1.0,внутригородская территория города федерального значения муниципальный округ Западное Дегунино,2024-10
v2,1.0,внутригородская территория города федерального значения муниципальный округ Звездное,2023-10
v2,1.0,внутригородская территория города федерального значения муниципальный округ Звездное,2024-01
v2,1.0,внутригородская территория города федерального значения муниципальный округ Звездное,2024-10
v2,1.0,внутригородская территория города федерального значения муниципальный округ Зюзино,2024-01
v2,1.0,внутригородская территория города федерального значения муниципальный округ Зюзино,2024-10
v2,1.0,внутригородская территория города федерального значения муниципальный округ Зябликово,2023-10
v2,1.0,внутригородская территория города федерального значения муниципальный округ Зябликово,2024-01
v2,1.0,внутригородская территория города федерального значения муниципальный округ Зябликово,2024-10
v2,1.0,внутригородская территория города федерального значения муниципальный округ Ивановский,2023-10
v2,1.0,внутригородская территория города федерального значения муниципальный округ Ивановский,2024-01
v2,1.0,внутригородская территория города федерального значения муниципальный округ Ивановский,2024-10
v2,1.0,внутригородская территория города федерального значения муниципальный округ Ивановское,2023-10
v2,1.0,внутригородская территория города федерального значения муниципальный округ Ивановское,2024-01
v2,1.0,внутригородская территория города федерального значения муниципальный округ Ивановское,2024-10
v2,1.0,внутригородская территория города федерального значения муниципальный округ Измайлово,2024-01
v2,1.0,внутригородская территория города федерального значения муниципальный округ Измайлово,2024-10
v2,1.0,внутригородская территория города федерального значения муниципальный округ Измайловское,2023-05
v2,1.0,внутригородская территория города федерального значения муниципальный округ Измайловское,2023-10
v2,1.0,внутригородская территория города федерального значения муниципальный округ Измайловское,2024-01
v2,1.0,внутригородская территория города федерального значения муниципальный округ Измайловское,2024-10
v2,1.0,внутригородская территория города федерального значения муниципальный округ Капотня,2024-01
v2,1.0,внутригородская территория города федерального значения муниципальный округ Капотня,2024-10
v2,1.0,внутригородская территория города федерального значения муниципальный округ Княжево,2023-10
v2,1.0,внутригородская территория города федерального значения муниципальный округ Княжево,2024-01
v2,1.0,внутригородская территория города федерального значения муниципальный округ Княжево,2024-10
v2,1.0,внутригородская территория города федерального значения муниципальный округ Коломна,2023-10
v2,1.0,внутригородская территория города федерального значения муниципальный округ Коломна,2024-01
v2,1.0,внутригородская территория города федерального значения муниципальный округ Коломна,2024-10
v2,1.0,внутригородская территория города федерального значения муниципальный округ Коломяги,2023-10
v2,1.0,внутригородская территория города федерального значения муниципальный округ Коломяги,2024-01
v2,1.0,внутригородская территория города федерального значения муниципальный округ Коломяги,2024-10
v2,1.0,внутригородская территория города федерального значения муниципальный округ Комендантский аэродром,2023-10
v2,1.0,внутригородская территория города федерального значения муниципальный округ Комендантский аэродром,2024-01
v2,1.0,внутригородская территория города федерального значения муниципальный округ Комендантский аэродром,2024-10
v2,1.0,внутригородская территория города федерального значения муниципальный округ Константиновское,2023-10
v2,1.0,внутригородская территория города федерального значения муниципальный округ Константиновское,2024-01
v2,1.0,внутригородская территория города федерального значения муниципальный округ Константиновское,2024-10
v2,1.0,внутригородская территория города федерального значения муниципальный округ Коньково,2023-10
v2,1.0,внутригородская территория города федерального значения муниципальный округ Коньково,2024-01
v2,1.0,внутригородская территория города федерального значения муниципальный округ Коньково,2024-10
v2,1.0,внутригородская территория города федерального значения муниципальный округ Коптево,2023-10
v2,1.0,внутригородская территория города федерального значения муниципальный округ Коптево,2024-01
v2,1.0,внутригородская территория города федерального значения муниципальный округ Коптево,2024-10
v2,1.0,внутригородская территория города федерального значения муниципальный округ Косино-Ухтомский,2023-10
v2,1.0,внутригородская территория города федерального значения муниципальный округ Косино-Ухтомский,2024-01
v2,1.0,внутригородская территория города федерального значения муниципальный округ Косино-Ухтомский,2024-10
v2,1.0,внутригородская территория города федерального значения муниципальный округ Котловка,2023-10
v2,1.0,внутригородская территория города федерального значения муниципальный округ Котловка,2024-01
v2,1.0,внутригородская территория города федерального значения муниципальный округ Котловка,2024-10
v2,1.0,внутригородская территория города федерального значения муниципальный округ Красненькая речка,2023-10
v2,1.0,внутригородская территория города федерального значения муниципальный округ Красненькая речка,2024-01
v2,1.0,внутригородская территория города федерального значения муниципальный округ Красненькая речка,2024-10
v2,1.0,внутригородская территория города федерального значения муниципальный округ Красносельский,2024-01
v2,1.0,внутригородская территория города федерального значения муниципальный округ Красносельский,2024-10
v2,1.0,внутригородская территория города федерального значения муниципальный округ Кронверкское,2023-10
v2,1.0,внутригородская территория города федерального значения муниципальный округ Кронверкское,2024-01
v2,1.0,внутригородская территория города федерального значения муниципальный округ Кронверкское,2024-10
v2,1.0,внутригородская территория города федерального значения муниципальный округ Крылатское,2023-10
v2,1.0,внутригородская территория города федерального значения муниципальный округ Крылатское,2024-01
v2,1.0,внутригородская территория города федерального значения муниципальный округ Крылатское,2024-10
v2,1.0,внутригородская территория города федерального значения муниципальный округ Крюково,2024-01
v2,1.0,внутригородская территория города федерального значения муниципальный округ Крюково,2024-10
v2,1.0,внутригородская территория города федерального значения муниципальный округ Кузьминки,2024-01
v2,1.0,внутригородская территория города федерального значения муниципальный округ Кузьминки,2024-10
v2,1.0,внутригородская территория города федерального значения муниципальный округ Кунцево,2024-01
v2,1.0,внутригородская территория города федерального значения муниципальный округ Кунцево,2024-10
v2,1.0,внутригородская территория города федерального значения муниципальный округ Купчино,2023-10
v2,1.0,внутригородская территория города федерального значения муниципальный округ Купчино,2024-01
v2,1.0,внутригородская территория города федерального значения муниципальный округ Купчино,2024-10
v2,1.0,внутригородская территория города федерального значения муниципальный округ Куркино,2024-01
v2,1.0,внутригородская территория города федерального значения муниципальный округ Куркино,2024-10
v2,1.0,внутригородская территория города федерального значения муниципальный округ Ланское,2023-10
v2,1.0,внутригородская территория города федерального значения муниципальный округ Ланское,2024-01
v2,1.0,внутригородская территория города федерального значения муниципальный округ Ланское,2024-10
v2,1.0,внутригородская территория города федерального значения муниципальный округ Лахта-Ольгино,2023-10
v2,1.0,внутригородская территория города федерального значения муниципальный округ Лахта-Ольгино,2024-01
v2,1.0,внутригородская территория города федерального значения муниципальный округ Лахта-Ольгино,2024-10
v2,1.0,внутригородская территория города федерального значения муниципальный округ Левобережный,2023-10
v2,1.0,внутригородская территория города федерального значения муниципальный округ Левобережный,2024-01
v2,1.0,внутригородская территория города федерального значения муниципальный округ Левобережный,2024-10
v2,1.0,внутригородская территория города федерального значения муниципальный округ Лефортово,2023-10
v2,1.0,внутригородская территория города федерального значения муниципальный округ Лефортово,2024-01
v2,1.0,внутригородская территория города федерального значения муниципальный округ Лефортово,2024-10
v2,1.0,внутригородская территория города федерального значения муниципальный округ Лианозово,2023-10
v2,1.0,внутригородская территория города федерального значения муниципальный округ Лианозово,2024-01
v2,1.0,внутригородская территория города федерального значения муниципальный округ Лианозово,2024-10
v2,1.0,внутригородская территория города федерального значения муниципальный округ Лиговка-Ямская,2024-01
v2,1.0,внутригородская территория города федерального значения муниципальный округ Лиговка-Ямская,2024-10
v2,1.0,внутригородская территория города федерального значения муниципальный округ Литейный округ,2023-10
v2,1.0,внутригородская территория города федерального значения муниципальный округ Литейный округ,2024-01
v2,1.0,внутригородская территория города федерального значения муниципальный округ Литейный округ,2024-10
v2,1.0,внутригородская территория города федерального значения муниципальный округ Ломоносовский,2023-10
v2,1.0,внутригородская территория города федерального значения муниципальный округ Ломоносовский,2024-01
v2,1.0,внутригородская территория города федерального значения муниципальный округ Ломоносовский,2024-10
v2,1.0,внутригородская территория города федерального значения муниципальный округ Лосиноостровский,2023-10
v2,1.0,внутригородская территория города федерального значения муниципальный округ Лосиноостровский,2024-01
v2,1.0,внутригородская территория города федерального значения муниципальный округ Лосиноостровский,2024-10
v2,1.0,внутригородская территория города федерального значения муниципальный округ Люблино,2023-10
v2,1.0,внутригородская территория города федерального значения муниципальный округ Люблино,2024-01
v2,1.0,внутригородская территория города федерального значения муниципальный округ Люблино,2024-10
v2,1.0,внутригородская территория города федерального значения муниципальный округ Малая Охта,2023-10
v2,1.0,внутригородская территория города федерального значения муниципальный округ Малая Охта,2024-01
v2,1.0,внутригородская территория города федерального значения муниципальный округ Малая Охта,2024-10
v2,1.0,внутригородская территория города федерального значения муниципальный округ Марфино,2023-10
v2,1.0,внутригородская территория города федерального значения муниципальный округ Марфино,2024-01
v2,1.0,внутригородская территория города федерального значения муниципальный округ Марфино,2024-10
v2,1.0,внутригородская территория города федерального значения муниципальный округ Марьина роща,2023-10
v2,1.0,внутригородская территория города федерального значения муниципальный округ Марьина роща,2024-01
v2,1.0,внутригородская территория города федерального значения муниципальный округ Марьина роща,2024-10
v2,1.0,внутригородская территория города федерального значения муниципальный округ Марьино,2024-01
v2,1.0,внутригородская территория города федерального значения муниципальный округ Марьино,2024-10
v2,1.0,внутригородская территория города федерального значения муниципальный округ Матушкино,2024-01
v2,1.0,внутригородская территория города федерального значения муниципальный округ Матушкино,2024-10
v2,1.0,внутригородская территория города федерального значения муниципальный округ Метрогородок,2023-10
v2,1.0,внутригородская территория города федерального значения муниципальный округ Метрогородок,2024-01
v2,1.0,внутригородская территория города федерального значения муниципальный округ Метрогородок,2024-10
v2,1.0,внутригородская территория города федерального значения муниципальный округ Мещанский,2023-10
v2,1.0,внутригородская территория города федерального значения муниципальный округ Мещанский,2024-01
v2,1.0,внутригородская территория города федерального значения муниципальный округ Мещанский,2024-10
v2,1.0,внутригородская территория города федерального значения муниципальный округ Митино,2023-10
v2,1.0,внутригородская территория города федерального значения муниципальный округ Митино,2024-01
v2,1.0,внутригородская территория города федерального значения муниципальный округ Митино,2024-10
v2,1.0,внутригородская территория города федерального значения муниципальный округ Можайский,2023-10
v2,1.0,внутригородская территория города федерального значения муниципальный округ Можайский,2024-01
v2,1.0,внутригородская территория города федерального значения муниципальный округ Можайский,2024-10
v2,1.0,внутригородская территория города федерального значения муниципальный округ Молжаниновский,2023-10
v2,1.0,внутригородская территория города федерального значения муниципальный округ Молжаниновский,2024-01
v2,1.0,внутригородская территория города федерального значения муниципальный округ Молжаниновский,2024-10
v2,1.0,внутригородская территория города федерального значения муниципальный округ Морские ворота,2023-10
v2,1.0,внутригородская территория города федерального значения муниципальный округ Морские ворота,2024-01
v2,1.0,внутригородская территория города федерального значения муниципальный округ Морские ворота,2024-10
v2,1.0,внутригородская территория города федерального значения муниципальный округ Морской,2023-10
v2,1.0,внутригородская территория города федерального значения муниципальный округ Морской,2024-01
v2,1.0,внутригородская территория города федерального значения муниципальный округ Морской,2024-10
v2,1.0,внутригородская территория города федерального значения муниципальный округ Москворечье-Сабурово,2023-10
v2,1.0,внутригородская территория города федерального значения муниципальный округ Москворечье-Сабурово,2024-01
v2,1.0,внутригородская территория города федерального значения муниципальный округ Москворечье-Сабурово,2024-10
v2,1.0,внутригородская территория города федерального значения муниципальный округ Московская застава,2023-10
v2,1.0,внутригородская территория города федерального значения муниципальный округ Московская застава,2024-01
v2,1.0,внутригородская территория города федерального значения муниципальный округ Московская застава,2024-10
v2,1.0,внутригородская территория города федерального значения муниципальный округ Нагатино-Садовники,2023-10
v2,1.0,внутригородская территория города федерального значения муниципальный округ Нагатино-Садовники,2024-01
v2,1.0,внутригородская территория города федерального значения муниципальный округ Нагатино-Садовники,2024-10
v2,1.0,внутригородская территория города федерального значения муниципальный округ Нагатинский затон,2023-10
v2,1.0,внутригородская территория города федерального значения муниципальный округ Нагатинский затон,2024-01
v2,1.0,внутригородская территория города федерального значения муниципальный округ Нагатинский затон,2024-10
v2,1.0,внутригородская территория города федерального значения муниципальный округ Нагорный,2023-10
v2,1.0,внутригородская территория города федерального значения муниципальный округ Нагорный,2024-01
v2,1.0,внутригородская территория города федерального значения муниципальный округ Нагорный,2024-10
v2,1.0,внутригородская территория города федерального значения муниципальный округ Нарвский округ,2023-10
v2,1.0,внутригородская территория города федерального значения муниципальный округ Нарвский округ,2024-01
v2,1.0,внутригородская территория города федерального значения муниципальный округ Нарвский округ,2024-10
v2,1.0,внутригородская территория города федерального значения муниципальный округ Народный,2023-10
v2,1.0,внутригородская территория города федерального значения муниципальный округ Народный,2024-01
v2,1.0,внутригородская территория города федерального значения муниципальный округ Народный,2024-10
v2,1.0,внутригородская территория города федерального значения муниципальный округ Невская застава,2023-10
v2,1.0,внутригородская территория города федерального значения муниципальный округ Невская застава,2024-01
v2,1.0,внутригородская территория города федерального значения муниципальный округ Невская застава,2024-10
v2,1.0,внутригородская территория города федерального значения муниципальный округ Невский округ,2023-10
v2,1.0,внутригородская территория города федерального значения муниципальный округ Невский округ,2024-01
v2,1.0,внутригородская территория города федерального значения муниципальный округ Невский округ,2024-10
v2,1.0,внутригородская территория города федерального значения муниципальный округ Некрасовка,2024-01
v2,1.0,внутригородская территория города федерального значения муниципальный округ Некрасовка,2024-10
v2,1.0,внутригородская территория города федерального значения муниципальный округ Нижегородский,2023-10
v2,1.0,внутригородская территория города федерального значения муниципальный округ Нижегородский,2024-01
v2,1.0,внутригородская территория города федерального значения муниципальный округ Нижегородский,2024-10
v2,1.0,внутригородская территория города федерального значения муниципальный округ Ново-Переделкино,2024-01
v2,1.0,внутригородская территория города федерального значения муниципальный округ Ново-Переделкино,2024-10
v2,1.0,внутригородская территория города федерального значения муниципальный округ Новогиреево,2024-01
v2,1.0,внутригородская территория города федерального значения муниципальный округ Новогиреево,2024-10
v2,1.0,внутригородская территория города федерального значения муниципальный округ Новоизмайловское,2023-10
v2,1.0,внутригородская территория города федерального значения муниципальный округ Новоизмайловское,2024-01
v2,1.0,внутригородская территория города федерального значения муниципальный округ Новоизмайловское,2024-10
v2,1.0,внутригородская территория города федерального значения муниципальный округ Новокосино,2024-01
v2,1.0,внутригородская территория города федерального значения муниципальный округ Новокосино,2024-10
v2,1.0,внутригородская территория города федерального значения муниципальный округ Обручевский,2024-01
v2,1.0,внутригородская территория города федерального значения муниципальный округ Обручевский,2024-10
v2,1.0,внутригородская территория города федерального значения муниципальный округ Обуховский,2023-10
v2,1.0,внутригородская территория города федерального значения муниципальный округ Обуховский,2024-01
v2,1.0,внутригородская территория города федерального значения муниципальный округ Обуховский,2024-10
v2,1.0,внутригородская территория города федерального значения муниципальный округ Озеро Долгое,2023-10
v2,1.0,внутригородская территория города федерального значения муниципальный округ Озеро Долгое,2024-01
v2,1.0,внутригородская территория города федерального значения муниципальный округ Озеро Долгое,2024-10
v2,1.0,внутригородская территория города федерального значения муниципальный округ Оккервиль,2023-10
v2,1.0,внутригородская территория города федерального значения муниципальный округ Оккервиль,2024-01
v2,1.0,внутригородская территория города федерального значения муниципальный округ Оккервиль,2024-10
v2,1.0,внутригородская территория города федерального значения муниципальный округ Орехово-Борисово Северное,2024-01
v2,1.0,внутригородская территория города федерального значения муниципальный округ Орехово-Борисово Северное,2024-10
v2,1.0,внутригородская территория города федерального значения муниципальный округ Орехово-Борисово Южное,2024-01
v2,1.0,внутригородская территория города федерального значения муниципальный округ Орехово-Борисово Южное,2024-10
v2,1.0,внутригородская территория города федерального значения муниципальный округ Останкинский,2024-01
v2,1.0,внутригородская территория города федерального значения муниципальный округ Останкинский,2024-10
v2,1.0,внутригородская территория города федерального значения муниципальный округ Остров Декабристов,2023-10
v2,1.0,внутригородская территория города федерального значения муниципальный округ Остров Декабристов,2024-01
v2,1.0,внутригородская территория города федерального значения муниципальный округ Остров Декабристов,2024-10
v2,1.0,внутригородская территория города федерального значения муниципальный округ Отрадное,2023-10
v2,1.0,внутригородская территория города федерального значения муниципальный округ Отрадное,2024-01
v2,1.0,внутригородская территория города федерального значения муниципальный округ Отрадное,2024-10
v2,1.0,внутригородская территория города федерального значения муниципальный округ Очаково-Матвеевское,2023-10
v2,1.0,внутригородская территория города федерального значения муниципальный округ Очаково-Матвеевское,2024-01
v2,1.0,внутригородская территория города федерального значения муниципальный округ Очаково-Матвеевское,2024-10
v2,1.0,внутригородская территория города федерального значения муниципальный округ Перово,2023-10
v2,1.0,внутригородская территория города федерального значения муниципальный округ Перово,2024-01
v2,1.0,внутригородская территория города федерального значения муниципальный округ Перово,2024-10
v2,1.0,внутригородская территория города федерального значения муниципальный округ Печатники,2024-01
v2,1.0,внутригородская территория города федерального значения муниципальный округ Печатники,2024-10
v2,1.0,внутригородская территория города федерального значения муниципальный округ Пискаревка,2023-10
v2,1.0,внутригородская территория города федерального значения муниципальный округ Пискаревка,2024-01
v2,1.0,внутригородская территория города федерального значения муниципальный округ Пискаревка,2024-10
v2,1.0,внутригородская территория города федерального значения муниципальный округ Покровское-Стрешнево,2023-10
v2,1.0,внутригородская территория города федерального значения муниципальный округ Покровское-Стрешнево,2024-01
v2,1.0,внутригородская территория города федерального значения муниципальный округ Покровское-Стрешнево,2024-10
v2,1.0,внутригородская территория города федерального значения муниципальный округ Полюстрово,2023-10
v2,1.0,внутригородская территория города федерального значения муниципальный округ Полюстрово,2024-01
v2,1.0,внутригородская территория города федерального значения муниципальный округ Полюстрово,2024-10
v2,1.0,внутригородская территория города федерального значения муниципальный округ Пороховые,2023-10
v2,1.0,внутригородская территория города федерального значения муниципальный округ Пороховые,2024-01
v2,1.0,внутригородская территория города федерального значения муниципальный округ Пороховые,2024-10
v2,1.0,внутригородская территория города федерального значения муниципальный округ Посадский,2024-10
v2,1.0,внутригородская территория города федерального значения муниципальный округ Правобережный,2023-10
v2,1.0,внутригородская территория города федерального значения муниципальный округ Правобережный,2024-01
v2,1.0,внутригородская территория города федерального значения муниципальный округ Правобережный,2024-10
v2,1.0,внутригородская территория города федерального значения муниципальный округ Преображенское,2024-01
v2,1.0,внутригородская территория города федерального значения муниципальный округ Преображенское,2024-10
v2,1.0,внутригородская территория города федерального значения муниципальный округ Пресненский,2023-10
v2,1.0,внутригородская территория города федерального значения муниципальный округ Пресненский,2024-01
v2,1.0,внутригородская территория города федерального значения муниципальный округ Пресненский,2024-10
v2,1.0,внутригородская территория города федерального значения муниципальный округ Прометей,2023-10
v2,1.0,внутригородская территория города федерального значения муниципальный округ Прометей,2024-01
v2,1.0,внутригородская территория города федерального значения муниципальный округ Прометей,2024-10
v2,1.0,внутригородская территория города федерального значения муниципальный округ Проспект Вернадского,2023-10
v2,1.0,внутригородская территория города федерального значения муниципальный округ Проспект Вернадского,2024-01
v2,1.0,внутригородская территория города федерального значения муниципальный округ Проспект Вернадского,2024-10
v2,1.0,внутригородская территория города федерального значения муниципальный округ Пулковский меридиан,2023-10
v2,1.0,внутригородская территория города федерального значения муниципальный округ Пулковский меридиан,2024-01
v2,1.0,внутригородская территория города федерального значения муниципальный округ Пулковский меридиан,2024-10
v2,1.0,внутригородская территория города федерального значения муниципальный округ Раменки,2024-01
v2,1.0,внутригородская территория города федерального значения муниципальный округ Раменки,2024-10
v2,1.0,внутригородская территория города федерального значения муниципальный округ Ржевка,2023-10
v2,1.0,внутригородская территория города федерального значения муниципальный округ Ржевка,2024-01
v2,1.0,внутригородская территория города федерального значения муниципальный округ Ржевка,2024-10
v2,1.0,внутригородская территория города федерального значения муниципальный округ Ростокино,2024-10
v2,1.0,внутригородская территория города федерального значения муниципальный округ Рыбацкое,2023-10
v2,1.0,внутригородская территория города федерального значения муниципальный округ Рыбацкое,2024-01
v2,1.0,внутригородская территория города федерального значения муниципальный округ Рыбацкое,2024-10
v2,1.0,внутригородская территория города федерального значения муниципальный округ Рязанский,2023-10
v2,1.0,внутригородская территория города федерального значения муниципальный округ Рязанский,2024-01
v2,1.0,внутригородская территория города федерального значения муниципальный округ Рязанский,2024-10
v2,1.0,внутригородская территория города федерального значения муниципальный округ Савеловский,2023-10
v2,1.0,внутригородская территория города федерального значения муниципальный округ Савеловский,2024-01
v2,1.0,внутригородская территория города федерального значения муниципальный округ Савеловский,2024-10
v2,1.0,внутригородская территория города федерального значения муниципальный округ Сампсониевское,2023-10
v2,1.0,внутригородская территория города федерального значения муниципальный округ Сампсониевское,2024-01
v2,1.0,внутригородская территория города федерального значения муниципальный округ Сампсониевское,2024-10
v2,1.0,внутригородская территория города федерального значения муниципальный округ Светлановское,2023-10
v2,1.0,внутригородская территория города федерального значения муниципальный округ Светлановское,2024-01
v2,1.0,внутригородская территория города федерального значения муниципальный округ Светлановское,2024-10
v2,1.0,внутригородская территория города федерального значения муниципальный округ Свиблово,2023-10
v2,1.0,внутригородская территория города федерального значения муниципальный округ Свиблово,2024-01
v2,1.0,внутригородская территория города федерального значения муниципальный округ Свиблово,2024-10
v2,1.0,внутригородская территория города федерального значения муниципальный округ Северное Бутово,2024-01
v2,1.0,внутригородская территория города федерального значения муниципальный округ Северное Бутово,2024-10
v2,1.0,внутригородская территория города федерального значения муниципальный округ Северное Измайлово,2024-01
v2,1.0,внутригородская территория города федерального значения муниципальный округ Северное Измайлово,2024-10
v2,1.0,внутригородская территория города федерального значения муниципальный округ Северное Медведково,2023-10
v2,1.0,внутригородская территория города федерального значения муниципальный округ Северное Медведково,2024-01
v2,1.0,внутригородская территория города федерального значения муниципальный округ Северное Медведково,2024-10
v2,1.0,внутригородская территория города федерального значения муниципальный округ Северное Тушино,2024-01
v2,1.0,внутригородская территория города федерального значения муниципальный округ Северное Тушино,2024-10
v2,1.0,внутригородская территория города федерального значения муниципальный округ Северный #1,2023-10
v2,1.0,внутригородская территория города федерального значения муниципальный округ Северный #1,2024-01
v2,1.0,внутригородская территория города федерального значения муниципальный округ Северный #1,2024-10
v2,1.0,внутригородская территория города федерального значения муниципальный округ Северный #2,2023-10
v2,1.0,внутригородская территория города федерального значения муниципальный округ Северный #2,2024-01
v2,1.0,внутригородская территория города федерального значения муниципальный округ Северный #2,2024-10
v2,1.0,внутригородская территория города федерального значения муниципальный округ Семеновский,2023-10
v2,1.0,внутригородская территория города федерального значения муниципальный округ Семеновский,2024-01
v2,1.0,внутригородская территория города федерального значения муниципальный округ Семеновский,2024-10
v2,1.0,внутригородская территория города федерального значения муниципальный округ Сенной округ,2023-10
v2,1.0,внутригородская территория города федерального значения муниципальный округ Сенной округ,2024-01
v2,1.0,внутригородская территория города федерального значения муниципальный округ Сенной округ,2024-10
v2,1.0,внутригородская территория города федерального значения муниципальный округ Сергиевское,2023-10
v2,1.0,внутригородская территория города федерального значения муниципальный округ Сергиевское,2024-01
v2,1.0,внутригородская территория города федерального значения муниципальный округ Сергиевское,2024-10
v2,1.0,внутригородская территория города федерального значения муниципальный округ Силино,2023-10
v2,1.0,внутригородская территория города федерального значения муниципальный округ Силино,2024-01
v2,1.0,внутригородская территория города федерального значения муниципальный округ Силино,2024-10
v2,1.0,внутригородская территория города федерального значения муниципальный округ Смольнинское,2023-10
v2,1.0,внутригородская территория города федерального значения муниципальный округ Смольнинское,2024-01
v2,1.0,внутригородская территория города федерального значения муниципальный округ Смольнинское,2024-10
v2,1.0,внутригородская территория города федерального значения муниципальный округ Сокол,2023-10
v2,1.0,внутригородская территория города федерального значения муниципальный округ Сокол,2024-01
v2,1.0,внутригородская территория города федерального значения муниципальный округ Сокол,2024-10
v2,1.0,внутригородская территория города федерального значения муниципальный округ Соколиная гора,2024-01
v2,1.0,внутригородская территория города федерального значения муниципальный округ Соколиная гора,2024-10
v2,1.0,внутригородская территория города федерального значения муниципальный округ Сокольники,2023-10
v2,1.0,внутригородская территория города федерального значения муниципальный округ Сокольники,2024-01
v2,1.0,внутригородская территория города федерального значения муниципальный округ Сокольники,2024-10
v2,1.0,внутригородская территория города федерального значения муниципальный округ Солнцево,2023-10
v2,1.0,внутригородская территория города федерального значения муниципальный округ Солнцево,2024-01
v2,1.0,внутригородская территория города федерального значения муниципальный округ Солнцево,2024-10
v2,1.0,внутригородская территория города федерального значения муниципальный округ Сосновая поляна,2023-10
v2,1.0,внутригородская территория города федерального значения муниципальный округ Сосновая поляна,2024-01
v2,1.0,внутригородская территория города федерального значения муниципальный округ Сосновая поляна,2024-10
v2,1.0,внутригородская территория города федерального значения муниципальный округ Сосновское,2023-10
v2,1.0,внутригородская территория города федерального значения муниципальный округ Сосновское,2024-01
v2,1.0,внутригородская территория города федерального значения муниципальный округ Сосновское,2024-10
v2,1.0,внутригородская территория города федерального значения муниципальный округ Старое Крюково,2024-01
v2,1.0,внутригородская территория города федерального значения муниципальный округ Старое Крюково,2024-10
v2,1.0,внутригородская территория города федерального значения муниципальный округ Строгино,2023-10
v2,1.0,внутригородская территория города федерального значения муниципальный округ Строгино,2024-01
v2,1.0,внутригородская территория города федерального значения муниципальный округ Строгино,2024-10
v2,1.0,внутригородская территория города федерального значения муниципальный округ Таганский,2024-01
v2,1.0,внутригородская территория города федерального значения муниципальный округ Таганский,2024-10
v2,1.0,внутригородская территория города федерального значения муниципальный округ Тверской,2024-01
v2,1.0,внутригородская территория города федерального значения муниципальный округ Тверской,2024-10
v2,1.0,внутригородская территория города федерального значения муниципальный округ Текстильщики,2023-10
v2,1.0,внутригородская территория города федерального значения муниципальный округ Текстильщики,2024-01
v2,1.0,внутригородская территория города федерального значения муниципальный округ Текстильщики,2024-10
v2,1.0,внутригородская территория города федерального значения муниципальный округ Теплый Стан,2023-10
v2,1.0,внутригородская территория города федерального значения муниципальный округ Теплый Стан,2024-01
v2,1.0,внутригородская территория города федерального значения муниципальный округ Теплый Стан,2024-10
v2,1.0,внутригородская территория города федерального значения муниципальный округ Тимирязевский,2024-01
v2,1.0,внутригородская территория города федерального значения муниципальный округ Тимирязевский,2024-10
v2,1.0,внутригородская территория города федерального значения муниципальный округ Тропарево-Никулино,2024-01
v2,1.0,внутригородская территория города федерального значения муниципальный округ Тропарево-Никулино,2024-10
v2,1.0,внутригородская территория города федерального значения муниципальный округ Ульянка,2023-10
v2,1.0,внутригородская территория города федерального значения муниципальный округ Ульянка,2024-01
v2,1.0,внутригородская территория города федерального значения муниципальный округ Ульянка,2024-10
v2,1.0,внутригородская территория города федерального значения муниципальный округ Урицк,2023-10
v2,1.0,внутригородская территория города федерального значения муниципальный округ Урицк,2024-01
v2,1.0,внутригородская территория города федерального значения муниципальный округ Урицк,2024-10
v2,1.0,внутригородская территория города федерального значения муниципальный округ Филевский парк,2024-01
v2,1.0,внутригородская территория города федерального значения муниципальный округ Филевский парк,2024-10
v2,1.0,внутригородская территория города федерального значения муниципальный округ Фили-Давыдково,2024-01
v2,1.0,внутригородская территория города федерального значения муниципальный округ Фили-Давыдково,2024-10
v2,1.0,внутригородская территория города федерального значения муниципальный округ Финляндский округ,2023-10
v2,1.0,внутригородская территория города федерального значения муниципальный округ Финляндский округ,2024-01
v2,1.0,внутригородская территория города федерального значения муниципальный округ Финляндский округ,2024-10
v2,1.0,внутригородская территория города федерального значения муниципальный округ Хамовники,2024-01
v2,1.0,внутригородская территория города федерального значения муниципальный округ Хамовники,2024-10
v2,1.0,внутригородская территория города федерального значения муниципальный округ Ховрино,2023-10
v2,1.0,внутригородская территория города федерального значения муниципальный округ Ховрино,2024-01
v2,1.0,внутригородская территория города федерального значения муниципальный округ Ховрино,2024-10
v2,1.0,внутригородская территория города федерального значения муниципальный округ Хорошево-Мневники,2023-10
v2,1.0,внутригородская территория города федерального значения муниципальный округ Хорошево-Мневники,2024-01
v2,1.0,внутригородская территория города федерального значения муниципальный округ Хорошево-Мневники,2024-10
v2,1.0,внутригородская территория города федерального значения муниципальный округ Хорошевский,2024-01
v2,1.0,внутригородская территория города федерального значения муниципальный округ Хорошевский,2024-10
v2,1.0,внутригородская территория города федерального значения муниципальный округ Царицыно,2024-01
v2,1.0,внутригородская территория города федерального значения муниципальный округ Царицыно,2024-10
v2,1.0,внутригородская территория города федерального значения муниципальный округ Черемушки,2024-01
v2,1.0,внутригородская территория города федерального значения муниципальный округ Черемушки,2024-10
v2,1.0,внутригородская территория города федерального значения муниципальный округ Чертаново Северное,2024-01
v2,1.0,внутригородская территория города федерального значения муниципальный округ Чертаново Северное,2024-10
v2,1.0,внутригородская территория города федерального значения муниципальный округ Чертаново Центральное,2024-01
v2,1.0,внутригородская территория города федерального значения муниципальный округ Чертаново Центральное,2024-10
v2,1.0,внутригородская территория города федерального значения муниципальный округ Чертаново Южное,2023-10
v2,1.0,внутригородская территория города федерального значения муниципальный округ Чертаново Южное,2024-01
v2,1.0,внутригородская территория города федерального значения муниципальный округ Чертаново Южное,2024-10
v2,1.0,внутригородская территория города федерального значения муниципальный округ Чкаловское,2024-10
v2,1.0,внутригородская территория города федерального значения муниципальный округ Шувалово-Озерки,2024-01
v2,1.0,внутригородская территория города федерального значения муниципальный округ Шувалово-Озерки,2024-10
v2,1.0,внутригородская территория города федерального значения муниципальный округ Щукино,2023-10
v2,1.0,внутригородская территория города федерального значения муниципальный округ Щукино,2024-01
v2,1.0,внутригородская территория города федерального значения муниципальный округ Щукино,2024-10
v2,1.0,внутригородская территория города федерального значения муниципальный округ Юго-Запад,2023-10
v2,1.0,внутригородская территория города федерального значения муниципальный округ Юго-Запад,2024-01
v2,1.0,внутригородская территория города федерального значения муниципальный округ Юго-Запад,2024-10
v2,1.0,внутригородская территория города федерального значения муниципальный округ Южно-Приморский,2023-10
v2,1.0,внутригородская территория города федерального значения муниципальный округ Южно-Приморский,2024-01
v2,1.0,внутригородская территория города федерального значения муниципальный округ Южно-Приморский,2024-10
v2,1.0,внутригородская территория города федерального значения муниципальный округ Южное Бутово,2023-10
v2,1.0,внутригородская территория города федерального значения муниципальный округ Южное Бутово,2024-01
v2,1.0,внутригородская территория города федерального значения муниципальный округ Южное Бутово,2024-10
v2,1.0,внутригородская территория города федерального значения муниципальный округ Южное Медведково,2024-01
v2,1.0,внутригородская территория города федерального значения муниципальный округ Южное Медведково,2024-10
v2,1.0,внутригородская территория города федерального значения муниципальный округ Южное Тушино,2023-10
v2,1.0,внутригородская территория города федерального значения муниципальный округ Южное Тушино,2024-01
v2,1.0,внутригородская территория города федерального значения муниципальный округ Южное Тушино,2024-10
v2,1.0,внутригородская территория города федерального значения муниципальный округ Южнопортовый,2023-10
v2,1.0,внутригородская территория города федерального значения муниципальный округ Южнопортовый,2024-01
v2,1.0,внутригородская территория города федерального значения муниципальный округ Южнопортовый,2024-10
v2,1.0,внутригородская территория города федерального значения муниципальный округ Юнтолово,2023-10
v2,1.0,внутригородская территория города федерального значения муниципальный округ Юнтолово,2024-01
v2,1.0,внутригородская территория города федерального значения муниципальный округ Юнтолово,2024-10
v2,1.0,внутригородская территория города федерального значения муниципальный округ Якиманка,2024-01
v2,1.0,внутригородская территория города федерального значения муниципальный округ Якиманка,2024-10
v2,1.0,внутригородская территория города федерального значения муниципальный округ Ярославский,2024-01
v2,1.0,внутригородская территория города федерального значения муниципальный округ Ярославский,2024-10
v2,1.0,внутригородская территория города федерального значения муниципальный округ Ясенево,2023-10
v2,1.0,внутригородская территория города федерального значения муниципальный округ Ясенево,2024-01
v2,1.0,внутригородская территория города федерального значения муниципальный округ Ясенево,2024-10
v2,1.0,внутригородская территория города федерального значения муниципальный округ округ Петровский,2024-01
v2,1.0,внутригородская территория города федерального значения муниципальный округ округ Петровский,2024-10
v2,1.0,внутригородская территория города федерального значения муниципальный округ № 15,2023-10
v2,1.0,внутригородская территория города федерального значения муниципальный округ № 15,2024-01
v2,1.0,внутригородская территория города федерального значения муниципальный округ № 15,2024-10
v2,1.0,внутригородская территория города федерального значения муниципальный округ № 21,2023-10
v2,1.0,внутригородская территория города федерального значения муниципальный округ № 21,2024-01
v2,1.0,внутригородская территория города федерального значения муниципальный округ № 21,2024-10
v2,1.0,внутригородская территория города федерального значения муниципальный округ № 54,2023-10
v2,1.0,внутригородская территория города федерального значения муниципальный округ № 54,2024-01
v2,1.0,внутригородская территория города федерального значения муниципальный округ № 54,2024-10
v2,1.0,внутригородская территория города федерального значения муниципальный округ № 65,2023-10
v2,1.0,внутригородская территория города федерального значения муниципальный округ № 65,2024-01
v2,1.0,внутригородская территория города федерального значения муниципальный округ № 65,2024-10
v2,1.0,внутригородская территория города федерального значения муниципальный округ № 7,2023-10
v2,1.0,внутригородская территория города федерального значения муниципальный округ № 7,2024-01
v2,1.0,внутригородская территория города федерального значения муниципальный округ № 7,2024-10
v2,1.0,внутригородская территория города федерального значения муниципальный округ № 72,2023-10
v2,1.0,внутригородская территория города федерального значения муниципальный округ № 72,2024-01
v2,1.0,внутригородская территория города федерального значения муниципальный округ № 72,2024-10
v2,1.0,внутригородская территория города федерального значения муниципальный округ № 78,2023-06
v2,1.0,внутригородская территория города федерального значения муниципальный округ № 78,2023-10
v2,1.0,внутригородская территория города федерального значения муниципальный округ № 78,2024-01
v2,1.0,внутригородская территория города федерального значения муниципальный округ № 78,2024-10
v2,1.0,внутригородская территория города федерального значения поселение Внуковское,2024-01
v2,1.0,внутригородская территория города федерального значения поселение Внуковское,2024-10
v2,1.0,внутригородская территория города федерального значения поселение Вороновское,2023-10
v2,1.0,внутригородская территория города федерального значения поселение Вороновское,2024-01
v2,1.0,внутригородская территория города федерального значения поселение Вороновское,2024-10
v2,1.0,внутригородская территория города федерального значения поселение Воскресенское,2024-01
v2,1.0,внутригородская территория города федерального значения поселение Воскресенское,2024-10
v2,1.0,внутригородская территория города федерального значения поселение Десеновское,2024-01
v2,1.0,внутригородская территория города федерального значения поселение Десеновское,2024-10
v2,1.0,внутригородская территория города федерального значения поселение Киевский,2024-02
v2,1.0,внутригородская территория города федерального значения поселение Кокошкино,2023-10
v2,1.0,внутригородская территория города федерального значения поселение Кокошкино,2024-01
v2,1.0,внутригородская территория города федерального значения поселение Кокошкино,2024-10
v2,1.0,внутригородская территория города федерального значения поселение Краснопахорское,2023-10
v2,1.0,внутригородская территория города федерального значения поселение Краснопахорское,2024-01
v2,1.0,внутригородская территория города федерального значения поселение Краснопахорское,2024-10
v2,1.0,внутригородская территория города федерального значения поселение Марушкинское,2023-10
v2,1.0,внутригородская территория города федерального значения поселение Марушкинское,2024-01
v2,1.0,внутригородская территория города федерального значения поселение Марушкинское,2024-10
v2,1.0,внутригородская территория города федерального значения поселение Михайлово-Ярцевское,2024-02
v2,1.0,внутригородская территория города федерального значения поселение Московский,2024-01
v2,1.0,внутригородская территория города федерального значения поселение Московский,2024-10
v2,1.0,"внутригородская территория города федерального значения поселение Мосрентген""""",2023-10
v2,1.0,"внутригородская территория города федерального значения поселение Мосрентген""""",2024-01
v2,1.0,"внутригородская территория города федерального значения поселение Мосрентген""""",2024-10
v2,1.0,внутригородская территория города федерального значения поселение Новофедоровское,2024-01
v2,1.0,внутригородская территория города федерального значения поселение Новофедоровское,2024-10
v2,1.0,внутригородская территория города федерального значения поселение Первомайское,2023-10
v2,1.0,внутригородская территория города федерального значения поселение Первомайское,2024-01
v2,1.0,внутригородская территория города федерального значения поселение Первомайское,2024-10
v2,1.0,внутригородская территория города федерального значения поселение Рязановское,2024-01
v2,1.0,внутригородская территория города федерального значения поселение Рязановское,2024-10
v2,1.0,внутригородская территория города федерального значения поселение Сосенское,2024-01
v2,1.0,внутригородская территория города федерального значения поселение Сосенское,2024-10
v2,1.0,внутригородская территория города федерального значения поселение Филимонковское,2024-10
v2,1.0,внутригородская территория города федерального значения поселение Щаповское,2024-02
v2,1.0,внутригородская территория города федерального значения поселение Щаповское,2024-05
v2,1.0,внутригородская территория города федерального значения поселок Левашово,2024-04
v2,1.0,внутригородская территория города федерального значения поселок Левашово,2024-10
v2,1.0,внутригородская территория города федерального значения поселок Лисий Нос,2024-06
v2,1.0,внутригородская территория города федерального значения поселок Лисий Нос,2024-10
v2,1.0,внутригородская территория города федерального значения поселок Металлострой,2023-10
v2,1.0,внутригородская территория города федерального значения поселок Металлострой,2024-01
v2,1.0,внутригородская территория города федерального значения поселок Металлострой,2024-10
v2,1.0,внутригородская территория города федерального значения поселок Парголово,2024-01
v2,1.0,внутригородская территория города федерального значения поселок Парголово,2024-10
v2,1.0,внутригородская территория города федерального значения поселок Песочный,2023-10
v2,1.0,внутригородская территория города федерального значения поселок Песочный,2024-01
v2,1.0,внутригородская территория города федерального значения поселок Песочный,2024-10
v2,1.0,внутригородская территория города федерального значения поселок Понтонный,2024-01
v2,1.0,внутригородская территория города федерального значения поселок Понтонный,2024-10
v2,1.0,внутригородская территория города федерального значения поселок Стрельна,2024-01
v2,1.0,внутригородская территория города федерального значения поселок Стрельна,2024-10
v2,1.0,внутригородская территория города федерального значения поселок Шушары,2023-10
v2,1.0,внутригородская территория города федерального значения поселок Шушары,2024-01
v2,1.0,внутригородская территория города федерального значения поселок Шушары,2024-10
v2,1.0,городской округ Абдулинский,2023-10
v2,1.0,городской округ Абдулинский,2024-01
v2,1.0,городской округ Абдулинский,2024-10
v2,1.0,городской округ Алапаевское,2024-10
v2,1.0,городской округ Александровск-Сахалинский район,2023-07
v2,1.0,городской округ Александровск-Сахалинский район,2023-10
v2,1.0,городской округ Александровск-Сахалинский район,2024-01
v2,1.0,городской округ Александровск-Сахалинский район,2024-10
v2,1.0,городской округ Анадырь,2023-08
v2,1.0,городской округ Анадырь,2024-02
v2,1.0,городской округ Анадырь,2024-08
v2,1.0,городской округ Ангарский,2024-01
v2,1.0,городской округ Ангарский,2024-10
v2,1.0,городской округ Анжеро-Судженский,2024-01
v2,1.0,городской округ Анжеро-Судженский,2024-10
v2,1.0,городской округ Анивский,2024-04
v2,1.0,городской округ Анивский,2024-10
v2,1.0,городской округ Арамильский,2023-10
v2,1.0,городской округ Арамильский,2024-01
v2,1.0,городской округ Арамильский,2024-10
v2,1.0,городской округ Арсеньевский,2024-01
v2,1.0,городской округ Арсеньевский,2024-10
v2,1.0,городской округ Артемовский #1,2023-10
v2,1.0,городской округ Артемовский #1,2024-01
v2,1.0,городской округ Артемовский #1,2024-10
v2,1.0,городской округ Артемовский #2,2023-10
v2,1.0,городской округ Артемовский #2,2024-01
v2,1.0,городской округ Артемовский #2,2024-10
v2,1.0,городской округ Артинский,2024-10
v2,1.0,городской округ Асбестовский,2024-01
v2,1.0,городской округ Асбестовский,2024-10
v2,1.0,городской округ Баксан,2024-01
v2,1.0,городской округ Баксан,2024-10
v2,1.0,городской округ Балашиха,2024-01
v2,1.0,городской округ Балашиха,2024-10
v2,1.0,городской округ Балтийский,2023-10
v2,1.0,городской округ Балтийский,2024-01
v2,1.0,городской округ Балтийский,2024-10
v2,1.0,городской округ Беловский,2024-01
v2,1.0,городской округ Беловский,2024-10
v2,1.0,городской округ Белоярский,2023-10
v2,1.0,городской округ Белоярский,2024-01
v2,1.0,городской округ Белоярский,2024-10
v2,1.0,городской округ Березовский #1,2023-08
v2,1.0,городской округ Березовский #1,2024-02
v2,1.0,городской округ Березовский #2,2024-01
v2,1.0,городской округ Березовский #2,2024-10
v2,1.0,городской округ Бисертский,2023-10
v2,1.0,городской округ Бисертский,2024-01
v2,1.0,городской округ Бисертский,2024-10
v2,1.0,городской округ Богданович,2023-10
v2,1.0,городской округ Богданович,2024-01
v2,1.0,городской округ Богданович,2024-10
v2,1.0,городской округ Богородский,2023-10
v2,1.0,городской округ Богородский,2024-01
v2,1.0,городской округ Богородский,2024-10
v2,1.0,городской округ Большой Камень,2024-01
v2,1.0,городской округ Большой Камень,2024-10
v2,1.0,городской округ Бронницы,2024-01
v2,1.0,городской округ Бронницы,2024-10
v2,1.0,городской округ Великий Новгород,2023-10
v2,1.0,городской округ Великий Новгород,2024-01
v2,1.0,городской округ Великий Новгород,2024-10
v2,1.0,городской округ Верещагинский,2024-10
v2,1.0,городской округ Верхнесалдинский,2023-10
v2,1.0,городской округ Верхнесалдинский,2024-01
v2,1.0,городской округ Верхнесалдинский,2024-10
v2,1.0,городской округ Верхнеуфалейский,2023-10
v2,1.0,городской округ Верхнеуфалейский,2024-01
v2,1.0,городской округ Верхнеуфалейский,2024-10
v2,1.0,городской округ Верхний Тагил,2023-10
v2,1.0,городской округ Верхний Тагил,2024-01
v2,1.0,городской округ Верхний Тагил,2024-10
v2,1.0,городской округ Верхняя Пышма,2023-10
v2,1.0,городской округ Верхняя Пышма,2024-01
v2,1.0,городской округ Верхняя Пышма,2024-10
v2,1.0,городской округ Верхотурский,2023-10
v2,1.0,городской округ Верхотурский,2024-01
v2,1.0,городской округ Верхотурский,2024-10
v2,1.0,городской округ Вичуга,2023-10
v2,1.0,городской округ Вичуга,2024-01
v2,1.0,городской округ Вичуга,2024-10
v2,1.0,городской округ Владивостокский,2023-10
v2,1.0,городской округ Владивостокский,2024-01
v2,1.0,городской округ Владивостокский,2024-10
v2,1.0,городской округ Волоколамский,2024-01
v2,1.0,городской округ Волоколамский,2024-10
v2,1.0,городской округ Волчанский,2024-10
v2,1.0,городской округ Воркута,2023-08
v2,1.0,городской округ Воркута,2024-02
v2,1.0,городской округ Воркута,2024-06
v2,1.0,городской округ Воротынский,2024-10
v2,1.0,городской округ Воскресенск,2024-01
v2,1.0,городской округ Воскресенск,2024-10
v2,1.0,городской округ Вышневолоцкий,2024-01
v2,1.0,городской округ Вышневолоцкий,2024-10
v2,1.0,городской округ Гайский,2023-10
v2,1.0,городской округ Гайский,2024-01
v2,1.0,городской округ Гайский,2024-10
v2,1.0,городской округ Гаринский,2024-10
v2,1.0,городской округ Голышмановский,2023-10
v2,1.0,городской округ Голышмановский,2024-01
v2,1.0,городской округ Голышмановский,2024-10
v2,1.0,городской округ Горнозаводский,2024-10
v2,1.0,городской округ Гусевский,2023-10
v2,1.0,городской округ Гусевский,2024-01
v2,1.0,городской округ Гусевский,2024-10
v2,1.0,городской округ Дальнегорский,2023-10
v2,1.0,городской округ Дальнегорский,2024-01
v2,1.0,городской округ Дальнегорский,2024-10
v2,1.0,городской округ Дальнереченский,2024-10
v2,1.0,городской округ Дегтярск,2023-06
v2,1.0,городской округ Дегтярск,2023-10
v2,1.0,городской округ Дегтярск,2024-01
v2,1.0,городской округ Дегтярск,2024-10
v2,1.0,городской округ Дзержинский,2023-10
v2,1.0,городской округ Дзержинский,2024-01
v2,1.0,городской округ Дзержинский,2024-10
v2,1.0,городской округ Дмитровский,2023-10
v2,1.0,городской округ Дмитровский,2024-01
v2,1.0,городской округ Дмитровский,2024-10
v2,1.0,городской округ Добрянский,2023-10
v2,1.0,городской округ Добрянский,2024-01
v2,1.0,городской округ Добрянский,2024-10
v2,1.0,городской округ Долгопрудный,2023-10
v2,1.0,городской округ Долгопрудный,2024-01
v2,1.0,городской округ Долгопрудный,2024-10
v2,1.0,городской округ Долинский,2024-10
v2,1.0,городской округ Домодедово,2024-01
v2,1.0,городской округ Домодедово,2024-10
v2,1.0,городской округ Дубна,2023-10
v2,1.0,городской округ Дубна,2024-01
v2,1.0,городской округ Дубна,2024-10
v2,1.0,городской округ Егорьевск,2024-01
v2,1.0,городской округ Егорьевск,2024-10
v2,1.0,городской округ Жигулевск,2024-01
v2,1.0,городской округ Жигулевск,2024-10
v2,1.0,городской округ Жуковский,2024-01
v2,1.0,городской округ Жуковский,2024-10
v2,1.0,городской округ Заводоуковский,2023-10
v2,1.0,городской округ Заводоуковский,2024-01
v2,1.0,городской округ Заводоуковский,2024-10
v2,1.0,городской округ Зарайск,2024-10
v2,1.0,городской округ Заречный,2023-10
v2,1.0,городской округ Заречный,2024-01
v2,1.0,городской округ Заречный,2024-10
v2,1.0,городской округ Зима,2024-02
v2,1.0,городской округ Зима,2024-05
v2,1.0,городской округ Зима,2024-10
v2,1.0,городской округ Златоустовский,2023-10
v2,1.0,городской округ Златоустовский,2024-01
v2,1.0,городской округ Златоустовский,2024-10
v2,1.0,городской округ Иваново,2024-01
v2,1.0,городской округ Иваново,2024-10
v2,1.0,городской округ Ивдельский,2023-10
v2,1.0,городской округ Ивдельский,2024-01
v2,1.0,городской округ Ивдельский,2024-10
v2,1.0,городской округ Инта,2023-08
v2,1.0,городской округ Инта,2024-02
v2,1.0,городской округ Инта,2024-06
v2,1.0,городской округ Инта,2024-10
v2,1.0,городской округ Ирбитское,2023-10
v2,1.0,городской округ Ирбитское,2024-01
v2,1.0,городской округ Ирбитское,2024-10
v2,1.0,городской округ Истра,2023-10
v2,1.0,городской округ Истра,2024-01
v2,1.0,городской округ Истра,2024-10
v2,1.0,городской округ Калтанский,2023-09
v2,1.0,городской округ Калтанский,2024-02
v2,1.0,городской округ Каменский,2023-10
v2,1.0,городской округ Каменский,2024-01
v2,1.0,городской округ Каменский,2024-10
v2,1.0,городской округ Камышловский,2023-10
v2,1.0,городской округ Камышловский,2024-01
v2,1.0,городской округ Камышловский,2024-10
v2,1.0,городской округ Карабашский,2024-10
v2,1.0,городской округ Карачаевский,2024-01
v2,1.0,городской округ Карачаевский,2024-10
v2,1.0,городской округ Карпинск,2024-02
v2,1.0,городской округ Карпинск,2024-05
v2,1.0,городской округ Карпинск,2024-10
v2,1.0,городской округ Качканарский,2024-02
v2,1.0,городской округ Качканарский,2024-05
v2,1.0,городской округ Качканарский,2024-10
v2,1.0,городской округ Кашинский,2024-10
v2,1.0,городской округ Кемеровский,2024-01
v2,1.0,городской округ Кемеровский,2024-10
v2,1.0,городской округ Кинель,2024-01
v2,1.0,городской округ Кинель,2024-10
v2,1.0,городской округ Кинешма,2024-10
v2,1.0,городской округ Кировградский,2023-10
v2,1.0,городской округ Кировградский,2024-01
v2,1.0,городской округ Кировградский,2024-10
v2,1.0,городской округ Киселевский,2024-01
v2,1.0,городской округ Киселевский,2024-10
v2,1.0,городской округ Клин,2023-10
v2,1.0,городской округ Клин,2024-01
v2,1.0,городской округ Клин,2024-10
v2,1.0,городской округ Коломна,2023-10
v2,1.0,городской округ Коломна,2024-01
v2,1.0,городской округ Коломна,2024-10
v2,1.0,городской округ Копейский,2024-01
v2,1.0,городской округ Копейский,2024-10
v2,1.0,городской округ Королёв,2024-01
v2,1.0,городской округ Королёв,2024-10
v2,1.0,городской округ Костомукшский,2023-06
v2,1.0,городской округ Костомукшский,2024-02
v2,1.0,городской округ Костомукшский,2024-06
v2,1.0,городской округ Костомукшский,2024-10
v2,1.0,городской округ Котельники,2023-10
v2,1.0,городской округ Котельники,2024-01
v2,1.0,городской округ Котельники,2024-10
v2,1.0,городской округ Котлас,2024-10
v2,1.0,городской округ Кохма,2023-08
v2,1.0,городской округ Кохма,2024-02
v2,1.0,городской округ Кохма,2024-06
v2,1.0,городской округ Кохма,2024-10
v2,1.0,городской округ Красновишерский,2023-10
v2,1.0,городской округ Красновишерский,2024-01
v2,1.0,городской округ Красновишерский,2024-10
v2,1.0,городской округ Красногорск,2024-01
v2,1.0,городской округ Красногорск,2024-10
v2,1.0,городской округ Краснокамский,2023-10
v2,1.0,городской округ Краснокамский,2024-01
v2,1.0,городской округ Краснокамский,2024-10
v2,1.0,городской округ Краснотурьинск,2023-10
v2,1.0,городской округ Краснотурьинск,2024-01
v2,1.0,городской округ Краснотурьинск,2024-10
v2,1.0,городской округ Красноуральск,2023-10
v2,1.0,городской округ Красноуральск,2024-01
v2,1.0,городской округ Красноуральск,2024-10
v2,1.0,городской округ Красноуфимск,2023-10
v2,1.0,городской округ Красноуфимск,2024-01
v2,1.0,городской округ Красноуфимск,2024-10
v2,1.0,городской округ Кувандыкский,2023-10
v2,1.0,городской округ Кувандыкский,2024-01
v2,1.0,городской округ Кувандыкский,2024-10
v2,1.0,городской округ Кушвинский,2023-10
v2,1.0,городской округ Кушвинский,2024-01
v2,1.0,городской округ Кушвинский,2024-10
v2,1.0,городской округ Кыштымский,2023-10
v2,1.0,городской округ Кыштымский,2024-01
v2,1.0,городской округ Кыштымский,2024-10
v2,1.0,городской округ Ленинск-Кузнецкий,2024-01
v2,1.0,городской округ Ленинск-Кузнецкий,2024-10
v2,1.0,городской округ Ленинский,2024-01
v2,1.0,городской округ Ленинский,2024-10
v2,1.0,городской округ Лесозаводский,2023-10
v2,1.0,городской округ Лесозаводский,2024-01
v2,1.0,городской округ Лесозаводский,2024-10
v2,1.0,городской округ Лобня,2024-01
v2,1.0,городской округ Лобня,2024-10
v2,1.0,городской округ Лосино-Петровский,2024-01
v2,1.0,городской округ Лосино-Петровский,2024-10
v2,1.0,городской округ Лотошино,2023-10
v2,1.0,городской округ Лотошино,2024-01
v2,1.0,городской округ Лотошино,2024-10
v2,1.0,городской округ Луховицы,2024-01
v2,1.0,городской округ Луховицы,2024-10
v2,1.0,городской округ Лысьвенский,2023-10
v2,1.0,городской округ Лысьвенский,2024-01
v2,1.0,городской округ Лысьвенский,2024-10
v2,1.0,городской округ Лыткарино,2024-01
v2,1.0,городской округ Лыткарино,2024-10
v2,1.0,городской округ Люберцы,2024-01
v2,1.0,городской округ Люберцы,2024-10
v2,1.0,городской округ Магнитогорский,2023-10
v2,1.0,городской округ Магнитогорский,2024-01
v2,1.0,городской округ Магнитогорский,2024-10
v2,1.0,городской округ Макаровский,2024-10
v2,1.0,городской округ Малышевский,2024-04
v2,1.0,городской округ Малышевский,2024-10
v2,1.0,городской округ Мамоновский,2023-07
v2,1.0,городской округ Мамоновский,2023-10
v2,1.0,городской округ Мамоновский,2024-01
v2,1.0,городской округ Мамоновский,2024-10
v2,1.0,городской округ Миасский,2023-10
v2,1.0,городской округ Миасский,2024-01
v2,1.0,городской округ Миасский,2024-10
v2,1.0,городской округ Можайский,2024-01
v2,1.0,городской округ Можайский,2024-10
v2,1.0,городской округ Мысковский,2023-07
v2,1.0,городской округ Мысковский,2024-02
v2,1.0,городской округ Мытищи,2023-10
v2,1.0,городской округ Мытищи,2024-01
v2,1.0,городской округ Мытищи,2024-10
v2,1.0,городской округ Навашинский,2023-10
v2,1.0,городской округ Навашинский,2024-01
v2,1.0,городской округ Наро-Фоминский,2023-10
v2,1.0,городской округ Наро-Фоминский,2024-01
v2,1.0,городской округ Наро-Фоминский,2024-10
v2,1.0,городской округ Находкинский,2024-01
v2,1.0,городской округ Находкинский,2024-10
v2,1.0,городской округ Невельский,2023-08
v2,1.0,городской округ Невельский,2024-02
v2,1.0,городской округ Невельский,2024-05
v2,1.0,городской округ Невельский,2024-10
v2,1.0,городской округ Невьянский,2023-10
v2,1.0,городской округ Невьянский,2024-01
v2,1.0,городской округ Невьянский,2024-10
v2,1.0,городской округ Нелидовский,2023-10
v2,1.0,городской округ Нелидовский,2024-01
v2,1.0,городской округ Нелидовский,2024-10
v2,1.0,городской округ Нижнетуринский,2023-10
v2,1.0,городской округ Нижнетуринский,2024-01
v2,1.0,городской округ Нижнетуринский,2024-10
v2,1.0,городской округ Нижняя Салда,2023-10
v2,1.0,городской округ Нижняя Салда,2024-01
v2,1.0,городской округ Нижняя Салда,2024-10
v2,1.0,городской округ Новокуйбышевск,2024-01
v2,1.0,городской округ Новокуйбышевск,2024-10
v2,1.0,городской округ Новолялинский,2023-10
v2,1.0,городской округ Новолялинский,2024-01
v2,1.0,городской округ Новолялинский,2024-10
v2,1.0,городской округ Ногликский,2023-09
v2,1.0,городской округ Ногликский,2024-02
v2,1.0,городской округ Нытвенский,2023-10
v2,1.0,городской округ Нытвенский,2024-01
v2,1.0,городской округ Нытвенский,2024-10
v2,1.0,городской округ Одинцовский,2023-10
v2,1.0,городской округ Одинцовский,2024-01
v2,1.0,городской округ Одинцовский,2024-10
v2,1.0,городской округ Октябрьск,2024-02
v2,1.0,городской округ Октябрьск,2024-05
v2,1.0,городской округ Октябрьск,2024-10
v2,1.0,городской округ Октябрьский,2023-10
v2,1.0,городской округ Октябрьский,2024-01
v2,1.0,городской округ Октябрьский,2024-10
v2,1.0,городской округ Орехово-Зуевский,2024-01
v2,1.0,городской округ Орехово-Зуевский,2024-10
v2,1.0,городской округ Осинниковский,2023-06
v2,1.0,городской округ Осинниковский,2024-02
v2,1.0,городской округ Осинский,2024-10
v2,1.0,городской округ Осташковский,2023-10
v2,1.0,городской округ Осташковский,2024-01
v2,1.0,городской округ Осташковский,2024-10
v2,1.0,городской округ Отрадный,2024-01
v2,1.0,городской округ Отрадный,2024-10
v2,1.0,городской округ Оханский,2024-10
v2,1.0,городской округ Охинский,2023-08
v2,1.0,городской округ Охинский,2024-02
v2,1.0,городской округ Очерский,2024-10
v2,1.0,городской округ Партизанский,2023-10
v2,1.0,городской округ Партизанский,2024-01
v2,1.0,городской округ Партизанский,2024-10
v2,1.0,городской округ Пелым,2023-12
v2,1.0,городской округ Пелым,2024-06
v2,1.0,городской округ Пелым,2024-10
v2,1.0,городской округ Первоуральск,2023-10
v2,1.0,городской округ Первоуральск,2024-01
v2,1.0,городской округ Первоуральск,2024-10
v2,1.0,городской округ Перевозский,2024-02
v2,1.0,городской округ Перевозский,2024-05
v2,1.0,городской округ Перевозский,2024-10
v2,1.0,городской округ Пермский,2023-10
v2,1.0,городской округ Пермский,2024-01
v2,1.0,городской округ Пермский,2024-10
v2,1.0,городской округ Петрозаводский,2023-10
v2,1.0,городской округ Петрозаводский,2024-01
v2,1.0,городской округ Петрозаводский,2024-10
v2,1.0,городской округ Петропавловск-Камчатский,2024-01
v2,1.0,городской округ Петропавловск-Камчатский,2024-10
v2,1.0,городской округ Пионерский,2023-06
v2,1.0,городской округ Пионерский,2024-01
v2,1.0,городской округ Пионерский,2024-07
v2,1.0,городской округ Подольск,2024-01
v2,1.0,городской округ Подольск,2024-10
v2,1.0,городской округ Полевской,2023-10
v2,1.0,городской округ Полевской,2024-01
v2,1.0,городской округ Полевской,2024-10
v2,1.0,городской округ Полысаевский,2023-06
v2,1.0,городской округ Полысаевский,2024-02
v2,1.0,городской округ Поронайский,2023-08
v2,1.0,городской округ Поронайский,2024-02
v2,1.0,городской округ Похвистнево,2024-10
v2,1.0,городской округ Протвино,2023-10
v2,1.0,городской округ Протвино,2024-01
v2,1.0,городской округ Протвино,2024-10
v2,1.0,городской округ Прохладный,2024-01
v2,1.0,городской округ Прохладный,2024-10
v2,1.0,городской округ Пушкинский,2024-01
v2,1.0,городской округ Пушкинский,2024-10
v2,1.0,городской округ Пущино,2024-02
v2,1.0,городской округ Пущино,2024-05
v2,1.0,городской округ Пущино,2024-10
v2,1.0,городской округ Пышминский,2023-10
v2,1.0,городской округ Пышминский,2024-01
v2,1.0,городской округ Пышминский,2024-10
v2,1.0,городской округ Раменский,2024-01
v2,1.0,городской округ Раменский,2024-10
v2,1.0,городской округ Ревда,2023-10
v2,1.0,городской округ Ревда,2024-01
v2,1.0,городской округ Ревда,2024-10
v2,1.0,городской округ Режевской,2023-10
v2,1.0,городской округ Режевской,2024-01
v2,1.0,городской округ Режевской,2024-10
v2,1.0,городской округ Реутов,2024-01
v2,1.0,городской округ Реутов,2024-10
v2,1.0,городской округ Рефтинский,2024-02
v2,1.0,городской округ Рефтинский,2024-06
v2,1.0,городской округ Рефтинский,2024-10
v2,1.0,городской округ Рузский,2023-10
v2,1.0,городской округ Рузский,2024-01
v2,1.0,городской округ Рузский,2024-10
v2,1.0,городской округ Самара,2024-01
v2,1.0,городской округ Самара,2024-10
v2,1.0,городской округ Светловский,2023-10
v2,1.0,городской округ Светловский,2024-01
v2,1.0,городской округ Светловский,2024-10
v2,1.0,городской округ Светлогорский,2024-01
v2,1.0,городской округ Светлогорский,2024-05
v2,1.0,городской округ Северодвинск,2023-06
v2,1.0,городской округ Северодвинск,2023-10
v2,1.0,городской округ Северодвинск,2024-01
v2,1.0,городской округ Северодвинск,2024-10
v2,1.0,городской округ Североуральский,2023-10
v2,1.0,городской округ Североуральский,2024-01
v2,1.0,городской округ Североуральский,2024-10
v2,1.0,городской округ Семеновский,2024-10
v2,1.0,городской округ Сергиево-Посадский,2024-01
v2,1.0,городской округ Сергиево-Посадский,2024-10
v2,1.0,городской округ Серебряные Пруды,2024-02
v2,1.0,городской округ Серебряные Пруды,2024-05
v2,1.0,городской округ Серебряные Пруды,2024-10
v2,1.0,городской округ Серовский,2023-10
v2,1.0,городской округ Серовский,2024-01
v2,1.0,городской округ Серовский,2024-10
v2,1.0,городской округ Серпухов,2023-10
v2,1.0,городской округ Серпухов,2024-01
v2,1.0,городской округ Серпухов,2024-10
v2,1.0,городской округ Смирныховский,2023-10
v2,1.0,городской округ Смирныховский,2024-01
v2,1.0,городской округ Смирныховский,2024-10
v2,1.0,городской округ Советский,2023-10
v2,1.0,городской округ Советский,2024-01
v2,1.0,городской округ Советский,2024-10
v2,1.0,городской округ Соликамский,2023-10
v2,1.0,городской округ Соликамский,2024-01
v2,1.0,городской округ Соликамский,2024-10
v2,1.0,городской округ Солнечногорск,2023-10
v2,1.0,городской округ Солнечногорск,2024-01
v2,1.0,городской округ Солнечногорск,2024-10
v2,1.0,городской округ Соль-Илецкий,2024-01
v2,1.0,городской округ Соль-Илецкий,2024-10
v2,1.0,городской округ Сорочинский,2023-10
v2,1.0,городской округ Сорочинский,2024-01
v2,1.0,городской округ Сорочинский,2024-10
v2,1.0,городской округ Сосновоборский,2023-10
v2,1.0,городской округ Сосновоборский,2024-01
v2,1.0,городской округ Сосновоборский,2024-10
v2,1.0,городской округ Сосьвинский,2023-10
v2,1.0,городской округ Сосьвинский,2024-01
v2,1.0,городской округ Сосьвинский,2024-10
v2,1.0,городской округ Спасск-Дальний,2024-01
v2,1.0,городской округ Спасск-Дальний,2024-10
v2,1.0,городской округ Среднеуральск,2024-10
v2,1.0,городской округ Ступино,2023-10
v2,1.0,городской округ Ступино,2024-01
v2,1.0,городской округ Ступино,2024-10
v2,1.0,городской округ Суксунский,2023-10
v2,1.0,городской округ Суксунский,2024-01
v2,1.0,городской округ Суксунский,2024-10
v2,1.0,городской округ Сухой Лог,2023-10
v2,1.0,городской округ Сухой Лог,2024-01
v2,1.0,городской округ Сухой Лог,2024-10
v2,1.0,городской округ Сызрань,2024-01
v2,1.0,городской округ Сызрань,2024-10
v2,1.0,городской округ Сыктывкар,2024-10
v2,1.0,городской округ Сысертский,2023-10
v2,1.0,городской округ Сысертский,2024-01
v2,1.0,городской округ Сысертский,2024-10
v2,1.0,городской округ Тавдинский,2023-10
v2,1.0,городской округ Тавдинский,2024-01
v2,1.0,городской округ Тавдинский,2024-10
v2,1.0,городской округ Тайгинский,2023-08
v2,1.0,городской округ Тайгинский,2024-02
v2,1.0,городской округ Талдомский,2023-10
v2,1.0,городской округ Талдомский,2024-01
v2,1.0,городской округ Талдомский,2024-10
v2,1.0,городской округ Талицкий,2023-10
v2,1.0,городской округ Талицкий,2024-01
v2,1.0,городской округ Талицкий,2024-10
v2,1.0,городской округ Тейково,2023-10
v2,1.0,городской округ Тейково,2024-01
v2,1.0,городской округ Тейково,2024-10
v2,1.0,городской округ Томаринский,2024-10
v2,1.0,городской округ Троицкий,2023-10
v2,1.0,городской округ Троицкий,2024-01
v2,1.0,городской округ Троицкий,2024-10
v2,1.0,городской округ Тугулымский,2023-10
v2,1.0,городской округ Тугулымский,2024-01
v2,1.0,городской округ Тугулымский,2024-10
v2,1.0,городской округ Туринский,2024-10
v2,1.0,городской округ Тымовский,2024-10
v2,1.0,городской округ Углегорский,2024-10
v2,1.0,городской округ Удомельский,2023-10
v2,1.0,городской округ Удомельский,2024-01
v2,1.0,городской округ Удомельский,2024-10
v2,1.0,городской округ Уссурийский,2023-10
v2,1.0,городской округ Уссурийский,2024-01
v2,1.0,городской округ Уссурийский,2024-10
v2,1.0,городской округ Усть-Катавский,2023-10
v2,1.0,городской округ Усть-Катавский,2024-01
v2,1.0,городской округ Усть-Катавский,2024-10
v2,1.0,городской округ Ухта,2023-08
v2,1.0,городской округ Ухта,2024-02
v2,1.0,городской округ Ухта,2024-07
v2,1.0,городской округ Ухта,2024-10
v2,1.0,городской округ Фрязино,2024-01
v2,1.0,городской округ Фрязино,2024-10
v2,1.0,городской округ Холмский,2024-10
v2,1.0,городской округ Чайковский,2024-01
v2,1.0,городской округ Чайковский,2024-10
v2,1.0,городской округ Чапаевск,2024-01
v2,1.0,городской округ Чапаевск,2024-10
v2,1.0,городской округ Чебаркульский,2023-10
v2,1.0,городской округ Чебаркульский,2024-01
v2,1.0,городской округ Чебаркульский,2024-10
v2,1.0,городской округ Челябинский,2024-01
v2,1.0,городской округ Челябинский,2024-10
v2,1.0,городской округ Чердынский,2023-10
v2,1.0,городской округ Чердынский,2024-01
v2,1.0,городской округ Чердынский,2024-10
v2,1.0,городской округ Черкесский,2024-01
v2,1.0,городской округ Черкесский,2024-10
v2,1.0,городской округ Черноголовка,2024-10
v2,1.0,городской округ Чернушинский,2023-10
v2,1.0,городской округ Чернушинский,2024-01
v2,1.0,городской округ Чернушинский,2024-10
v2,1.0,городской округ Чехов,2023-10
v2,1.0,городской округ Чехов,2024-01
v2,1.0,городской округ Чехов,2024-10
v2,1.0,городской округ Чусовской,2023-10
v2,1.0,городской округ Чусовской,2024-01
v2,1.0,городской округ Чусовской,2024-10
v2,1.0,городской округ Шалинский,2024-02
v2,1.0,городской округ Шалинский,2024-05
v2,1.0,городской округ Шалинский,2024-10
v2,1.0,городской округ Шатура,2024-01
v2,1.0,городской округ Шатура,2024-10
v2,1.0,городской округ Шаховская,2023-10
v2,1.0,городской округ Шаховская,2024-01
v2,1.0,городской округ Шаховская,2024-10
v2,1.0,городской округ Шуя,2023-10
v2,1.0,городской округ Шуя,2024-01
v2,1.0,городской округ Шуя,2024-10
v2,1.0,городской округ Щёлково,2024-01
v2,1.0,городской округ Щёлково,2024-10
v2,1.0,городской округ Эгвекинот,2023-08
v2,1.0,городской округ Эгвекинот,2023-12
v2,1.0,городской округ Эгвекинот,2024-08
v2,1.0,городской округ Электросталь,2024-01
v2,1.0,городской округ Электросталь,2024-10
v2,1.0,городской округ Южно-Курильский,2023-08
v2,1.0,городской округ Южно-Курильский,2024-02
v2,1.0,городской округ Южно-Курильский,2024-08
v2,1.0,городской округ Южноуральский,2023-10
v2,1.0,городской округ Южноуральский,2024-01
v2,1.0,городской округ Южноуральский,2024-10
v2,1.0,городской округ Юргинский,2024-01
v2,1.0,городской округ Юргинский,2024-10
v2,1.0,городской округ Янтарный,2024-10
v2,1.0,городской округ Ясненский,2023-10
v2,1.0,городской округ Ясненский,2024-01
v2,1.0,городской округ Ясненский,2024-10
v2,1.0,городской округ город Абаза,2024-10
v2,1.0,городской округ город Абакан,2024-01
v2,1.0,городской округ город Абакан,2024-10
v2,1.0,городской округ город Агидель,2023-10
v2,1.0,городской округ город Агидель,2024-01
v2,1.0,городской округ город Агидель,2024-10
v2,1.0,городской округ город Адыгейск,2024-10
v2,1.0,городской округ город Алапаевск,2023-10
v2,1.0,городской округ город Алапаевск,2024-01
v2,1.0,городской округ город Алапаевск,2024-10
v2,1.0,городской округ город Алатырь,2023-10
v2,1.0,городской округ город Алатырь,2024-01
v2,1.0,городской округ город Алатырь,2024-10
v2,1.0,городской округ город Алейск,2023-10
v2,1.0,городской округ город Алейск,2024-01
v2,1.0,городской округ город Алейск,2024-10
v2,1.0,городской округ город Алексин,2024-01
v2,1.0,городской округ город Алексин,2024-10
v2,1.0,городской округ город Арзамас,2024-01
v2,1.0,городской округ город Арзамас,2024-10
v2,1.0,городской округ город Архангельск,2023-10
v2,1.0,городской округ город Архангельск,2024-01
v2,1.0,городской округ город Архангельск,2024-10
v2,1.0,городской округ город Астрахань,2024-01
v2,1.0,городской округ город Астрахань,2024-10
v2,1.0,городской округ город Ачинск,2023-10
v2,1.0,городской округ город Ачинск,2024-01
v2,1.0,городской округ город Ачинск,2024-10
v2,1.0,городской округ город Барнаул,2024-01
v2,1.0,городской округ город Барнаул,2024-10
v2,1.0,городской округ город Белокуриха,2024-01
v2,1.0,городской округ город Белокуриха,2024-10
v2,1.0,городской округ город Бердск,2024-01
v2,1.0,городской округ город Бердск,2024-10
v2,1.0,городской округ город Березники,2023-10
v2,1.0,городской округ город Березники,2024-01
v2,1.0,городской округ город Березники,2024-10
v2,1.0,городской округ город Бийск,2024-01
v2,1.0,городской округ город Бийск,2024-10
v2,1.0,городской округ город Биробиджан,2023-10
v2,1.0,городской округ город Биробиджан,2024-01
v2,1.0,городской округ город Биробиджан,2024-10
v2,1.0,городской округ город Бор,2024-01
v2,1.0,городской округ город Бор,2024-10
v2,1.0,городской округ город Бородино,2024-02
v2,1.0,городской округ город Бородино,2024-06
v2,1.0,городской округ город Бородино,2024-10
v2,1.0,городской округ город Братск,2024-01
v2,1.0,городской округ город Братск,2024-10
v2,1.0,городской округ город Бугуруслан,2023-10
v2,1.0,городской округ город Бугуруслан,2024-01
v2,1.0,городской округ город Бугуруслан,2024-10
v2,1.0,городской округ город Бузулук,2024-01
v2,1.0,городской округ город Бузулук,2024-10
v2,1.0,городской округ город Буй,2023-10
v2,1.0,городской округ город Буй,2024-01
v2,1.0,городской округ город Буй,2024-10
v2,1.0,городской округ город Великие Луки,2023-10
v2,1.0,городской округ город Великие Луки,2024-01
v2,1.0,городской округ город Великие Луки,2024-10
v2,1.0,городской округ город Владикавказ,2024-01
v2,1.0,городской округ город Владикавказ,2024-10
v2,1.0,городской округ город Владимир,2024-01
v2,1.0,городской округ город Владимир,2024-10
v2,1.0,городской округ город Волгореченск,2024-04
v2,1.0,городской округ город Волгореченск,2024-10
v2,1.0,городской округ город Волжск,2023-10
v2,1.0,городской округ город Волжск,2024-01
v2,1.0,городской округ город Волжск,2024-10
v2,1.0,городской округ город Волжский,2024-01
v2,1.0,городской округ город Волжский,2024-10
v2,1.0,городской округ город Воткинск,2024-10
v2,1.0,городской округ город Выкса,2024-01
v2,1.0,городской округ город Выкса,2024-10
v2,1.0,городской округ город Вятские Поляны,2023-10
v2,1.0,городской округ город Вятские Поляны,2024-01
v2,1.0,городской округ город Вятские Поляны,2024-10
v2,1.0,городской округ город Галич,2023-10
v2,1.0,городской округ город Галич,2024-01
v2,1.0,городской округ город Галич,2024-10
v2,1.0,городской округ город Глазов,2024-10
v2,1.0,городской округ город Горно-Алтайск,2023-09
v2,1.0,городской округ город Горно-Алтайск,2024-02
v2,1.0,городской округ город Губкинский,2023-08
v2,1.0,городской округ город Губкинский,2024-02
v2,1.0,городской округ город Губкинский,2024-08
v2,1.0,городской округ город Гусь-Хрустальный,2024-01
v2,1.0,городской округ город Гусь-Хрустальный,2024-10
v2,1.0,городской округ город Десногорск,2023-06
v2,1.0,городской округ город Десногорск,2024-02
v2,1.0,городской округ город Десногорск,2024-06
v2,1.0,городской округ город Десногорск,2024-10
v2,1.0,городской округ город Дзержинск,2024-01
v2,1.0,городской округ город Дзержинск,2024-10
v2,1.0,городской округ город Дивногорск,2023-10
v2,1.0,городской округ город Дивногорск,2024-01
v2,1.0,городской округ город Дивногорск,2024-05
v2,1.0,городской округ город Димитровград,2023-10
v2,1.0,городской округ город Димитровград,2024-01
v2,1.0,городской округ город Димитровград,2024-10
v2,1.0,городской округ город Донской,2023-10
v2,1.0,городской округ город Донской,2024-01
v2,1.0,городской округ город Донской,2024-10
v2,1.0,городской округ город Екатеринбург,2023-10
v2,1.0,городской округ город Екатеринбург,2024-01
v2,1.0,городской округ город Екатеринбург,2024-10
v2,1.0,городской округ город Елец,2023-10
v2,1.0,городской округ город Елец,2024-01
v2,1.0,городской округ город Елец,2024-10
v2,1.0,городской округ город Енисейск,2024-10
v2,1.0,городской округ город Ефремов,2023-10
v2,1.0,городской округ город Ефремов,2024-01
v2,1.0,городской округ город Ефремов,2024-10
v2,1.0,городской округ город Заринск,2023-10
v2,1.0,городской округ город Заринск,2024-01
v2,1.0,городской округ город Заринск,2024-10
v2,1.0,городской округ город Ижевск,2023-10
v2,1.0,городской округ город Ижевск,2024-01
v2,1.0,городской округ город Ижевск,2024-10
v2,1.0,городской округ город Ирбит,2023-10
v2,1.0,городской округ город Ирбит,2024-01
v2,1.0,городской округ город Ирбит,2024-10
v2,1.0,городской округ город Иркутск,2024-01
v2,1.0,городской округ город Иркутск,2024-10
v2,1.0,городской округ город Искитим,2024-01
v2,1.0,городской округ город Искитим,2024-10
v2,1.0,городской округ город Ишим,2023-10
v2,1.0,городской округ город Ишим,2024-01
v2,1.0,городской округ город Ишим,2024-10
v2,1.0,городской округ город Йошкар-Ола,2023-10
v2,1.0,городской округ город Йошкар-Ола,2024-01
v2,1.0,городской округ город Йошкар-Ола,2024-10
v2,1.0,городской округ город Казань,2023-10
v2,1.0,городской округ город Казань,2024-01
v2,1.0,городской округ город Казань,2024-10
v2,1.0,городской округ город Калининград,2023-10
v2,1.0,городской округ город Калининград,2024-01
v2,1.0,городской округ город Калининград,2024-10
v2,1.0,городской округ город Калуга,2023-10
v2,1.0,городской округ город Калуга,2024-01
v2,1.0,городской округ город Калуга,2024-10
v2,1.0,городской округ город Каменск-Уральский,2023-10
v2,1.0,городской округ город Каменск-Уральский,2024-01
v2,1.0,городской округ город Каменск-Уральский,2024-10
v2,1.0,городской округ город Камышин,2023-10
v2,1.0,городской округ город Камышин,2024-01
v2,1.0,городской округ город Камышин,2024-10
v2,1.0,городской округ город Канаш,2023-10
v2,1.0,городской округ город Канаш,2024-01
v2,1.0,городской округ город Канаш,2024-10
v2,1.0,городской округ город Канск,2023-10
v2,1.0,городской округ город Канск,2024-01
v2,1.0,городской округ город Канск,2024-10
v2,1.0,городской округ город Касимов,2023-10
v2,1.0,городской округ город Касимов,2024-01
v2,1.0,городской округ город Касимов,2024-10
v2,1.0,городской округ город Кедровый,2023-08
v2,1.0,городской округ город Кедровый,2024-02
v2,1.0,городской округ город Кедровый,2024-05
v2,1.0,городской округ город Кедровый,2024-10
v2,1.0,городской округ город Кизел,2023-10
v2,1.0,городской округ город Кизел,2024-01
v2,1.0,городской округ город Кизел,2024-10
v2,1.0,городской округ город Киров,2023-10
v2,1.0,городской округ город Киров,2024-01
v2,1.0,городской округ город Киров,2024-10
v2,1.0,городской округ город Кирово-Чепецк,2023-10
v2,1.0,городской округ город Кирово-Чепецк,2024-01
v2,1.0,городской округ город Кирово-Чепецк,2024-10
v2,1.0,городской округ город Кирсанов,2023-10
v2,1.0,городской округ город Кирсанов,2024-01
v2,1.0,городской округ город Кирсанов,2024-10
v2,1.0,городской округ город Ковров,2024-01
v2,1.0,городской округ город Ковров,2024-10
v2,1.0,городской округ город Когалым,2023-08
v2,1.0,городской округ город Когалым,2024-02
v2,1.0,городской округ город Когалым,2024-07
v2,1.0,городской округ город Когалым,2024-10
v2,1.0,городской округ город Козьмодемьянск,2023-10
v2,1.0,городской округ город Козьмодемьянск,2024-01
v2,1.0,городской округ город Козьмодемьянск,2024-10
v2,1.0,городской округ город Комсомольск-на-Амуре,2023-10
v2,1.0,городской округ город Комсомольск-на-Амуре,2024-01
v2,1.0,городской округ город Комсомольск-на-Амуре,2024-10
v2,1.0,городской округ город Коряжма,2024-04
v2,1.0,городской округ город Коряжма,2024-10
v2,1.0,городской округ город Кострома,2023-10
v2,1.0,городской округ город Кострома,2024-01
v2,1.0,городской округ город Кострома,2024-10
v2,1.0,городской округ город Котельнич,2023-10
v2,1.0,городской округ город Котельнич,2024-01
v2,1.0,городской округ город Котельнич,2024-10
v2,1.0,городской округ город Котовск,2023-10
v2,1.0,городской округ город Котовск,2024-01
v2,1.0,городской округ город Котовск,2024-10
v2,1.0,городской округ город Красноярск,2024-01
v2,1.0,городской округ город Красноярск,2024-10
v2,1.0,городской округ город Кулебаки,2023-10
v2,1.0,городской округ город Кулебаки,2024-01
v2,1.0,городской округ город Кулебаки,2024-10
v2,1.0,городской округ город Кумертау,2023-10
v2,1.0,городской округ город Кумертау,2024-01
v2,1.0,городской округ город Кумертау,2024-10
v2,1.0,городской округ город Курган,2024-10
v2,1.0,городской округ город Лабытнанги,2023-08
v2,1.0,городской округ город Лабытнанги,2023-12
v2,1.0,городской округ город Лангепас,2024-07
v2,1.0,городской округ город Лангепас,2024-10
v2,1.0,городской округ город Лермонтов,2023-10
v2,1.0,городской округ город Лермонтов,2024-01
v2,1.0,городской округ город Лермонтов,2024-10
v2,1.0,городской округ город Ливны,2023-10
v2,1.0,городской округ город Ливны,2024-01
v2,1.0,городской округ город Ливны,2024-10
v2,1.0,городской округ город Липецк,2023-10
v2,1.0,городской округ город Липецк,2024-01
v2,1.0,городской округ город Липецк,2024-10
v2,1.0,городской округ город Магадан,2024-01
v2,1.0,городской округ город Магадан,2024-10
v2,1.0,городской округ город Майкоп,2023-10
v2,1.0,городской округ город Майкоп,2024-01
v2,1.0,городской округ город Майкоп,2024-10
v2,1.0,городской округ город Мегион,2024-01
v2,1.0,городской округ город Мегион,2024-10
v2,1.0,городской округ город Медногорск,2023-10
v2,1.0,городской округ город Медногорск,2024-01
v2,1.0,городской округ город Медногорск,2024-10
v2,1.0,городской округ город Минусинск,2024-01
v2,1.0,городской округ город Минусинск,2024-10
v2,1.0,городской округ город Михайловка,2024-10
v2,1.0,городской округ город Мичуринск,2023-10
v2,1.0,городской округ город Мичуринск,2024-01
v2,1.0,городской округ город Мичуринск,2024-10
v2,1.0,городской округ город Можга,2024-10
v2,1.0,городской округ город Моршанск,2023-10
v2,1.0,городской округ город Моршанск,2024-01
v2,1.0,городской округ город Моршанск,2024-10
v2,1.0,городской округ город Муравленко,2023-08
v2,1.0,городской округ город Муравленко,2024-02
v2,1.0,городской округ город Муравленко,2024-07
v2,1.0,городской округ город Муравленко,2024-10
v2,1.0,городской округ город Мурманск,2023-08
v2,1.0,городской округ город Мурманск,2024-02
v2,1.0,городской округ город Мурманск,2024-07
v2,1.0,городской округ город Мурманск,2024-10
v2,1.0,городской округ город Мценск,2024-01
v2,1.0,городской округ город Мценск,2024-10
v2,1.0,городской округ город Набережные Челны,2023-10
v2,1.0,городской округ город Набережные Челны,2024-01
v2,1.0,городской округ город Набережные Челны,2024-10
v2,1.0,городской округ город Назарово,2023-10
v2,1.0,городской округ город Назарово,2024-01
v2,1.0,городской округ город Назарово,2024-10
v2,1.0,городской округ город Нарьян-Мар,2023-08
v2,1.0,городской округ город Нарьян-Мар,2024-02
v2,1.0,городской округ город Нарьян-Мар,2024-07
v2,1.0,городской округ город Нарьян-Мар,2024-10
v2,1.0,городской округ город Невинномысск,2023-10
v2,1.0,городской округ город Невинномысск,2024-01
v2,1.0,городской округ город Невинномысск,2024-10
v2,1.0,городской округ город Нефтекамск,2023-10
v2,1.0,городской округ город Нефтекамск,2024-01
v2,1.0,городской округ город Нефтекамск,2024-10
v2,1.0,городской округ город Нефтеюганск,2024-07
v2,1.0,городской округ город Нефтеюганск,2024-10
v2,1.0,городской округ город Нижневартовск,2024-01
v2,1.0,городской округ город Нижневартовск,2024-10
v2,1.0,городской округ город Нижний Новгород,2024-01
v2,1.0,городской округ город Нижний Новгород,2024-10
v2,1.0,городской округ город Нижний Тагил,2023-10
v2,1.0,городской округ город Нижний Тагил,2024-01
v2,1.0,городской округ город Нижний Тагил,2024-10
v2,1.0,городской округ город Новоалтайск,2024-01
v2,1.0,городской округ город Новоалтайск,2024-10
v2,1.0,городской округ город Новодвинск,2023-10
v2,1.0,городской округ город Новодвинск,2024-01
v2,1.0,городской округ город Новодвинск,2024-06
v2,1.0,городской округ город Новодвинск,2024-10
v2,1.0,городской округ город Новомосковск,2023-10
v2,1.0,городской округ город Новомосковск,2024-01
v2,1.0,городской округ город Новомосковск,2024-10
v2,1.0,городской округ город Новосибирск,2024-01
v2,1.0,городской округ город Новосибирск,2024-10
v2,1.0,городской округ город Новотроицк,2024-01
v2,1.0,городской округ город Новотроицк,2024-10
v2,1.0,городской округ город Новоульяновск,2023-10
v2,1.0,городской округ город Новоульяновск,2024-01
v2,1.0,городской округ город Новоульяновск,2024-10
v2,1.0,городской округ город Новочебоксарск,2024-01
v2,1.0,городской округ город Новочебоксарск,2024-10
v2,1.0,городской округ город Новый Уренгой,2023-08
v2,1.0,городской округ город Новый Уренгой,2024-02
v2,1.0,городской округ город Новый Уренгой,2024-08
v2,1.0,городской округ город Ноябрьск,2023-08
v2,1.0,городской округ город Ноябрьск,2024-02
v2,1.0,городской округ город Ноябрьск,2024-07
v2,1.0,городской округ город Нягань,2024-01
v2,1.0,городской округ город Нягань,2024-10
v2,1.0,городской округ город Обнинск,2023-10
v2,1.0,городской округ город Обнинск,2024-01
v2,1.0,городской округ город Обнинск,2024-10
v2,1.0,городской округ город Обь,2024-01
v2,1.0,городской округ город Обь,2024-10
v2,1.0,городской округ город Октябрьский,2023-10
v2,1.0,городской округ город Октябрьский,2024-01
v2,1.0,городской округ город Октябрьский,2024-10
v2,1.0,городской округ город Омск,2024-01
v2,1.0,городской округ город Омск,2024-10
v2,1.0,городской округ город Оренбург,2024-01
v2,1.0,городской округ город Оренбург,2024-10
v2,1.0,городской округ город Орск,2023-10
v2,1.0,городской округ город Орск,2024-01
v2,1.0,городской округ город Орск,2024-10
v2,1.0,городской округ город Орёл,2024-01
v2,1.0,городской округ город Орёл,2024-10
v2,1.0,городской округ город Первомайск,2024-10
v2,1.0,городской округ город Переславль-Залесский,2023-10
v2,1.0,городской округ город Переславль-Залесский,2024-01
v2,1.0,городской округ город Переславль-Залесский,2024-10
v2,1.0,городской округ город Петровск-Забайкальский,2023-10
v2,1.0,городской округ город Петровск-Забайкальский,2024-01
v2,1.0,городской округ город Петровск-Забайкальский,2024-10
v2,1.0,городской округ город Покачи,2023-09
v2,1.0,городской округ город Покачи,2024-02
v2,1.0,городской округ город Покачи,2024-07
v2,1.0,городской округ город Покачи,2024-10
v2,1.0,городской округ город Псков,2023-10
v2,1.0,городской округ город Псков,2024-01
v2,1.0,городской округ город Псков,2024-10
v2,1.0,городской округ город Пыть-Ях,2023-08
v2,1.0,городской округ город Пыть-Ях,2024-02
v2,1.0,городской округ город Пыть-Ях,2024-07
v2,1.0,городской округ город Пыть-Ях,2024-10
v2,1.0,городской округ город Радужный,2023-08
v2,1.0,городской округ город Радужный,2024-02
v2,1.0,городской округ город Радужный,2024-07
v2,1.0,городской округ город Радужный,2024-10
v2,1.0,городской округ город Рассказово,2023-10
v2,1.0,городской округ город Рассказово,2024-01
v2,1.0,городской округ город Рассказово,2024-10
v2,1.0,городской округ город Рубцовск,2024-01
v2,1.0,городской округ город Рубцовск,2024-10
v2,1.0,городской округ город Рыбинск,2023-10
v2,1.0,городской округ город Рыбинск,2024-01
v2,1.0,городской округ город Рыбинск,2024-10
v2,1.0,городской округ город Рязань,2023-10
v2,1.0,городской округ город Рязань,2024-01
v2,1.0,городской округ город Рязань,2024-10
v2,1.0,городской округ город Салават,2023-10
v2,1.0,городской округ город Салават,2024-01
v2,1.0,городской округ город Салават,2024-10
v2,1.0,городской округ город Салехард,2023-08
v2,1.0,городской округ город Салехард,2024-02
v2,1.0,городской округ город Салехард,2024-07
v2,1.0,городской округ город Салехард,2024-10
v2,1.0,городской округ город Сарапул,2024-01
v2,1.0,городской округ город Сарапул,2024-10
v2,1.0,городской округ город Саратов,2023-10
v2,1.0,городской округ город Саратов,2024-01
v2,1.0,городской округ город Саратов,2024-10
v2,1.0,городской округ город Саяногорск,2023-10
v2,1.0,городской округ город Саяногорск,2024-01
v2,1.0,городской округ город Саяногорск,2024-10
v2,1.0,городской округ город Саянск,2024-01
v2,1.0,городской округ город Саянск,2024-10
v2,1.0,городской округ город Свирск,2024-02
v2,1.0,городской округ город Свирск,2024-05
v2,1.0,городской округ город Свирск,2024-10
v2,1.0,городской округ город Сибай,2023-10
v2,1.0,городской округ город Сибай,2024-01
v2,1.0,городской округ город Сибай,2024-10
v2,1.0,городской округ город Скопин,2023-10
v2,1.0,городской округ город Скопин,2024-01
v2,1.0,городской округ город Скопин,2024-10
v2,1.0,городской округ город Слободской,2023-10
v2,1.0,городской округ город Слободской,2024-01
v2,1.0,городской округ город Слободской,2024-10
v2,1.0,городской округ город Смоленск,2023-10
v2,1.0,городской округ город Смоленск,2024-01
v2,1.0,городской округ город Смоленск,2024-10
v2,1.0,городской округ город Сорск,2023-10
v2,1.0,городской округ город Сорск,2024-01
v2,1.0,городской округ город Сорск,2024-10
v2,1.0,городской округ город Сосновоборск,2023-10
v2,1.0,городской округ город Сосновоборск,2024-01
v2,1.0,городской округ город Сосновоборск,2024-10
v2,1.0,городской округ город Ставрополь,2024-01
v2,1.0,городской округ город Ставрополь,2024-10
v2,1.0,городской округ город Стерлитамак,2023-10
v2,1.0,городской округ город Стерлитамак,2024-01
v2,1.0,городской округ город Стерлитамак,2024-10
v2,1.0,городской округ город Стрежевой,2024-10
v2,1.0,городской округ город Сургут,2024-10
v2,1.0,городской округ город Тамбов,2023-10
v2,1.0,городской округ город Тамбов,2024-01
v2,1.0,городской округ город Тамбов,2024-10
v2,1.0,городской округ город Тверь,2023-10
v2,1.0,городской округ город Тверь,2024-01
v2,1.0,городской округ город Тверь,2024-10
v2,1.0,городской округ город Тобольск,2024-01
v2,1.0,городской округ город Тобольск,2024-10
v2,1.0,городской округ город Томск,2024-01
v2,1.0,городской округ город Томск,2024-10
v2,1.0,городской округ город Торжок,2023-10
v2,1.0,городской округ город Торжок,2024-01
v2,1.0,городской округ город Торжок,2024-10
v2,1.0,городской округ город Тула,2024-01
v2,1.0,городской округ город Тула,2024-10
v2,1.0,городской округ город Тулун,2024-01
v2,1.0,городской округ город Тулун,2024-10
v2,1.0,городской округ город Тюмень,2024-01
v2,1.0,городской округ город Тюмень,2024-10
v2,1.0,городской округ город Уварово,2023-10
v2,1.0,городской округ город Уварово,2024-01
v2,1.0,городской округ город Уварово,2024-10
v2,1.0,городской округ город Ульяновск,2023-10
v2,1.0,городской округ город Ульяновск,2024-01
v2,1.0,городской округ город Ульяновск,2024-10
v2,1.0,городской округ город Урай,2024-07
v2,1.0,городской округ город Урай,2024-10
v2,1.0,городской округ город Урюпинск,2023-10
v2,1.0,городской округ город Урюпинск,2024-01
v2,1.0,городской округ город Урюпинск,2024-10
v2,1.0,городской округ город Усолье-Сибирское,2024-01
v2,1.0,городской округ город Усолье-Сибирское,2024-10
v2,1.0,городской округ город Усть-Илимск,2024-01
v2,1.0,городской округ город Усть-Илимск,2024-10
v2,1.0,городской округ город Уфа,2023-10
v2,1.0,городской округ город Уфа,2024-01
v2,1.0,городской округ город Уфа,2024-10
v2,1.0,городской округ город Фролово,2024-02
v2,1.0,городской округ город Фролово,2024-05
v2,1.0,городской округ город Фролово,2024-10
v2,1.0,городской округ город Хабаровск,2023-10
v2,1.0,городской округ город Хабаровск,2024-01
v2,1.0,городской округ город Хабаровск,2024-10
v2,1.0,городской округ город Ханты-Мансийск,2023-10
v2,1.0,городской округ город Ханты-Мансийск,2024-01
v2,1.0,городской округ город Ханты-Мансийск,2024-10
v2,1.0,городской округ город Чебоксары,2024-01
v2,1.0,городской округ город Чебоксары,2024-10
v2,1.0,городской округ город Черемхово,2024-01
v2,1.0,городской округ город Черемхово,2024-10
v2,1.0,городской округ город Черногорск,2024-01
v2,1.0,городской округ город Черногорск,2024-10
v2,1.0,городской округ город Чкаловск,2024-10
v2,1.0,городской округ город Шадринск,2023-10
v2,1.0,городской округ город Шадринск,2024-01
v2,1.0,городской округ город Шадринск,2024-10
v2,1.0,городской округ город Шарыпово,2023-10
v2,1.0,городской округ город Шарыпово,2024-01
v2,1.0,городской округ город Шарыпово,2024-10
v2,1.0,городской округ город Шарья,2023-10
v2,1.0,городской округ город Шарья,2024-01
v2,1.0,городской округ город Шарья,2024-10
v2,1.0,городской округ город Шахунья,2024-10
v2,1.0,городской округ город Шиханы,2023-10
v2,1.0,городской округ город Шиханы,2024-01
v2,1.0,городской округ город Шиханы,2024-10
v2,1.0,городской округ город Шумерля,2023-10
v2,1.0,городской округ город Шумерля,2024-01
v2,1.0,городской округ город Шумерля,2024-10
v2,1.0,городской округ город Югорск,2023-08
v2,1.0,городской округ город Югорск,2024-02
v2,1.0,городской округ город Югорск,2024-07
v2,1.0,городской округ город Югорск,2024-10
v2,1.0,городской округ город Ялуторовск,2023-10
v2,1.0,городской округ город Ялуторовск,2024-01
v2,1.0,городской округ город Ялуторовск,2024-10
v2,1.0,городской округ город Яровое,2024-01
v2,1.0,городской округ город Яровое,2024-10
v2,1.0,городской округ город Ярославль,2023-10
v2,1.0,городской округ город Ярославль,2024-01
v2,1.0,городской округ город Ярославль,2024-10
v2,1.0,городской округ город-герой Волгоград,2023-10
v2,1.0,городской округ город-герой Волгоград,2024-01
v2,1.0,городской округ город-герой Волгоград,2024-10
v2,1.0,городской округ город-курорт Ессентуки,2023-10
v2,1.0,городской округ город-курорт Ессентуки,2024-01
v2,1.0,городской округ город-курорт Ессентуки,2024-10
v2,1.0,городской округ город-курорт Железноводск,2023-10
v2,1.0,городской округ город-курорт Железноводск,2024-01
v2,1.0,городской округ город-курорт Железноводск,2024-10
v2,1.0,городской округ город-курорт Кисловодск,2023-10
v2,1.0,городской округ город-курорт Кисловодск,2024-01
v2,1.0,городской округ город-курорт Кисловодск,2024-10
v2,1.0,городской округ город-курорт Пятигорск,2024-01
v2,1.0,городской округ город-курорт Пятигорск,2024-10
v2,1.0,городской округ округ Муром,2024-01
v2,1.0,городской округ округ Муром,2024-10
v2,1.0,городской округ рабочий поселок Кольцово,2024-01
v2,1.0,городской округ рабочий поселок Кольцово,2024-10
v2,1.0,муниципальный округ Александровский,2023-10
v2,1.0,муниципальный округ Александровский,2024-01
v2,1.0,муниципальный округ Александровский,2024-10
v2,1.0,муниципальный округ Алнашский район,2023-10
v2,1.0,муниципальный округ Алнашский район,2024-01
v2,1.0,муниципальный округ Алнашский район,2024-10
v2,1.0,муниципальный округ Андреапольский,2023-10
v2,1.0,муниципальный округ Андреапольский,2024-01
v2,1.0,муниципальный округ Андреапольский,2024-10
v2,1.0,муниципальный округ Арбажский,2023-10
v2,1.0,муниципальный округ Арбажский,2024-01
v2,1.0,муниципальный округ Арбажский,2024-10
v2,1.0,муниципальный округ Багратионовский,2023-10
v2,1.0,муниципальный округ Багратионовский,2024-01
v2,1.0,муниципальный округ Багратионовский,2024-10
v2,1.0,муниципальный округ Балезинский район,2024-02
v2,1.0,муниципальный округ Балезинский район,2024-07
v2,1.0,муниципальный округ Балезинский район,2024-10
v2,1.0,муниципальный округ Бардымский,2023-10
v2,1.0,муниципальный округ Бардымский,2024-01
v2,1.0,муниципальный округ Бардымский,2024-10
v2,1.0,муниципальный округ Бежецкий,2023-10
v2,1.0,муниципальный округ Бежецкий,2024-01
v2,1.0,муниципальный округ Бежецкий,2024-10
v2,1.0,муниципальный округ Бельский,2023-10
v2,1.0,муниципальный округ Бельский,2024-01
v2,1.0,муниципальный округ Бельский,2024-10
v2,1.0,муниципальный округ Березовский,2023-10
v2,1.0,муниципальный округ Березовский,2024-01
v2,1.0,муниципальный округ Березовский,2024-10
v2,1.0,муниципальный округ Богородский,2024-02
v2,1.0,муниципальный округ Богородский,2024-05
v2,1.0,муниципальный округ Богородский,2024-10
v2,1.0,муниципальный округ Бологовский,2023-10
v2,1.0,муниципальный округ Бологовский,2024-01
v2,1.0,муниципальный округ Бологовский,2024-10
v2,1.0,муниципальный округ Большесосновский,2023-10
v2,1.0,муниципальный округ Большесосновский,2024-01
v2,1.0,муниципальный округ Большесосновский,2024-10
v2,1.0,муниципальный округ Вавожский район,2024-02
v2,1.0,муниципальный округ Вавожский район,2024-07
v2,1.0,муниципальный округ Вавожский район,2024-10
v2,1.0,муниципальный округ Верхнекамский,2023-10
v2,1.0,муниципальный округ Верхнекамский,2024-01
v2,1.0,муниципальный округ Верхнекамский,2024-10
v2,1.0,муниципальный округ Весьегонский,2024-10
v2,1.0,муниципальный округ Вилегодский,2024-02
v2,1.0,муниципальный округ Вилегодский,2024-05
v2,1.0,муниципальный округ Вилегодский,2024-10
v2,1.0,муниципальный округ Волотовский,2023-10
v2,1.0,муниципальный округ Волотовский,2024-01
v2,1.0,муниципальный округ Волотовский,2024-05
v2,1.0,муниципальный округ Гайнский,2024-10
v2,1.0,муниципальный округ Гвардейский,2023-10
v2,1.0,муниципальный округ Гвардейский,2024-01
v2,1.0,муниципальный округ Гвардейский,2024-10
v2,1.0,муниципальный округ Губахинский,2023-10
v2,1.0,муниципальный округ Губахинский,2024-01
v2,1.0,муниципальный округ Губахинский,2024-10
v2,1.0,муниципальный округ Гурьевский,2024-01
v2,1.0,муниципальный округ Гурьевский,2024-10
v2,1.0,муниципальный округ Дебёсский район,2023-09
v2,1.0,муниципальный округ Дебёсский район,2023-12
v2,1.0,муниципальный округ Дебёсский район,2024-04
v2,1.0,муниципальный округ Дебёсский район,2024-10
v2,1.0,муниципальный округ Демянский,2024-10
v2,1.0,муниципальный округ Завьяловский район,2024-01
v2,1.0,муниципальный округ Завьяловский район,2024-10
v2,1.0,муниципальный округ Западнодвинский,2024-10
v2,1.0,муниципальный округ Зеленоградский,2024-01
v2,1.0,муниципальный округ Зеленоградский,2024-10
v2,1.0,муниципальный округ Зубцовский,2023-10
v2,1.0,муниципальный округ Зубцовский,2024-01
v2,1.0,муниципальный округ Зубцовский,2024-10
v2,1.0,муниципальный округ Игринский район,2024-10
v2,1.0,муниципальный округ Калининский,2023-10
v2,1.0,муниципальный округ Калининский,2024-01
v2,1.0,муниципальный округ Калининский,2024-10
v2,1.0,муниципальный округ Калязинский,2024-10
v2,1.0,муниципальный округ Камбарский район,2024-02
v2,1.0,муниципальный округ Камбарский район,2024-05
v2,1.0,муниципальный округ Камбарский район,2024-10
v2,1.0,муниципальный округ Карагайский,2023-10
v2,1.0,муниципальный округ Карагайский,2024-01
v2,1.0,муниципальный округ Карагайский,2024-10
v2,1.0,муниципальный округ Каргопольский,2024-10
v2,1.0,муниципальный округ Кезский район,2024-02
v2,1.0,муниципальный округ Кезский район,2024-05
v2,1.0,муниципальный округ Кезский район,2024-10
v2,1.0,муниципальный округ Кизнерский район,2024-02
v2,1.0,муниципальный округ Кикнурский,2023-07
v2,1.0,муниципальный округ Кикнурский,2023-11
v2,1.0,муниципальный округ Кимрский,2023-10
v2,1.0,муниципальный округ Кимрский,2024-01
v2,1.0,муниципальный округ Кимрский,2024-10
v2,1.0,муниципальный округ Кишертский,2023-10
v2,1.0,муниципальный округ Кишертский,2024-01
v2,1.0,муниципальный округ Кишертский,2024-10
v2,1.0,муниципальный округ Киясовский район,2024-02
v2,1.0,муниципальный округ Конаковский,2023-10
v2,1.0,муниципальный округ Конаковский,2024-01
v2,1.0,муниципальный округ Конаковский,2024-10
v2,1.0,муниципальный округ Косинский,2024-10
v2,1.0,муниципальный округ Кочевский,2023-10
v2,1.0,муниципальный округ Кочевский,2024-01
v2,1.0,муниципальный округ Кочевский,2024-10
v2,1.0,муниципальный округ Красногородский,2024-10
v2,1.0,муниципальный округ Красногорский район,2024-02
v2,1.0,муниципальный округ Красногорский район,2024-05
v2,1.0,муниципальный округ Красногорский район,2024-10
v2,1.0,муниципальный округ Краснознаменский,2024-02
v2,1.0,муниципальный округ Краснознаменский,2024-05
v2,1.0,муниципальный округ Краснознаменский,2024-10
v2,1.0,муниципальный округ Красноселькупский район,2023-08
v2,1.0,муниципальный округ Красноселькупский район,2024-05
v2,1.0,муниципальный округ Красноселькупский район,2024-08
v2,1.0,муниципальный округ Краснохолмский,2023-06
v2,1.0,муниципальный округ Краснохолмский,2023-10
v2,1.0,муниципальный округ Краснохолмский,2024-01
v2,1.0,муниципальный округ Краснохолмский,2024-10
v2,1.0,муниципальный округ Крестецкий,2024-02
v2,1.0,муниципальный округ Крестецкий,2024-06
v2,1.0,муниципальный округ Крестецкий,2024-10
v2,1.0,муниципальный округ Кувшиновский,2024-02
v2,1.0,муниципальный округ Кувшиновский,2024-05
v2,1.0,муниципальный округ Кувшиновский,2024-10
v2,1.0,муниципальный округ Кудымкарский,2023-10
v2,1.0,муниципальный округ Кудымкарский,2024-01
v2,1.0,муниципальный округ Кудымкарский,2024-10
v2,1.0,муниципальный округ Куединский,2023-10
v2,1.0,муниципальный округ Куединский,2024-01
v2,1.0,муниципальный округ Куединский,2024-10
v2,1.0,муниципальный округ Кунгурский,2023-10
v2,1.0,муниципальный округ Кунгурский,2024-01
v2,1.0,муниципальный округ Кунгурский,2024-10
v2,1.0,муниципальный округ Лебяжский,2024-10
v2,1.0,муниципальный округ Лесной,2023-10
v2,1.0,муниципальный округ Лесной,2024-01
v2,1.0,муниципальный округ Лесной,2024-10
v2,1.0,муниципальный округ Лихославльский,2023-10
v2,1.0,муниципальный округ Лихославльский,2024-01
v2,1.0,муниципальный округ Лихославльский,2024-10
v2,1.0,муниципальный округ Локнянский,2024-02
v2,1.0,муниципальный округ Локнянский,2024-05
v2,1.0,муниципальный округ Малопургинский район,2023-10
v2,1.0,муниципальный округ Малопургинский район,2024-01
v2,1.0,муниципальный округ Малопургинский район,2024-10
v2,1.0,муниципальный округ Марёвский,2024-10
v2,1.0,муниципальный округ Молоковский,2023-11
v2,1.0,муниципальный округ Молоковский,2024-02
v2,1.0,муниципальный округ Молоковский,2024-07
v2,1.0,муниципальный округ Молоковский,2024-10
v2,1.0,муниципальный округ Мошенской,2024-01
v2,1.0,муниципальный округ Мошенской,2024-10
v2,1.0,муниципальный округ Надымский район,2023-08
v2,1.0,муниципальный округ Надымский район,2024-02
v2,1.0,муниципальный округ Надымский район,2024-08
v2,1.0,муниципальный округ Невельский,2023-10
v2,1.0,муниципальный округ Невельский,2024-01
v2,1.0,муниципальный округ Невельский,2024-10
v2,1.0,муниципальный округ Неманский,2023-10
v2,1.0,муниципальный округ Неманский,2024-01
v2,1.0,муниципальный округ Неманский,2024-10
v2,1.0,муниципальный округ Нестеровский,2024-10
v2,1.0,муниципальный округ Озерский,2023-09
v2,1.0,муниципальный округ Озерский,2024-02
v2,1.0,муниципальный округ Озерский,2024-05
v2,1.0,муниципальный округ Ольский,2023-09
v2,1.0,муниципальный округ Ольский,2024-02
v2,1.0,муниципальный округ Ольский,2024-05
v2,1.0,муниципальный округ Ольский,2024-10
v2,1.0,муниципальный округ Опаринский,2023-10
v2,1.0,муниципальный округ Опаринский,2024-01
v2,1.0,муниципальный округ Опаринский,2024-10
v2,1.0,муниципальный округ Опочецкий,2024-02
v2,1.0,муниципальный округ Опочецкий,2024-06
v2,1.0,муниципальный округ Опочецкий,2024-10
v2,1.0,муниципальный округ Ординский,2023-10
v2,1.0,муниципальный округ Ординский,2024-01
v2,1.0,муниципальный округ Ординский,2024-10
v2,1.0,муниципальный округ Орловский,2023-10
v2,1.0,муниципальный округ Орловский,2024-01
v2,1.0,муниципальный округ Орловский,2024-10
v2,1.0,муниципальный округ Пеновский,2023-10
v2,1.0,муниципальный округ Пеновский,2024-01
v2,1.0,муниципальный округ Пеновский,2024-10
v2,1.0,муниципальный округ Пермский,2023-10
v2,1.0,муниципальный округ Пермский,2024-01
v2,1.0,муниципальный округ Пермский,2024-10
v2,1.0,муниципальный округ Пестовский,2024-02
v2,1.0,муниципальный округ Пестовский,2024-06
v2,1.0,муниципальный округ Пестовский,2024-10
v2,1.0,муниципальный округ Печорский,2024-10
v2,1.0,муниципальный округ Пижанский,2024-10
v2,1.0,муниципальный округ Полесский,2024-02
v2,1.0,муниципальный округ Полесский,2024-06
v2,1.0,муниципальный округ Полесский,2024-10
v2,1.0,муниципальный округ Правдинский,2024-02
v2,1.0,муниципальный округ Приуральский район,2023-08
v2,1.0,муниципальный округ Приуральский район,2024-02
v2,1.0,муниципальный округ Приуральский район,2024-07
v2,1.0,муниципальный округ Приуральский район,2024-10
v2,1.0,муниципальный округ Пуровский район,2023-08
v2,1.0,муниципальный округ Пуровский район,2024-02
v2,1.0,муниципальный округ Пуровский район,2024-07
v2,1.0,муниципальный округ Пуровский район,2024-10
v2,1.0,муниципальный округ Пыталовский,2023-10
v2,1.0,муниципальный округ Пыталовский,2024-01
v2,1.0,муниципальный округ Пыталовский,2024-10
v2,1.0,муниципальный округ Рамешковский,2024-02
v2,1.0,муниципальный округ Рамешковский,2024-05
v2,1.0,муниципальный округ Ржевский,2023-10
v2,1.0,муниципальный округ Ржевский,2024-01
v2,1.0,муниципальный округ Ржевский,2024-10
v2,1.0,муниципальный округ Сандовский,2023-07
v2,1.0,муниципальный округ Сандовский,2023-10
v2,1.0,муниципальный округ Сандовский,2024-01
v2,1.0,муниципальный округ Сандовский,2024-10
v2,1.0,муниципальный округ Санчурский,2023-06
v2,1.0,муниципальный округ Санчурский,2023-10
v2,1.0,муниципальный округ Санчурский,2024-01
v2,1.0,муниципальный округ Сарапульский район,2023-10
v2,1.0,муниципальный округ Сарапульский район,2024-01
v2,1.0,муниципальный округ Сарапульский район,2024-10
v2,1.0,муниципальный округ Селтинский район,2023-08
v2,1.0,муниципальный округ Селтинский район,2024-02
v2,1.0,муниципальный округ Селтинский район,2024-06
v2,1.0,муниципальный округ Селтинский район,2024-10
v2,1.0,муниципальный округ Славский,2023-10
v2,1.0,муниципальный округ Славский,2024-01
v2,1.0,муниципальный округ Славский,2024-10
v2,1.0,муниципальный округ Солецкий,2023-10
v2,1.0,муниципальный округ Солецкий,2024-01
v2,1.0,муниципальный округ Солецкий,2024-10
v2,1.0,муниципальный округ Сонковский,2024-01
v2,1.0,муниципальный округ Сонковский,2024-10
v2,1.0,муниципальный округ Старицкий,2023-10
v2,1.0,муниципальный округ Старицкий,2024-01
v2,1.0,муниципальный округ Старицкий,2024-10
v2,1.0,муниципальный округ Струго-Красненский,2024-10
v2,1.0,муниципальный округ Суетский район,2023-06
v2,1.0,муниципальный округ Сюмсинский район,2024-02
v2,1.0,муниципальный округ Сюмсинский район,2024-05
v2,1.0,муниципальный округ Сюмсинский район,2024-10
v2,1.0,муниципальный округ Тазовский район,2023-08
v2,1.0,муниципальный округ Тазовский район,2023-11
v2,1.0,муниципальный округ Тазовский район,2024-08
v2,1.0,муниципальный округ Торопецкий,2023-10
v2,1.0,муниципальный округ Торопецкий,2024-01
v2,1.0,муниципальный округ Торопецкий,2024-10
v2,1.0,муниципальный округ Увинский район,2024-10
v2,1.0,муниципальный округ Уинский,2024-02
v2,1.0,муниципальный округ Уинский,2024-05
v2,1.0,муниципальный округ Унинский,2024-02
v2,1.0,муниципальный округ Унинский,2024-05
v2,1.0,муниципальный округ Унинский,2024-10
v2,1.0,муниципальный округ Усинск,2023-09
v2,1.0,муниципальный округ Усинск,2024-02
v2,1.0,муниципальный округ Усинск,2024-08
v2,1.0,муниципальный округ Фаленский,2023-10
v2,1.0,муниципальный округ Фаленский,2024-01
v2,1.0,муниципальный округ Фаленский,2024-10
v2,1.0,муниципальный округ Фировский,2023-06
v2,1.0,муниципальный округ Фировский,2024-02
v2,1.0,муниципальный округ Фировский,2024-05
v2,1.0,муниципальный округ Хвойнинский,2024-04
v2,1.0,муниципальный округ Хвойнинский,2024-10
v2,1.0,муниципальный округ Чарышский район,2023-08
v2,1.0,муниципальный округ Чарышский район,2024-02
v2,1.0,муниципальный округ Чарышский район,2024-06
v2,1.0,муниципальный округ Чарышский район,2024-10
v2,1.0,муниципальный округ Частинский,2023-10
v2,1.0,муниципальный округ Частинский,2024-01
v2,1.0,муниципальный округ Частинский,2024-10
v2,1.0,муниципальный округ Черняховский,2023-10
v2,1.0,муниципальный округ Черняховский,2024-01
v2,1.0,муниципальный округ Черняховский,2024-10
v2,1.0,муниципальный округ Шарканский район,2023-10
v2,1.0,муниципальный округ Шарканский район,2024-01
v2,1.0,муниципальный округ Шарканский район,2024-10
v2,1.0,муниципальный округ Шумихинский,2024-10
v2,1.0,муниципальный округ Шурышкарский район,2023-08
v2,1.0,муниципальный округ Шурышкарский район,2023-12
v2,1.0,муниципальный округ Шурышкарский район,2024-08
v2,1.0,муниципальный округ Юкаменский район,2023-12
v2,1.0,муниципальный округ Юкаменский район,2024-07
v2,1.0,муниципальный округ Юкаменский район,2024-10
v2,1.0,муниципальный округ Юрлинский,2023-10
v2,1.0,муниципальный округ Юрлинский,2024-01
v2,1.0,муниципальный округ Юрлинский,2024-10
v2,1.0,муниципальный округ Юсьвинский,2023-10
v2,1.0,муниципальный округ Юсьвинский,2024-01
v2,1.0,муниципальный округ Юсьвинский,2024-10
v2,1.0,муниципальный округ Ягоднинский,2023-07
v2,1.0,муниципальный округ Ягоднинский,2023-10
v2,1.0,муниципальный округ Ягоднинский,2024-01
v2,1.0,муниципальный округ Ягоднинский,2024-10
v2,1.0,муниципальный округ Якшур-Бодьинский район,2023-10
v2,1.0,муниципальный округ Якшур-Бодьинский район,2024-01
v2,1.0,муниципальный округ Якшур-Бодьинский район,2024-10
v2,1.0,муниципальный округ Ямальский район,2023-08
v2,1.0,муниципальный округ Ямальский район,2023-12
v2,1.0,муниципальный округ Ямальский район,2024-07
v2,1.0,муниципальный округ Ямальский район,2024-10
v2,1.0,муниципальный округ Ярский район,2024-02
v2,1.0,муниципальный округ Ярский район,2024-05
v2,1.0,муниципальный округ Ярский район,2024-10
v2,1.0,муниципальный округ город Апатиты,2024-02
v2,1.0,муниципальный округ город Апатиты,2024-06
v2,1.0,муниципальный округ город Апатиты,2024-10
v2,1.0,муниципальный округ город Кировск,2023-06
v2,1.0,муниципальный округ город Кировск,2024-02
v2,1.0,муниципальный округ город Кировск,2024-06
v2,1.0,муниципальный округ город Кировск,2024-10
v2,1.0,муниципальный округ город Мончегорск,2024-02
v2,1.0,муниципальный округ город Полярные Зори,2023-08
v2,1.0,муниципальный округ город Полярные Зори,2024-02
v2,1.0,муниципальный округ город Полярные Зори,2024-07
v2,1.0,муниципальный округ город Полярные Зори,2024-10
v2,1.0,муниципальный округ город Славгород,2024-01
v2,1.0,муниципальный округ город Славгород,2024-10
v2,1.0,муниципальный район Город Краснокаменск и Краснокаменский район,2023-07
v2,1.0,муниципальный район Город Краснокаменск и Краснокаменский район,2023-10
v2,1.0,муниципальный район Город Краснокаменск и Краснокаменский район,2024-01
v2,1.0,муниципальный район Город Краснокаменск и Краснокаменский район,2024-10
v2,1.0,муниципальный район Заполярный район,2023-08
v2,1.0,муниципальный район Заполярный район,2024-02
v2,1.0,муниципальный район Заполярный район,2024-08
v2,1.0,муниципальный район Печора,2023-08
v2,1.0,муниципальный район Печора,2024-02
v2,1.0,муниципальный район Печора,2024-06
v2,1.0,муниципальный район Печора,2024-10
v2,1.0,муниципальный район город Нерехта и Нерехтский район,2023-10
v2,1.0,муниципальный район город Нерехта и Нерехтский район,2024-01
v2,1.0,муниципальный район город Нерехта и Нерехтский район,2024-10
v2,1.0,муниципальный район имени Лазо,2023-10
v2,1.0,муниципальный район имени Лазо,2024-01
v2,1.0,муниципальный район имени Лазо,2024-10
v2,1.5,Абанский муниципальный район,2024-10
v2,1.5,Абзелиловский муниципальный район,2023-10
v2,1.5,Абзелиловский муниципальный район,2024-01
v2,1.5,Абзелиловский муниципальный район,2024-10
v2,1.5,Адамовский муниципальный район,2023-10
v2,1.5,Адамовский муниципальный район,2024-01
v2,1.5,Адамовский муниципальный район,2024-10
v2,1.5,Азнакаевский муниципальный район,2023-10
v2,1.5,Азнакаевский муниципальный район,2024-01
v2,1.5,Азнакаевский муниципальный район,2024-10
v2,1.5,Актанышский муниципальный район,2024-02
v2,1.5,Актанышский муниципальный район,2024-07
v2,1.5,Актанышский муниципальный район,2024-10
v2,1.5,Алагирский муниципальный район,2024-01
v2,1.5,Алагирский муниципальный район,2024-10
v2,1.5,Аларский муниципальный район,2024-10
v2,1.5,Александро-Невский муниципальный район,2024-10
v2,1.5,Александровский муниципальный округ,2024-10
v2,1.5,Александровский муниципальный район #3,2024-01
v2,1.5,Александровский муниципальный район #3,2024-10
v2,1.5,Алексеевский муниципальный район #2,2024-10
v2,1.5,Алексеевский муниципальный район #3,2024-10
v2,1.5,Алтайский муниципальный район #2,2024-01
v2,1.5,Алтайский муниципальный район #2,2024-10
v2,1.5,Альметьевский муниципальный район,2024-10
v2,1.5,Альшеевский муниципальный район,2024-10
v2,1.5,Амурский муниципальный район,2024-10
v2,1.5,Анадырский муниципальный район,2023-08
v2,1.5,Анадырский муниципальный район,2024-02
v2,1.5,Анадырский муниципальный район,2024-08
v2,1.5,Андроповский муниципальный округ,2024-10
v2,1.5,Антроповский муниципальный район,2024-10
v2,1.5,Анучинский муниципальный округ,2024-10
v2,1.5,Апанасенковский муниципальный округ,2024-10
v2,1.5,Апастовский муниципальный район,2024-10
v2,1.5,Ардатовский муниципальный район,2024-10
v2,1.5,Арзгирский муниципальный округ,2023-10
v2,1.5,Арзгирский муниципальный округ,2024-01
v2,1.5,Арзгирский муниципальный округ,2024-10
v2,1.5,Армизонский муниципальный район,2024-10
v2,1.5,Арский муниципальный район,2024-10
v2,1.5,Асекеевский муниципальный район,2023-10
v2,1.5,Асекеевский муниципальный район,2024-01
v2,1.5,Асекеевский муниципальный район,2024-10
v2,1.5,Атнинский муниципальный район,2023-10
v2,1.5,Атнинский муниципальный район,2024-01
v2,1.5,Аургазинский муниципальный район,2024-10
v2,1.5,Ахтубинский муниципальный район,2024-10
v2,1.5,Бабаевский муниципальный округ,2023-10
v2,1.5,Бабаевский муниципальный округ,2024-01
v2,1.5,Бабаевский муниципальный округ,2024-10
v2,1.5,Бавлинский муниципальный район,2024-10
v2,1.5,Баганский муниципальный район,2024-10
v2,1.5,Базарно-Карабулакский муниципальный район,2024-10
v2,1.5,Базарносызганский муниципальный район,2024-10
v2,1.5,Бакалинский муниципальный район,2024-10
v2,1.5,Балаковский муниципальный район,2024-10
v2,1.5,Балахнинский муниципальный округ,2024-10
v2,1.5,Балашовский муниципальный район,2024-10
v2,1.5,Балейский муниципальный район,2024-10
v2,1.5,Балтасинский муниципальный район,2024-10
v2,1.5,Барышский муниципальный район,2024-10
v2,1.5,Барятинский муниципальный район,2023-10
v2,1.5,Барятинский муниципальный район,2024-01
v2,1.5,Батыревский муниципальный округ,2023-10
v2,1.5,Батыревский муниципальный округ,2024-01
v2,1.5,Батыревский муниципальный округ,2024-10
v2,1.5,Бейский муниципальный район,2024-10
v2,1.5,Бековский муниципальный район,2024-10
v2,1.5,Белебеевский муниципальный район,2024-10
v2,1.5,Белевский муниципальный район,2024-10
v2,1.5,Белинский муниципальный район,2023-10
v2,1.5,Белинский муниципальный район,2024-01
v2,1.5,Белинский муниципальный район,2024-10
v2,1.5,Белогорский муниципальный округ,2024-01
v2,1.5,Белогорский муниципальный округ,2024-10
v2,1.5,Белозерский муниципальный округ #1,2023-10
v2,1.5,Белозерский муниципальный округ #1,2024-01
v2,1.5,Белозерский муниципальный округ #1,2024-10
v2,1.5,Белозерский муниципальный округ #2,2024-10
v2,1.5,Беломорский муниципальный округ,2024-10
v2,1.5,Белорецкий муниципальный район,2023-10
v2,1.5,Белорецкий муниципальный район,2024-01
v2,1.5,Белорецкий муниципальный район,2024-10
v2,1.5,Белохолуницкий муниципальный район,2024-10
v2,1.5,Беляевский муниципальный район,2023-10
v2,1.5,Беляевский муниципальный район,2024-01
v2,1.5,Беляевский муниципальный район,2024-10
v2,1.5,Бердюжский муниципальный район,2023-10
v2,1.5,Бердюжский муниципальный район,2024-01
v2,1.5,Бердюжский муниципальный район,2024-10
v2,1.5,Бессоновский муниципальный район,2024-10
v2,1.5,Билибинский муниципальный район,2023-09
v2,1.5,Билибинский муниципальный район,2024-02
v2,1.5,Билибинский муниципальный район,2024-09
v2,1.5,Бирилюсский муниципальный район,2023-10
v2,1.5,Бирилюсский муниципальный район,2024-01
v2,1.5,Бирилюсский муниципальный район,2024-10
v2,1.5,Благоварский муниципальный район,2024-10
v2,1.5,Благовещенский муниципальный район #2,2024-10
v2,1.5,Богородский муниципальный округ,2024-10
v2,1.5,Бокситогорский муниципальный район,2024-10
v2,1.5,Болховский муниципальный район,2023-10
v2,1.5,Болховский муниципальный район,2024-01
v2,1.5,Болховский муниципальный район,2024-10
v2,1.5,Большеглушицкий муниципальный район,2024-10
v2,1.5,Большесельский муниципальный район,2024-10
v2,1.5,Большеулуйский муниципальный район,2024-10
v2,1.5,Борисоглебский муниципальный район,2024-02
v2,1.5,Боровичский муниципальный район,2024-10
v2,1.5,Боровский муниципальный район,2023-10
v2,1.5,Боровский муниципальный район,2024-01
v2,1.5,Боровский муниципальный район,2024-10
v2,1.5,Борский муниципальный район,2023-10
v2,1.5,Борский муниципальный район,2024-01
v2,1.5,Борский муниципальный район,2024-10
v2,1.5,Брединский муниципальный район,2023-10
v2,1.5,Брединский муниципальный район,2024-01
v2,1.5,Брединский муниципальный район,2024-10
v2,1.5,Брейтовский муниципальный район,2024-10
v2,1.5,Бугульминский муниципальный район,2024-10
v2,1.5,Бугурусланский муниципальный район,2024-10
v2,1.5,Буздякский муниципальный район,2023-10
v2,1.5,Буздякский муниципальный район,2024-01
v2,1.5,Буздякский муниципальный район,2024-10
v2,1.5,Бураевский муниципальный район,2023-10
v2,1.5,Бураевский муниципальный район,2024-01
v2,1.5,Бураевский муниципальный район,2024-10
v2,1.5,Бурлинский муниципальный район,2024-01
v2,1.5,Бурлинский муниципальный район,2024-10
v2,1.5,Бутурлинский муниципальный округ,2024-10
v2,1.5,Быстроистокский муниципальный район,2024-02
v2,1.5,Быстроистокский муниципальный район,2024-05
v2,1.5,Быстроистокский муниципальный район,2024-10
v2,1.5,Вагайский муниципальный район,2024-10
v2,1.5,Вадский муниципальный округ,2023-10
v2,1.5,Вадский муниципальный округ,2024-01
v2,1.5,Вадский муниципальный округ,2024-10
v2,1.5,Валдайский муниципальный район,2024-10
v2,1.5,Варненский муниципальный район,2024-10
v2,1.5,Вачский муниципальный округ,2024-10
v2,1.5,Великоустюгский муниципальный округ,2024-10
v2,1.5,Веневский муниципальный район,2024-10
v2,1.5,Верхнеуральский муниципальный район,2023-10
v2,1.5,Верхнеуральский муниципальный район,2024-01
v2,1.5,Верхнеуральский муниципальный район,2024-10
v2,1.5,Верховажский муниципальный округ,2024-10
v2,1.5,Верховский муниципальный район,2024-10
v2,1.5,Верхошижемский муниципальный район,2024-10
v2,1.5,Верхоянский муниципальный район,2023-08
v2,1.5,Верхоянский муниципальный район,2024-02
v2,1.5,Вешкаймский муниципальный район,2024-10
v2,1.5,Вилюйский муниципальный район,2024-10
v2,1.5,Вожегодский муниципальный округ,2023-10
v2,1.5,Вожегодский муниципальный округ,2024-01
v2,1.5,Вожегодский муниципальный округ,2024-10
v2,1.5,Волжский муниципальный район #1,2023-10
v2,1.5,Волжский муниципальный район #1,2024-01
v2,1.5,Волжский муниципальный район #1,2024-10
v2,1.5,Волжский муниципальный район #2,2024-01
v2,1.5,Волжский муниципальный район #2,2024-10
v2,1.5,Воловский муниципальный район #2,2023-10
v2,1.5,Воловский муниципальный район #2,2024-01
v2,1.5,Воловский муниципальный район #2,2024-10
v2,1.5,Вологодский муниципальный округ,2024-10
v2,1.5,Володарский муниципальный округ,2024-10
v2,1.5,Волосовский муниципальный район,2024-10
v2,1.5,Волховский муниципальный район,2024-10
v2,1.5,Вольский муниципальный район,2024-10
v2,1.5,Воскресенский муниципальный район,2024-10
v2,1.5,Всеволожский муниципальный район,2024-01
v2,1.5,Всеволожский муниципальный район,2024-10
v2,1.5,Вурнарский муниципальный округ,2024-10
v2,1.5,Выборгский муниципальный район,2024-10
v2,1.5,Вяземский муниципальный район #1,2024-10
v2,1.5,Вяземский муниципальный район #2,2024-10
v2,1.5,Вязниковский муниципальный район,2024-10
v2,1.5,Гавриловский муниципальный округ,2024-10
v2,1.5,Гагинский муниципальный округ,2024-10
v2,1.5,Гатчинский муниципальный район,2024-01
v2,1.5,Гатчинский муниципальный район,2024-10
v2,1.5,Гиагинский муниципальный район,2024-10
v2,1.5,Глазуновский муниципальный район,2024-10
v2,1.5,Горномарийский муниципальный район,2023-10
v2,1.5,Горномарийский муниципальный район,2024-01
v2,1.5,Горномарийский муниципальный район,2024-10
v2,1.5,Горный муниципальный район,2024-10
v2,1.5,Городищенский муниципальный район #1,2024-10
v2,1.5,Городищенский муниципальный район #2,2023-10
v2,1.5,Городищенский муниципальный район #2,2024-01
v2,1.5,Городищенский муниципальный район #2,2024-10
v2,1.5,Гороховецкий муниципальный район,2024-10
v2,1.5,Грачёвский муниципальный район,2024-10
v2,1.5,Грязинский муниципальный район,2023-10
v2,1.5,Грязинский муниципальный район,2024-01
v2,1.5,Грязинский муниципальный район,2024-10
v2,1.5,Грязовецкий муниципальный округ,2024-10
v2,1.5,Далматовский муниципальный округ,2024-10
v2,1.5,Дальнеконстантиновский муниципальный округ,2024-10
v2,1.5,Даниловский муниципальный район #1,2024-10
v2,1.5,Данковский муниципальный район,2023-10
v2,1.5,Данковский муниципальный район,2024-01
v2,1.5,Данковский муниципальный район,2024-10
v2,1.5,Дедовичский муниципальный район,2024-10
v2,1.5,Дзержинский муниципальный район #1,2024-10
v2,1.5,Дзержинский муниципальный район #2,2024-10
v2,1.5,Дивеевский муниципальный округ,2024-10
v2,1.5,Дигорский муниципальный район,2024-01
v2,1.5,Дигорский муниципальный район,2024-10
v2,1.5,Добринский муниципальный район,2023-10
v2,1.5,Добринский муниципальный район,2024-01
v2,1.5,Добринский муниципальный район,2024-10
v2,1.5,Добровский муниципальный район,2024-10
v2,1.5,Доволенский муниципальный район,2024-10
v2,1.5,Долгоруковский муниципальный район,2023-10
v2,1.5,Долгоруковский муниципальный район,2024-01
v2,1.5,Долгоруковский муниципальный район,2024-10
v2,1.5,Должанский муниципальный район,2024-10
v2,1.5,Дорогобужский муниципальный район,2024-10
v2,1.5,Дубенский муниципальный район #2,2024-02
v2,1.5,Дубенский муниципальный район #2,2024-05
v2,1.5,Дубенский муниципальный район #2,2024-10
v2,1.5,Дубовский муниципальный район,2024-10
v2,1.5,Дуванский муниципальный район,2024-10
v2,1.5,Духовщинский муниципальный район,2023-10
v2,1.5,Духовщинский муниципальный район,2024-01
v2,1.5,Духовщинский муниципальный район,2024-10
v2,1.5,Екатериновский муниципальный район,2024-10
v2,1.5,Еланский муниципальный район,2024-10
v2,1.5,Ельниковский муниципальный район,2024-10
v2,1.5,Ельнинский муниципальный район,2024-10
v2,1.5,Енисейский муниципальный район,2024-10
v2,1.5,Ермекеевский муниципальный район,2023-10
v2,1.5,Ермекеевский муниципальный район,2024-01
v2,1.5,Ермекеевский муниципальный район,2024-10
v2,1.5,Ершичский муниципальный район,2024-10
v2,1.5,Ершовский муниципальный район,2023-10
v2,1.5,Ершовский муниципальный район,2024-01
v2,1.5,Ершовский муниципальный район,2024-10
v2,1.5,Жердевский муниципальный округ,2024-10
v2,1.5,Жирновский муниципальный район,2024-10
v2,1.5,Жуковский муниципальный район,2024-10
v2,1.5,Заволжский муниципальный район,2024-10
v2,1.5,Задонский муниципальный район,2023-10
v2,1.5,Задонский муниципальный район,2024-01
v2,1.5,Задонский муниципальный район,2024-10
v2,1.5,Залегощенский муниципальный район,2024-10
v2,1.5,Залесовский муниципальный округ,2024-10
v2,1.5,Заокский муниципальный район,2024-10
v2,1.5,Захаровский муниципальный район,2023-10
v2,1.5,Захаровский муниципальный район,2024-01
v2,1.5,Здвинский муниципальный район,2024-01
v2,1.5,Здвинский муниципальный район,2024-10
v2,1.5,Зейский муниципальный округ,2024-10
v2,1.5,Зеленчукский муниципальный район,2024-10
v2,1.5,Земетчинский муниципальный район,2023-10
v2,1.5,Земетчинский муниципальный район,2024-01
v2,1.5,Земетчинский муниципальный район,2024-10
v2,1.5,Знаменский муниципальный округ,2023-10
v2,1.5,Знаменский муниципальный округ,2024-01
v2,1.5,Знаменский муниципальный округ,2024-10
v2,1.5,Зональный муниципальный район,2023-10
v2,1.5,Зональный муниципальный район,2024-01
v2,1.5,Зубово-Полянский муниципальный район,2024-10
v2,1.5,Зуевский муниципальный район,2024-10
v2,1.5,Ибресинский муниципальный округ,2023-10
v2,1.5,Ибресинский муниципальный округ,2024-01
v2,1.5,Ибресинский муниципальный округ,2024-10
v2,1.5,Ивановский муниципальный округ,2024-10
v2,1.5,Ивановский муниципальный район,2024-01
v2,1.5,Ивановский муниципальный район,2024-10
v2,1.5,Ивантеевский муниципальный район,2024-10
v2,1.5,Измалковский муниципальный район,2024-10
v2,1.5,Износковский муниципальный район,2023-09
v2,1.5,Износковский муниципальный район,2024-01
v2,1.5,Износковский муниципальный район,2024-10
v2,1.5,Иланский муниципальный район,2024-10
v2,1.5,Илекский муниципальный район,2023-10
v2,1.5,Илекский муниципальный район,2024-01
v2,1.5,Илекский муниципальный район,2024-10
v2,1.5,Исаклинский муниципальный район,2024-10
v2,1.5,Иссинский муниципальный район,2024-10
v2,1.5,Ичалковский муниципальный район,2024-10
v2,1.5,Ишимский муниципальный район,2024-10
v2,1.5,Кавалеровский муниципальный округ,2024-10
v2,1.5,Кадошкинский муниципальный район,2024-04
v2,1.5,Кадошкинский муниципальный район,2024-10
v2,1.5,Кадуйский муниципальный округ,2024-10
v2,1.5,Кайбицкий муниципальный район,2023-10
v2,1.5,Кайбицкий муниципальный район,2024-01
v2,1.5,Кайбицкий муниципальный район,2024-05
v2,1.5,Каларский муниципальный округ,2024-10
v2,1.5,Калачевский муниципальный район,2024-10
v2,1.5,Калачинский муниципальный район,2024-10
v2,1.5,Калганский муниципальный округ,2024-10
v2,1.5,Калининский муниципальный район,2024-10
v2,1.5,Калманский муниципальный район,2024-10
v2,1.5,Калтасинский муниципальный район,2024-10
v2,1.5,Каменский муниципальный район #2,2023-10
v2,1.5,Каменский муниципальный район #2,2024-01
v2,1.5,Каменский муниципальный район #2,2024-10
v2,1.5,Каменский муниципальный район #3,2024-10
v2,1.5,Камешкирский муниципальный район,2024-10
v2,1.5,Камешковский муниципальный район,2024-10
v2,1.5,Карагинский муниципальный район,2023-09
v2,1.5,Карагинский муниципальный район,2024-02
v2,1.5,Караидельский муниципальный район,2023-10
v2,1.5,Караидельский муниципальный район,2024-01
v2,1.5,Караидельский муниципальный район,2024-10
v2,1.5,Каргапольский муниципальный округ,2024-10
v2,1.5,Кардымовский муниципальный район,2024-10
v2,1.5,Кармаскалинский муниципальный район,2023-10
v2,1.5,Кармаскалинский муниципальный район,2024-01
v2,1.5,Кармаскалинский муниципальный район,2024-10
v2,1.5,Карсунский муниципальный район,2024-10
v2,1.5,Касимовский муниципальный район,2024-10
v2,1.5,Каслинский муниципальный район,2024-10
v2,1.5,Катайский муниципальный округ,2024-10
v2,1.5,Кваркенский муниципальный район,2023-10
v2,1.5,Кваркенский муниципальный район,2024-01
v2,1.5,Кваркенский муниципальный район,2024-10
v2,1.5,Кемский муниципальный район,2024-10
v2,1.5,Кетовский муниципальный округ,2023-05
v2,1.5,Кетовский муниципальный округ,2023-11
v2,1.5,Кетовский муниципальный округ,2024-04
v2,1.5,Кетовский муниципальный округ,2024-10
v2,1.5,Кигинский муниципальный район,2023-10
v2,1.5,Кигинский муниципальный район,2024-01
v2,1.5,Кигинский муниципальный район,2024-10
v2,1.5,Киквидзенский муниципальный район,2024-10
v2,1.5,Кимовский муниципальный район,2024-10
v2,1.5,Кингисеппский муниципальный район,2024-01
v2,1.5,Кингисеппский муниципальный район,2024-10
v2,1.5,Кинель-Черкасский муниципальный район,2024-10
v2,1.5,Кинельский муниципальный район,2023-10
v2,1.5,Кинельский муниципальный район,2024-01
v2,1.5,Кирилловский муниципальный округ,2024-10
v2,1.5,Кирово-Чепецкий муниципальный район,2024-02
v2,1.5,Кирово-Чепецкий муниципальный район,2024-05
v2,1.5,Кирово-Чепецкий муниципальный район,2024-10
v2,1.5,Кировский муниципальный округ,2023-10
v2,1.5,Кировский муниципальный округ,2024-01
v2,1.5,Кировский муниципальный округ,2024-10
v2,1.5,Кировский муниципальный район #1,2024-10
v2,1.5,Кировский муниципальный район #2,2023-10
v2,1.5,Кировский муниципальный район #2,2024-01
v2,1.5,Кировский муниципальный район #2,2024-10
v2,1.5,Кировский муниципальный район #4,2024-01
v2,1.5,Кировский муниципальный район #4,2024-10
v2,1.5,Княгининский муниципальный округ,2024-10
v2,1.5,Ковдорский муниципальный округ,2024-10
v2,1.5,Козельский муниципальный район,2023-10
v2,1.5,Козельский муниципальный район,2024-01
v2,1.5,Козельский муниципальный район,2024-10
v2,1.5,Козловский муниципальный округ,2023-10
v2,1.5,Козловский муниципальный округ,2024-01
v2,1.5,Козловский муниципальный округ,2024-10
v2,1.5,Кологривский муниципальный округ,2023-09
v2,1.5,Кологривский муниципальный округ,2024-02
v2,1.5,Кологривский муниципальный округ,2024-05
v2,1.5,Колпнянский муниципальный район,2023-10
v2,1.5,Колпнянский муниципальный район,2024-01
v2,1.5,Кольский муниципальный район,2024-07
v2,1.5,Кольский муниципальный район,2024-10
v2,1.5,Кольчугинский муниципальный район,2024-10
v2,1.5,Комсомольский муниципальный округ,2023-10
v2,1.5,Комсомольский муниципальный округ,2024-01
v2,1.5,Комсомольский муниципальный округ,2024-10
v2,1.5,Комсомольский муниципальный район #1,2024-10
v2,1.5,Кондинский муниципальный район,2024-10
v2,1.5,Кораблинский муниципальный район,2024-10
v2,1.5,Корткеросский муниципальный район,2024-10
v2,1.5,Котельниковский муниципальный район,2024-10
v2,1.5,Котласский муниципальный округ,2024-10
v2,1.5,Котовский муниципальный район,2024-10
v2,1.5,Кочковский муниципальный район,2024-01
v2,1.5,Кочковский муниципальный район,2024-10
v2,1.5,Кочубеевский муниципальный округ,2023-10
v2,1.5,Кочубеевский муниципальный округ,2024-01
v2,1.5,Кочубеевский муниципальный округ,2024-10
v2,1.5,Кошехабльский муниципальный район,2024-10
v2,1.5,Кошкинский муниципальный район,2024-01
v2,1.5,Кошкинский муниципальный район,2024-10
v2,1.5,Краснинский муниципальный район #2,2024-10
v2,1.5,Красноармейский муниципальный район #1,2024-10
v2,1.5,Красноармейский муниципальный район #3,2023-10
v2,1.5,Красноармейский муниципальный район #3,2024-01
v2,1.5,Краснобаковский муниципальный округ,2024-10
v2,1.5,Красногвардейский муниципальный район #2,2024-10
v2,1.5,Краснооктябрьский муниципальный округ,2024-10
v2,1.5,Краснопартизанский муниципальный район,2024-10
v2,1.5,Красносельский муниципальный район,2023-10
v2,1.5,Красносельский муниципальный район,2024-01
v2,1.5,Красносельский муниципальный район,2024-10
v2,1.5,Красночикойский муниципальный район,2024-10
v2,1.5,Красноярский муниципальный район #2,2024-10
v2,1.5,Кривошеинский муниципальный район,2024-10
v2,1.5,Кромской муниципальный район,2024-01
v2,1.5,Кромской муниципальный район,2024-10
v2,1.5,Кстовский муниципальный округ,2024-01
v2,1.5,Кстовский муниципальный округ,2024-10
v2,1.5,Куженерский муниципальный район,2024-10
v2,1.5,Кукморский муниципальный район,2024-10
v2,1.5,Курманаевский муниципальный район,2023-10
v2,1.5,Курманаевский муниципальный район,2024-01
v2,1.5,Курский муниципальный округ,2023-10
v2,1.5,Курский муниципальный округ,2024-01
v2,1.5,Курский муниципальный округ,2024-10
v2,1.5,Куртамышский муниципальный округ,2024-10
v2,1.5,Кусинский муниципальный район,2024-10
v2,1.5,Кыринский муниципальный район,2024-01
v2,1.5,Кыринский муниципальный район,2024-10
v2,1.5,Кыштовский муниципальный район,2024-10
v2,1.5,Лазовский муниципальный округ,2023-10
v2,1.5,Лазовский муниципальный округ,2024-01
v2,1.5,Лазовский муниципальный округ,2024-10
v2,1.5,Лаишевский муниципальный район,2024-01
v2,1.5,Лаишевский муниципальный район,2024-10
v2,1.5,Лебедянский муниципальный район,2023-10
v2,1.5,Лебедянский муниципальный район,2024-01
v2,1.5,Лебедянский муниципальный район,2024-10
v2,1.5,Лебяжьевский муниципальный округ,2024-10
v2,1.5,Лев-Толстовский муниципальный район,2023-10
v2,1.5,Лев-Толстовский муниципальный район,2024-01
v2,1.5,Лев-Толстовский муниципальный район,2024-10
v2,1.5,Левокумский муниципальный округ,2024-01
v2,1.5,Левокумский муниципальный округ,2024-10
v2,1.5,Лениногорский муниципальный район,2024-10
v2,1.5,Ленинский муниципальный район #2,2024-10
v2,1.5,Ломоносовский муниципальный район,2024-01
v2,1.5,Ломоносовский муниципальный район,2024-10
v2,1.5,Лопатинский муниципальный район,2023-10
v2,1.5,Лопатинский муниципальный район,2024-01
v2,1.5,Лопатинский муниципальный район,2024-10
v2,1.5,Лужский муниципальный район,2024-10
v2,1.5,Лукояновский муниципальный округ,2024-10
v2,1.5,Лунинский муниципальный район,2023-10
v2,1.5,Лунинский муниципальный район,2024-01
v2,1.5,Лухский муниципальный район,2023-10
v2,1.5,Лухский муниципальный район,2024-01
v2,1.5,Лухский муниципальный район,2024-10
v2,1.5,Лысковский муниципальный округ,2024-10
v2,1.5,Лысогорский муниципальный район,2024-10
v2,1.5,Любимский муниципальный район,2024-10
v2,1.5,Любинский муниципальный район,2024-10
v2,1.5,Людиновский муниципальный район,2024-10
v2,1.5,Лямбирский муниципальный район,2024-10
v2,1.5,Майкопский муниципальный район,2024-01
v2,1.5,Майкопский муниципальный район,2024-10
v2,1.5,Макарьевский муниципальный район,2024-10
v2,1.5,Малмыжский муниципальный район,2024-10
v2,1.5,Малокарачаевский муниципальный район,2024-10
v2,1.5,Малоярославецкий муниципальный район,2023-10
v2,1.5,Малоярославецкий муниципальный район,2024-01
v2,1.5,Малоярославецкий муниципальный район,2024-10
v2,1.5,Манский муниципальный район,2023-10
v2,1.5,Манский муниципальный район,2024-01
v2,1.5,Манский муниципальный район,2024-10
v2,1.5,Мантуровский муниципальный округ,2024-10
v2,1.5,Мари-Турекский муниципальный район,2024-10
v2,1.5,Мариинско-Посадский муниципальный округ,2024-10
v2,1.5,Марксовский муниципальный район,2024-10
v2,1.5,Матвеевский муниципальный район,2024-10
v2,1.5,Медведевский муниципальный район,2024-10
v2,1.5,Медвежьегорский муниципальный район,2024-10
v2,1.5,Менделеевский муниципальный район,2023-10
v2,1.5,Менделеевский муниципальный район,2024-01
v2,1.5,Менделеевский муниципальный район,2024-10
v2,1.5,Милославский муниципальный район,2024-10
v2,1.5,Мильковский муниципальный округ,2024-10
v2,1.5,Михайловский муниципальный район #1,2024-10
v2,1.5,Михайловский муниципальный район #2,2024-10
v2,1.5,Михайловский муниципальный район #3,2024-10
v2,1.5,Мишкинский муниципальный округ,2024-10
v2,1.5,Миякинский муниципальный район,2023-10
v2,1.5,Миякинский муниципальный район,2024-01
v2,1.5,Миякинский муниципальный район,2024-10
v2,1.5,Могочинский муниципальный округ,2023-10
v2,1.5,Могочинский муниципальный округ,2024-01
v2,1.5,Могочинский муниципальный округ,2024-10
v2,1.5,Моздокский муниципальный район,2024-01
v2,1.5,Моздокский муниципальный район,2024-10
v2,1.5,Мокроусовский муниципальный округ,2024-10
v2,1.5,Мокшанский муниципальный район,2024-10
v2,1.5,Мордовский муниципальный округ,2023-10
v2,1.5,Мордовский муниципальный округ,2024-01
v2,1.5,Мордовский муниципальный округ,2024-10
v2,1.5,Мосальский муниципальный район,2024-10
v2,1.5,Муслюмовский муниципальный район,2023-10
v2,1.5,Муслюмовский муниципальный район,2024-01
v2,1.5,Муслюмовский муниципальный район,2024-10
v2,1.5,Мучкапский муниципальный округ,2023-10
v2,1.5,Мучкапский муниципальный округ,2024-01
v2,1.5,Мучкапский муниципальный округ,2024-10
v2,1.5,Нагайбакский муниципальный район,2023-10
v2,1.5,Нагайбакский муниципальный район,2024-01
v2,1.5,Нагайбакский муниципальный район,2024-10
v2,1.5,Нанайский муниципальный район,2024-10
v2,1.5,Наровчатский муниципальный район,2024-10
v2,1.5,Неверкинский муниципальный район,2023-10
v2,1.5,Неверкинский муниципальный район,2024-01
v2,1.5,Неверкинский муниципальный район,2024-10
v2,1.5,Нейский муниципальный округ,2024-10
v2,1.5,Некоузский муниципальный район,2024-10
v2,1.5,Некрасовский муниципальный район,2023-10
v2,1.5,Некрасовский муниципальный район,2024-01
v2,1.5,Некрасовский муниципальный район,2024-10
v2,1.5,Немецкий национальный муниципальный район,2024-10
v2,1.5,Нефтеюганский муниципальный район,2024-10
v2,1.5,Нижнеингашский муниципальный район,2024-10
v2,1.5,Нижнекамский муниципальный район,2024-10
v2,1.5,Нижнеломовский муниципальный район,2024-10
v2,1.5,Нижнеомский муниципальный район,2023-10
v2,1.5,Нижнеомский муниципальный район,2024-01
v2,1.5,Нижнеомский муниципальный район,2024-10
v2,1.5,Нижнесергинский муниципальный район,2024-10
v2,1.5,Нижнетавдинский муниципальный район,2024-10
v2,1.5,Никифоровский муниципальный округ,2023-10
v2,1.5,Никифоровский муниципальный округ,2024-01
v2,1.5,Никифоровский муниципальный округ,2024-10
v2,1.5,Николаевский муниципальный район #1,2024-10
v2,1.5,Николаевский муниципальный район #3,2023-10
v2,1.5,Николаевский муниципальный район #3,2024-01
v2,1.5,Николаевский муниципальный район #3,2024-10
v2,1.5,Никольский муниципальный округ,2024-10
v2,1.5,Новоаннинский муниципальный район,2024-10
v2,1.5,Новобурасский муниципальный район,2023-10
v2,1.5,Новобурасский муниципальный район,2024-01
v2,1.5,Новодеревеньковский муниципальный район,2024-10
v2,1.5,Новодугинский муниципальный район,2024-10
v2,1.5,Новониколаевский муниципальный район,2023-10
v2,1.5,Новониколаевский муниципальный район,2024-01
v2,1.5,Новониколаевский муниципальный район,2024-10
v2,1.5,Новоорский муниципальный район,2023-10
v2,1.5,Новоорский муниципальный район,2024-01
v2,1.5,Новоорский муниципальный район,2024-10
v2,1.5,Новоселицкий муниципальный округ,2023-10
v2,1.5,Новоселицкий муниципальный округ,2024-01
v2,1.5,Новоселицкий муниципальный округ,2024-10
v2,1.5,Новосергиевский муниципальный район,2023-10
v2,1.5,Новосергиевский муниципальный район,2024-01
v2,1.5,Новосергиевский муниципальный район,2024-10
v2,1.5,Новосибирский муниципальный район,2024-01
v2,1.5,Новосибирский муниципальный район,2024-10
v2,1.5,Новоспасский муниципальный район,2024-10
v2,1.5,Новоторъяльский муниципальный район,2024-10
v2,1.5,Новошешминский муниципальный район,2024-10
v2,1.5,Нуримановский муниципальный район,2024-10
v2,1.5,Нюксенский муниципальный округ,2024-10
v2,1.5,Нязепетровский муниципальный район,2024-10
v2,1.5,Озинский муниципальный район,2023-10
v2,1.5,Озинский муниципальный район,2024-01
v2,1.5,Озинский муниципальный район,2024-10
v2,1.5,Оймяконский муниципальный район,2024-01
v2,1.5,Оймяконский муниципальный район,2024-05
v2,1.5,Оконешниковский муниципальный район,2024-10
v2,1.5,Октябрьский муниципальный район #1,2024-10
v2,1.5,Октябрьский муниципальный район #2,2024-10
v2,1.5,Октябрьский муниципальный район #7,2024-10
v2,1.5,Октябрьский муниципальный район #8,2024-10
v2,1.5,Окуловский муниципальный район,2024-10
v2,1.5,Оленекский эвенкийский национальный муниципальный район,2023-07
v2,1.5,Оловяннинский муниципальный район,2024-10
v2,1.5,Ольгинский муниципальный округ,2024-10
v2,1.5,Ольховский муниципальный район,2024-10
v2,1.5,Омский муниципальный район,2024-01
v2,1.5,Омский муниципальный район,2024-10
v2,1.5,Омутнинский муниципальный район,2024-10
v2,1.5,Онежский муниципальный район,2024-10
v2,1.5,Ононский муниципальный округ,2023-09
v2,1.5,Ононский муниципальный округ,2024-02
v2,1.5,Оричевский муниципальный район,2023-10
v2,1.5,Оричевский муниципальный район,2024-01
v2,1.5,Оричевский муниципальный район,2024-10
v2,1.5,Оршанский муниципальный район,2023-10
v2,1.5,Оршанский муниципальный район,2024-01
v2,1.5,Оршанский муниципальный район,2024-10
v2,1.5,Островский муниципальный округ,2023-10
v2,1.5,Островский муниципальный округ,2024-01
v2,1.5,Островский муниципальный округ,2024-10
v2,1.5,Охотский муниципальный округ,2024-10
v2,1.5,Павловский муниципальный округ,2024-10
v2,1.5,Павловский муниципальный район #2,2024-10
v2,1.5,Павлоградский муниципальный район,2024-10
v2,1.5,Палласовский муниципальный район,2024-10
v2,1.5,Параньгинский муниципальный район,2024-10
v2,1.5,Партизанский муниципальный округ,2024-10
v2,1.5,Парфинский муниципальный район,2024-02
v2,1.5,Пензенский муниципальный район,2024-10
v2,1.5,Первомайский муниципальный округ,2023-10
v2,1.5,Первомайский муниципальный округ,2024-01
v2,1.5,Первомайский муниципальный район #2,2023-10
v2,1.5,Первомайский муниципальный район #2,2024-01
v2,1.5,Первомайский муниципальный район #2,2024-10
v2,1.5,Первомайский муниципальный район #3,2024-10
v2,1.5,Первомайский муниципальный район #4,2024-10
v2,1.5,Перелюбский муниципальный район,2024-10
v2,1.5,Перемышльский муниципальный район,2024-10
v2,1.5,Пестравский муниципальный район,2024-10
v2,1.5,Петровский муниципальный округ #2,2023-10
v2,1.5,Петровский муниципальный округ #2,2024-01
v2,1.5,Петровский муниципальный округ #2,2024-10
v2,1.5,Петровский муниципальный район,2024-10
v2,1.5,Петропавловский муниципальный район,2023-10
v2,1.5,Петропавловский муниципальный район,2024-01
v2,1.5,Петропавловский муниципальный район,2024-10
v2,1.5,Петуховский муниципальный округ,2024-10
v2,1.5,Петушинский муниципальный район,2024-10
v2,1.5,Пичаевский муниципальный округ,2023-10
v2,1.5,Пичаевский муниципальный округ,2024-01
v2,1.5,Пичаевский муниципальный округ,2024-10
v2,1.5,Пластовский муниципальный район,2024-10
v2,1.5,Плесецкий муниципальный округ,2024-10
v2,1.5,Плюсский муниципальный район,2024-10
v2,1.5,Пограничный муниципальный округ,2024-10
v2,1.5,Поддорский муниципальный район,2024-10
v2,1.5,Пожарский муниципальный округ,2023-10
v2,1.5,Пожарский муниципальный округ,2024-01
v2,1.5,Пожарский муниципальный округ,2024-10
v2,1.5,Полтавский муниципальный район,2024-10
v2,1.5,Поназыревский муниципальный округ,2024-10
v2,1.5,Порховский муниципальный район,2024-10
v2,1.5,Починковский муниципальный район,2024-10
v2,1.5,Предгорный муниципальный округ,2024-01
v2,1.5,Предгорный муниципальный округ,2024-10
v2,1.5,Приволжский муниципальный район #1,2024-10
v2,1.5,Приволжский муниципальный район #2,2023-10
v2,1.5,Приволжский муниципальный район #2,2024-01
v2,1.5,Приволжский муниципальный район #2,2024-10
v2,1.5,Приморский муниципальный округ,2024-01
v2,1.5,Приморский муниципальный округ,2024-10
v2,1.5,Приозерский муниципальный район,2024-10
v2,1.5,Прионежский муниципальный район,2024-02
v2,1.5,Прионежский муниципальный район,2024-06
v2,1.5,Прионежский муниципальный район,2024-10
v2,1.5,Прокопьевский муниципальный округ,2024-10
v2,1.5,Пронский муниципальный район,2024-10
v2,1.5,Псковский муниципальный район,2024-10
v2,1.5,Путятинский муниципальный округ,2024-02
v2,1.5,Путятинский муниципальный округ,2024-05
v2,1.5,Пучежский муниципальный район,2024-10
v2,1.5,Радищевский муниципальный район,2024-10
v2,1.5,Ржаксинский муниципальный округ,2024-10
v2,1.5,Родниковский муниципальный район,2024-10
v2,1.5,Романовский муниципальный район #2,2023-10
v2,1.5,Романовский муниципальный район #2,2024-01
v2,1.5,Романовский муниципальный район #2,2024-10
v2,1.5,Ромненский муниципальный округ,2024-10
v2,1.5,Рославльский муниципальный район,2024-10
v2,1.5,Ростовский муниципальный район,2024-01
v2,1.5,Ростовский муниципальный район,2024-10
v2,1.5,Ртищевский муниципальный район,2024-10
v2,1.5,Руднянский муниципальный район #1,2024-10
v2,1.5,Рузаевский муниципальный район,2024-10
v2,1.5,Русско-Полянский муниципальный район,2024-10
v2,1.5,Рыбинский муниципальный район #2,2024-10
v2,1.5,Рыбно-Слободский муниципальный район,2024-10
v2,1.5,Рыбновский муниципальный район,2024-10
v2,1.5,Ряжский муниципальный округ,2024-10
v2,1.5,Рязанский муниципальный район,2024-10
v2,1.5,Сабинский муниципальный район,2024-10
v2,1.5,Самойловский муниципальный район,2023-10
v2,1.5,Самойловский муниципальный район,2024-01
v2,1.5,Самойловский муниципальный район,2024-10
v2,1.5,Сапожковский муниципальный район,2024-10
v2,1.5,Сараевский муниципальный район,2024-10
v2,1.5,Саргатский муниципальный район,2024-10
v2,1.5,Сармановский муниципальный район,2023-10
v2,1.5,Сармановский муниципальный район,2024-01
v2,1.5,Сармановский муниципальный район,2024-10
v2,1.5,Сарпинский муниципальный район,2023-10
v2,1.5,Сарпинский муниципальный район,2024-01
v2,1.5,Сафакулевский муниципальный округ,2024-10
v2,1.5,Светлоярский муниципальный район,2024-10
v2,1.5,Сегежский муниципальный округ,2024-02
v2,1.5,Сегежский муниципальный округ,2024-06
v2,1.5,Сегежский муниципальный округ,2024-10
v2,1.5,Седельниковский муниципальный район,2024-10
v2,1.5,Селемджинский муниципальный район,2024-10
v2,1.5,Сергачский муниципальный округ,2024-10
v2,1.5,Сергиевский муниципальный район,2024-10
v2,1.5,Сердобский муниципальный район,2023-10
v2,1.5,Сердобский муниципальный район,2024-01
v2,1.5,Сердобский муниципальный район,2024-10
v2,1.5,Сернурский муниципальный район,2023-10
v2,1.5,Сернурский муниципальный район,2024-01
v2,1.5,Серышевский муниципальный округ,2024-10
v2,1.5,Сеченовский муниципальный округ,2024-10
v2,1.5,Слободской муниципальный район,2024-02
v2,1.5,Слободской муниципальный район,2024-05
v2,1.5,Слободской муниципальный район,2024-10
v2,1.5,Смидовичский муниципальный район,2023-10
v2,1.5,Смидовичский муниципальный район,2024-01
v2,1.5,Смидовичский муниципальный район,2024-10
v2,1.5,Смоленский муниципальный район #2,2024-10
v2,1.5,Собинский муниципальный район,2024-10
v2,1.5,Соболевский муниципальный район,2024-01
v2,1.5,Соболевский муниципальный район,2024-06
v2,1.5,Советский муниципальный округ,2024-10
v2,1.5,Советский муниципальный район #1,2024-10
v2,1.5,Советский муниципальный район #4,2024-10
v2,1.5,Сокольский муниципальный округ,2024-10
v2,1.5,Солигаличский муниципальный округ,2024-10
v2,1.5,Солтонский муниципальный район,2024-10
v2,1.5,Сосновский муниципальный округ #1,2024-10
v2,1.5,Сосновский муниципальный округ #2,2024-10
v2,1.5,Сосновский муниципальный район,2024-01
v2,1.5,Сосновский муниципальный район,2024-10
v2,1.5,Спасский муниципальный район #1,2024-10
v2,1.5,Спасский муниципальный район #3,2024-10
v2,1.5,Ставропольский муниципальный район,2024-01
v2,1.5,Ставропольский муниципальный район,2024-10
v2,1.5,Старорусский муниципальный район,2024-10
v2,1.5,Старошайговский муниципальный район,2024-02
v2,1.5,Старошайговский муниципальный район,2024-05
v2,1.5,Старошайговский муниципальный район,2024-10
v2,1.5,Староюрьевский муниципальный округ,2024-10
v2,1.5,Стерлибашевский муниципальный район,2023-10
v2,1.5,Стерлибашевский муниципальный район,2024-01
v2,1.5,Стерлибашевский муниципальный район,2024-10
v2,1.5,Суворовский муниципальный район,2024-10
v2,1.5,Судиславский муниципальный район,2023-10
v2,1.5,Судиславский муниципальный район,2024-01
v2,1.5,Сунский муниципальный район,2024-10
v2,1.5,Суоярвский муниципальный округ,2024-02
v2,1.5,Суоярвский муниципальный округ,2024-06
v2,1.5,Суоярвский муниципальный округ,2024-10
v2,1.5,Сусанинский муниципальный район,2024-10
v2,1.5,Сухиничский муниципальный район,2024-10
v2,1.5,Сысольский муниципальный район,2024-10
v2,1.5,Сычевский муниципальный район,2024-10
v2,1.5,Сямженский муниципальный округ,2024-02
v2,1.5,Сямженский муниципальный округ,2024-07
v2,1.5,Сямженский муниципальный округ,2024-10
v2,1.5,Тальменский муниципальный район,2024-10
v2,1.5,Тамалинский муниципальный район,2024-10
v2,1.5,Тарусский муниципальный район,2024-10
v2,1.5,Татышлинский муниципальный район,2024-10
v2,1.5,Тахтамукайский муниципальный район,2024-01
v2,1.5,Тахтамукайский муниципальный район,2024-10
v2,1.5,Ташлинский муниципальный район,2024-10
v2,1.5,Тегульдетский муниципальный район,2024-10
v2,1.5,Тейковский муниципальный район,2023-10
v2,1.5,Тейковский муниципальный район,2024-01
v2,1.5,Темкинский муниципальный район,2023-10
v2,1.5,Темкинский муниципальный район,2024-01
v2,1.5,Темкинский муниципальный район,2024-05
v2,1.5,Темниковский муниципальный район,2023-10
v2,1.5,Темниковский муниципальный район,2024-01
v2,1.5,Темниковский муниципальный район,2024-10
v2,1.5,Теньгушевский муниципальный район,2024-10
v2,1.5,Тербунский муниципальный район,2023-10
v2,1.5,Тербунский муниципальный район,2024-01
v2,1.5,Тербунский муниципальный район,2024-10
v2,1.5,Тетюшский муниципальный район,2024-10
v2,1.5,Теучежский муниципальный район,2024-01
v2,1.5,Теучежский муниципальный район,2024-10
v2,1.5,Тисульский муниципальный округ,2024-10
v2,1.5,Тогульский муниципальный район,2024-10
v2,1.5,Токарёвский муниципальный округ,2023-10
v2,1.5,Токарёвский муниципальный округ,2024-01
v2,1.5,Токарёвский муниципальный округ,2024-10
v2,1.5,Томский муниципальный район,2024-01
v2,1.5,Томский муниципальный район,2024-10
v2,1.5,Топчихинский муниципальный район,2024-10
v2,1.5,Тосненский муниципальный район,2024-10
v2,1.5,Тоцкий муниципальный район,2023-10
v2,1.5,Тоцкий муниципальный район,2024-01
v2,1.5,Тоцкий муниципальный район,2024-10
v2,1.5,Троснянский муниципальный район,2024-10
v2,1.5,Турковский муниципальный район,2023-10
v2,1.5,Турковский муниципальный район,2024-01
v2,1.5,Турковский муниципальный район,2024-10
v2,1.5,Туруханский муниципальный район,2023-08
v2,1.5,Туруханский муниципальный район,2024-02
v2,1.5,Туруханский муниципальный район,2024-08
v2,1.5,Тутаевский муниципальный район,2023-10
v2,1.5,Тутаевский муниципальный район,2024-01
v2,1.5,Тутаевский муниципальный район,2024-10
v2,1.5,Тындинский муниципальный округ,2024-10
v2,1.5,Тюльганский муниципальный район,2024-10
v2,1.5,Тюменский муниципальный район,2024-01
v2,1.5,Тюменский муниципальный район,2024-10
v2,1.5,Тяжинский муниципальный округ,2024-10
v2,1.5,Увельский муниципальный район,2024-10
v2,1.5,Угранский муниципальный район,2024-10
v2,1.5,Узловский муниципальный район,2024-01
v2,1.5,Узловский муниципальный район,2024-10
v2,1.5,Уйский муниципальный район,2023-10
v2,1.5,Уйский муниципальный район,2024-01
v2,1.5,Уйский муниципальный район,2024-10
v2,1.5,Улаганский муниципальный район,2023-08
v2,1.5,Улаганский муниципальный район,2024-02
v2,1.5,Улаганский муниципальный район,2024-09
v2,1.5,Урмарский муниципальный округ,2023-10
v2,1.5,Урмарский муниципальный округ,2024-01
v2,1.5,Урмарский муниципальный округ,2024-10
v2,1.5,Усманский муниципальный район,2024-10
v2,1.5,Усольский муниципальный район,2024-10
v2,1.5,Усть-Абаканский муниципальный район,2024-10
v2,1.5,Усть-Большерецкий муниципальный район,2024-01
v2,1.5,Усть-Большерецкий муниципальный район,2024-06
v2,1.5,Усть-Калманский муниципальный район,2024-10
v2,1.5,Усть-Майский муниципальный район,2023-10
v2,1.5,Усть-Майский муниципальный район,2024-01
v2,1.5,Усть-Майский муниципальный район,2024-10
v2,1.5,Устюженский муниципальный округ,2024-10
v2,1.5,Уфимский муниципальный район,2024-01
v2,1.5,Уфимский муниципальный район,2024-10
v2,1.5,Учалинский муниципальный район,2023-10
v2,1.5,Учалинский муниципальный район,2024-01
v2,1.5,Учалинский муниципальный район,2024-10
v2,1.5,Федоровский муниципальный район #2,2024-10
v2,1.5,Фурмановский муниципальный район,2024-10
v2,1.5,Хабаровский муниципальный район,2024-01
v2,1.5,Хабаровский муниципальный район,2024-10
v2,1.5,Хайбуллинский муниципальный район,2024-10
v2,1.5,Ханкайский муниципальный округ,2024-10
v2,1.5,Ханты-Мансийский муниципальный район,2023-10
v2,1.5,Ханты-Мансийский муниципальный район,2024-01
v2,1.5,Ханты-Мансийский муниципальный район,2024-10
v2,1.5,Харабалинский муниципальный район,2024-10
v2,1.5,Харовский муниципальный округ,2023-10
v2,1.5,Харовский муниципальный округ,2024-01
v2,1.5,Харовский муниципальный округ,2024-10
v2,1.5,Хасанский муниципальный округ,2024-10
v2,1.5,Хвастовичский муниципальный район,2024-10
v2,1.5,Хворостянский муниципальный район,2024-10
v2,1.5,Хлевенский муниципальный район,2024-10
v2,1.5,Холм-Жирковский муниципальный район,2024-10
v2,1.5,Хорольский муниципальный округ,2023-10
v2,1.5,Хорольский муниципальный округ,2024-01
v2,1.5,Хорольский муниципальный округ,2024-10
v2,1.5,Хотынецкий муниципальный район,2023-12
v2,1.5,Хотынецкий муниципальный район,2024-04
v2,1.5,Чагодощенский муниципальный округ,2024-10
v2,1.5,Чамзинский муниципальный район,2024-02
v2,1.5,Чамзинский муниципальный район,2024-05
v2,1.5,Чамзинский муниципальный район,2024-10
v2,1.5,Чаплыгинский муниципальный район,2024-10
v2,1.5,Чебаркульский муниципальный район,2024-10
v2,1.5,Чекмагушевский муниципальный район,2023-10
v2,1.5,Чекмагушевский муниципальный район,2024-01
v2,1.5,Челно-Вершинский муниципальный район,2024-10
v2,1.5,Чемальский муниципальный район,2023-09
v2,1.5,Чемальский муниципальный район,2024-02
v2,1.5,Чердаклинский муниципальный район,2024-10
v2,1.5,Черемшанский муниципальный район,2024-10
v2,1.5,Черниговский муниципальный округ,2023-10
v2,1.5,Черниговский муниципальный округ,2024-01
v2,1.5,Черниговский муниципальный округ,2024-10
v2,1.5,Черноярский муниципальный район,2024-10
v2,1.5,Чесменский муниципальный район,2024-10
v2,1.5,Чишминский муниципальный район,2023-10
v2,1.5,Чишминский муниципальный район,2024-01
v2,1.5,Чишминский муниципальный район,2024-10
v2,1.5,Чудовский муниципальный район,2024-10
v2,1.5,Чулымский муниципальный район,2023-10
v2,1.5,Чулымский муниципальный район,2024-01
v2,1.5,Чулымский муниципальный район,2024-10
v2,1.5,Чухломский муниципальный район,2024-10
v2,1.5,Шабалинский муниципальный район,2024-10
v2,1.5,Шарлыкский муниципальный район,2024-10
v2,1.5,Шатковский муниципальный округ,2024-10
v2,1.5,Шатровский муниципальный округ,2024-10
v2,1.5,Шекснинский муниципальный район,2024-10
v2,1.5,Шербакульский муниципальный район,2024-10
v2,1.5,Шигонский муниципальный район,2024-10
v2,1.5,Шиловский муниципальный район,2024-10
v2,1.5,Шимановский муниципальный округ,2024-10
v2,1.5,Шимский муниципальный район,2024-10
v2,1.5,Шкотовский муниципальный округ,2024-10
v2,1.5,Шпаковский муниципальный округ,2024-01
v2,1.5,Шпаковский муниципальный округ,2024-10
v2,1.5,Шумячский муниципальный район,2023-10
v2,1.5,Шумячский муниципальный район,2024-01
v2,1.5,Шумячский муниципальный район,2024-10
v2,1.5,Шушенский муниципальный район,2024-10
v2,1.5,Щекинский муниципальный район,2024-01
v2,1.5,Щекинский муниципальный район,2024-10
v2,1.5,Щучанский муниципальный округ,2024-10
v2,1.5,Южский муниципальный район,2024-10
v2,1.5,Юргамышский муниципальный округ,2024-10
v2,1.5,Юргинский муниципальный район,2024-10
v2,1.5,Юринский муниципальный район,2024-10
v2,1.5,Юрьев-Польский муниципальный район,2024-10
v2,1.5,Юрьянский муниципальный район,2024-10
v2,1.5,Ютазинский муниципальный район,2023-10
v2,1.5,Ютазинский муниципальный район,2024-01
v2,1.5,Ютазинский муниципальный район,2024-10
v2,1.5,Юхновский муниципальный район,2024-10
v2,1.5,Ядринский муниципальный округ,2024-10
v2,1.5,Яковлевский муниципальный округ,2024-10
v2,1.5,Янтиковский муниципальный округ,2024-02
v2,1.5,Ярославский муниципальный район,2024-01
v2,1.5,Ярославский муниципальный район,2024-10
v2,1.5,Ясногорский муниципальный район,2024-10
v2,1.5,Яшкульский муниципальный район,2024-04
v2,1.5,Яшкульский муниципальный район,2024-10
v2,1.5,внутригородская территория города федерального значения  Александровский муниципальный округ,2024-10
v2,1.5,внутригородская территория города федерального значения город Колпино,2024-10
v2,1.5,внутригородская территория города федерального значения город Красное Село,2024-10
v2,1.5,внутригородская территория города федерального значения город Кронштадт,2023-10
v2,1.5,внутригородская территория города федерального значения город Кронштадт,2024-01
v2,1.5,внутригородская территория города федерального значения город Кронштадт,2024-10
v2,1.5,внутригородская территория города федерального значения город Ломоносов,2024-10
v2,1.5,внутригородская территория города федерального значения город Павловск,2024-01
v2,1.5,внутригородская территория города федерального значения город Павловск,2024-10
v2,1.5,внутригородская территория города федерального значения город Петергоф,2024-01
v2,1.5,внутригородская территория города федерального значения город Петергоф,2024-10
v2,1.5,внутригородская территория города федерального значения город Пушкин,2024-10
v2,1.5,внутригородская территория города федерального значения городской округ Троицк,2024-01
v2,1.5,внутригородская территория города федерального значения городской округ Троицк,2024-10
v2,1.5,внутригородская территория города федерального значения городской округ Щербинка,2024-10
v2,1.5,внутригородская территория города федерального значения муниципальное образование Савелки,2024-01
v2,1.5,внутригородская территория города федерального значения муниципальное образование Савелки,2024-10
v2,1.5,внутригородская территория города федерального значения муниципальный округ Автово,2023-10
v2,1.5,внутригородская территория города федерального значения муниципальный округ Автово,2024-01
v2,1.5,внутригородская территория города федерального значения муниципальный округ Автово,2024-10
v2,1.5,внутригородская территория города федерального значения муниципальный округ Адмиралтейский округ,2024-10
v2,1.5,внутригородская территория города федерального значения муниципальный округ Академический,2024-10
v2,1.5,внутригородская территория города федерального значения муниципальный округ Академическое,2024-10
v2,1.5,внутригородская территория города федерального значения муниципальный округ Алтуфьевский,2024-10
v2,1.5,внутригородская территория города федерального значения муниципальный округ Аэропорт,2024-01
v2,1.5,внутригородская территория города федерального значения муниципальный округ Аэропорт,2024-10
v2,1.5,внутригородская территория города федерального значения муниципальный округ Бабушкинский,2024-10
v2,1.5,внутригородская территория города федерального значения муниципальный округ Балканский,2024-10
v2,1.5,внутригородская территория города федерального значения муниципальный округ Басманный,2024-10
v2,1.5,внутригородская территория города федерального значения муниципальный округ Бескудниковский,2024-10
v2,1.5,внутригородская территория города федерального значения муниципальный округ Бибирево,2024-01
v2,1.5,внутригородская территория города федерального значения муниципальный округ Бибирево,2024-10
v2,1.5,внутригородская территория города федерального значения муниципальный округ Бирюлево Восточное,2024-10
v2,1.5,внутригородская территория города федерального значения муниципальный округ Бирюлево Западное,2024-01
v2,1.5,внутригородская территория города федерального значения муниципальный округ Бирюлево Западное,2024-10
v2,1.5,внутригородская территория города федерального значения муниципальный округ Богородское,2024-10
v2,1.5,внутригородская территория города федерального значения муниципальный округ Большая Охта,2024-10
v2,1.5,внутригородская территория города федерального значения муниципальный округ Братеево,2024-10
v2,1.5,внутригородская территория города федерального значения муниципальный округ Бутырский,2024-01
v2,1.5,внутригородская территория города федерального значения муниципальный округ Бутырский,2024-10
v2,1.5,внутригородская территория города федерального значения муниципальный округ Вешняки,2024-10
v2,1.5,внутригородская территория города федерального значения муниципальный округ Внуково,2023-10
v2,1.5,внутригородская территория города федерального значения муниципальный округ Внуково,2024-01
v2,1.5,внутригородская территория города федерального значения муниципальный округ Внуково,2024-10
v2,1.5,внутригородская территория города федерального значения муниципальный округ Войковский,2024-10
v2,1.5,внутригородская территория города федерального значения муниципальный округ Волковское,2024-01
v2,1.5,внутригородская территория города федерального значения муниципальный округ Волковское,2024-10
v2,1.5,внутригородская территория города федерального значения муниципальный округ Восточное Дегунино,2024-10
v2,1.5,внутригородская территория города федерального значения муниципальный округ Восточное Измайлово,2024-10
v2,1.5,внутригородская территория города федерального значения муниципальный округ Выхино-Жулебино,2024-10
v2,1.5,внутригородская территория города федерального значения муниципальный округ Гавань,2024-10
v2,1.5,внутригородская территория города федерального значения муниципальный округ Гагаринское,2024-10
v2,1.5,внутригородская территория города федерального значения муниципальный округ Георгиевский,2023-10
v2,1.5,внутригородская территория города федерального значения муниципальный округ Георгиевский,2024-01
v2,1.5,внутригородская территория города федерального значения муниципальный округ Георгиевский,2024-10
v2,1.5,внутригородская территория города федерального значения муниципальный округ Головинский,2024-10
v2,1.5,внутригородская территория города федерального значения муниципальный округ Гольяново,2024-10
v2,1.5,внутригородская территория города федерального значения муниципальный округ Горелово,2024-01
v2,1.5,внутригородская территория города федерального значения муниципальный округ Горелово,2024-10
v2,1.5,внутригородская территория города федерального значения муниципальный округ Гражданка,2024-01
v2,1.5,внутригородская территория города федерального значения муниципальный округ Гражданка,2024-10
v2,1.5,внутригородская территория города федерального значения муниципальный округ Даниловский,2024-01
v2,1.5,внутригородская территория города федерального значения муниципальный округ Даниловский,2024-10
v2,1.5,внутригородская территория города федерального значения муниципальный округ Дачное,2024-01
v2,1.5,внутригородская территория города федерального значения муниципальный округ Дачное,2024-10
v2,1.5,внутригородская территория города федерального значения муниципальный округ Дворцовый округ,2023-09
v2,1.5,внутригородская территория города федерального значения муниципальный округ Дворцовый округ,2024-02
v2,1.5,внутригородская территория города федерального значения муниципальный округ Дворцовый округ,2024-06
v2,1.5,внутригородская территория города федерального значения муниципальный округ Дворцовый округ,2024-10
v2,1.5,внутригородская территория города федерального значения муниципальный округ Дмитровский,2024-01
v2,1.5,внутригородская территория города федерального значения муниципальный округ Дмитровский,2024-10
v2,1.5,внутригородская территория города федерального значения муниципальный округ Донской,2024-10
v2,1.5,внутригородская территория города федерального значения муниципальный округ Екатерингофский,2024-10
v2,1.5,внутригородская территория города федерального значения муниципальный округ Замоскворечье,2024-01
v2,1.5,внутригородская территория города федерального значения муниципальный округ Замоскворечье,2024-10
v2,1.5,внутригородская территория города федерального значения муниципальный округ Западное Дегунино,2024-01
v2,1.5,внутригородская территория города федерального значения муниципальный округ Западное Дегунино,2024-10
v2,1.5,внутригородская территория города федерального значения муниципальный округ Звездное,2024-01
v2,1.5,внутригородская территория города федерального значения муниципальный округ Звездное,2024-10
v2,1.5,внутригородская территория города федерального значения муниципальный округ Зюзино,2024-01
v2,1.5,внутригородская территория города федерального значения муниципальный округ Зюзино,2024-10
v2,1.5,внутригородская территория города федерального значения муниципальный округ Зябликово,2024-10
v2,1.5,внутригородская территория города федерального значения муниципальный округ Ивановский,2023-10
v2,1.5,внутригородская территория города федерального значения муниципальный округ Ивановский,2024-01
v2,1.5,внутригородская территория города федерального значения муниципальный округ Ивановский,2024-10
v2,1.5,внутригородская территория города федерального значения муниципальный округ Ивановское,2024-10
v2,1.5,внутригородская территория города федерального значения муниципальный округ Измайлово,2024-01
v2,1.5,внутригородская территория города федерального значения муниципальный округ Измайлово,2024-10
v2,1.5,внутригородская территория города федерального значения муниципальный округ Измайловское,2024-01
v2,1.5,внутригородская территория города федерального значения муниципальный округ Измайловское,2024-10
v2,1.5,внутригородская территория города федерального значения муниципальный округ Капотня,2024-10
v2,1.5,внутригородская территория города федерального значения муниципальный округ Княжево,2024-10
v2,1.5,внутригородская территория города федерального значения муниципальный округ Коломна,2023-10
v2,1.5,внутригородская территория города федерального значения муниципальный округ Коломна,2024-01
v2,1.5,внутригородская территория города федерального значения муниципальный округ Коломна,2024-10
v2,1.5,внутригородская территория города федерального значения муниципальный округ Комендантский аэродром,2024-10
v2,1.5,внутригородская территория города федерального значения муниципальный округ Константиновское,2024-01
v2,1.5,внутригородская территория города федерального значения муниципальный округ Константиновское,2024-10
v2,1.5,внутригородская территория города федерального значения муниципальный округ Коньково,2024-10
v2,1.5,внутригородская территория города федерального значения муниципальный округ Коптево,2024-10
v2,1.5,внутригородская территория города федерального значения муниципальный округ Косино-Ухтомский,2024-10
v2,1.5,внутригородская территория города федерального значения муниципальный округ Котловка,2024-10
v2,1.5,внутригородская территория города федерального значения муниципальный округ Красненькая речка,2024-10
v2,1.5,внутригородская территория города федерального значения муниципальный округ Красносельский,2024-01
v2,1.5,внутригородская территория города федерального значения муниципальный округ Красносельский,2024-10
v2,1.5,внутригородская территория города федерального значения муниципальный округ Крылатское,2024-01
v2,1.5,внутригородская территория города федерального значения муниципальный округ Крылатское,2024-10
v2,1.5,внутригородская территория города федерального значения муниципальный округ Крюково,2024-01
v2,1.5,внутригородская территория города федерального значения муниципальный округ Крюково,2024-10
v2,1.5,внутригородская территория города федерального значения муниципальный округ Кузьминки,2024-01
v2,1.5,внутригородская территория города федерального значения муниципальный округ Кузьминки,2024-10
v2,1.5,внутригородская территория города федерального значения муниципальный округ Кунцево,2024-01
v2,1.5,внутригородская территория города федерального значения муниципальный округ Кунцево,2024-10
v2,1.5,внутригородская территория города федерального значения муниципальный округ Купчино,2024-10
v2,1.5,внутригородская территория города федерального значения муниципальный округ Куркино,2024-01
v2,1.5,внутригородская территория города федерального значения муниципальный округ Куркино,2024-10
v2,1.5,внутригородская территория города федерального значения муниципальный округ Ланское,2024-10
v2,1.5,внутригородская территория города федерального значения муниципальный округ Левобережный,2024-10
v2,1.5,внутригородская территория города федерального значения муниципальный округ Лефортово,2024-01
v2,1.5,внутригородская территория города федерального значения муниципальный округ Лефортово,2024-10
v2,1.5,внутригородская территория города федерального значения муниципальный округ Лианозово,2024-10
v2,1.5,внутригородская территория города федерального значения муниципальный округ Лиговка-Ямская,2024-01
v2,1.5,внутригородская территория города федерального значения муниципальный округ Лиговка-Ямская,2024-10
v2,1.5,внутригородская территория города федерального значения муниципальный округ Литейный округ,2024-10
v2,1.5,внутригородская территория города федерального значения муниципальный округ Ломоносовский,2024-10
v2,1.5,внутригородская территория города федерального значения муниципальный округ Лосиноостровский,2024-10
v2,1.5,внутригородская территория города федерального значения муниципальный округ Люблино,2024-01
v2,1.5,внутригородская территория города федерального значения муниципальный округ Люблино,2024-10
v2,1.5,внутригородская территория города федерального значения муниципальный округ Малая Охта,2024-01
v2,1.5,внутригородская территория города федерального значения муниципальный округ Малая Охта,2024-10
v2,1.5,внутригородская территория города федерального значения муниципальный округ Марфино,2024-10
v2,1.5,внутригородская территория города федерального значения муниципальный округ Марьина роща,2024-10
v2,1.5,внутригородская территория города федерального значения муниципальный округ Марьино,2024-01
v2,1.5,внутригородская территория города федерального значения муниципальный округ Марьино,2024-10
v2,1.5,внутригородская территория города федерального значения муниципальный округ Матушкино,2024-10
v2,1.5,внутригородская территория города федерального значения муниципальный округ Метрогородок,2024-01
v2,1.5,внутригородская территория города федерального значения муниципальный округ Метрогородок,2024-10
v2,1.5,внутригородская территория города федерального значения муниципальный округ Мещанский,2024-01
v2,1.5,внутригородская территория города федерального значения муниципальный округ Мещанский,2024-10
v2,1.5,внутригородская территория города федерального значения муниципальный округ Митино,2024-01
v2,1.5,внутригородская территория города федерального значения муниципальный округ Митино,2024-10
v2,1.5,внутригородская территория города федерального значения муниципальный округ Можайский,2024-10
v2,1.5,внутригородская территория города федерального значения муниципальный округ Молжаниновский,2023-10
v2,1.5,внутригородская территория города федерального значения муниципальный округ Молжаниновский,2024-01
v2,1.5,внутригородская территория города федерального значения муниципальный округ Молжаниновский,2024-10
v2,1.5,внутригородская территория города федерального значения муниципальный округ Морской,2024-01
v2,1.5,внутригородская территория города федерального значения муниципальный округ Морской,2024-10
v2,1.5,внутригородская территория города федерального значения муниципальный округ Москворечье-Сабурово,2024-10
v2,1.5,внутригородская территория города федерального значения муниципальный округ Нагатино-Садовники,2024-10
v2,1.5,внутригородская территория города федерального значения муниципальный округ Нагатинский затон,2024-01
v2,1.5,внутригородская территория города федерального значения муниципальный округ Нагатинский затон,2024-10
v2,1.5,внутригородская территория города федерального значения муниципальный округ Нагорный,2024-01
v2,1.5,внутригородская территория города федерального значения муниципальный округ Нагорный,2024-10
v2,1.5,внутригородская территория города федерального значения муниципальный округ Нарвский округ,2024-10
v2,1.5,внутригородская территория города федерального значения муниципальный округ Народный,2024-10
v2,1.5,внутригородская территория города федерального значения муниципальный округ Невский округ,2024-01
v2,1.5,внутригородская территория города федерального значения муниципальный округ Невский округ,2024-10
v2,1.5,внутригородская территория города федерального значения муниципальный округ Некрасовка,2024-01
v2,1.5,внутригородская территория города федерального значения муниципальный округ Некрасовка,2024-10
v2,1.5,внутригородская территория города федерального значения муниципальный округ Нижегородский,2024-10
v2,1.5,внутригородская территория города федерального значения муниципальный округ Ново-Переделкино,2024-01
v2,1.5,внутригородская территория города федерального значения муниципальный округ Ново-Переделкино,2024-10
v2,1.5,внутригородская территория города федерального значения муниципальный округ Новогиреево,2024-01
v2,1.5,внутригородская территория города федерального значения муниципальный округ Новогиреево,2024-10
v2,1.5,внутригородская территория города федерального значения муниципальный округ Новоизмайловское,2024-10
v2,1.5,внутригородская территория города федерального значения муниципальный округ Новокосино,2024-10
v2,1.5,внутригородская территория города федерального значения муниципальный округ Обуховский,2024-10
v2,1.5,внутригородская территория города федерального значения муниципальный округ Озеро Долгое,2024-01
v2,1.5,внутригородская территория города федерального значения муниципальный округ Озеро Долгое,2024-10
v2,1.5,внутригородская территория города федерального значения муниципальный округ Оккервиль,2024-10
v2,1.5,внутригородская территория города федерального значения муниципальный округ Орехово-Борисово Северное,2024-10
v2,1.5,внутригородская территория города федерального значения муниципальный округ Орехово-Борисово Южное,2024-01
v2,1.5,внутригородская территория города федерального значения муниципальный округ Орехово-Борисово Южное,2024-10
v2,1.5,внутригородская территория города федерального значения муниципальный округ Останкинский,2024-01
v2,1.5,внутригородская территория города федерального значения муниципальный округ Останкинский,2024-10
v2,1.5,внутригородская территория города федерального значения муниципальный округ Остров Декабристов,2024-10
v2,1.5,внутригородская территория города федерального значения муниципальный округ Отрадное,2024-10
v2,1.5,внутригородская территория города федерального значения муниципальный округ Очаково-Матвеевское,2024-10
v2,1.5,внутригородская территория города федерального значения муниципальный округ Перово,2024-10
v2,1.5,внутригородская территория города федерального значения муниципальный округ Печатники,2024-10
v2,1.5,внутригородская территория города федерального значения муниципальный округ Покровское-Стрешнево,2024-01
v2,1.5,внутригородская территория города федерального значения муниципальный округ Покровское-Стрешнево,2024-10
v2,1.5,внутригородская территория города федерального значения муниципальный округ Полюстрово,2024-10
v2,1.5,внутригородская территория города федерального значения муниципальный округ Пороховые,2023-10
v2,1.5,внутригородская территория города федерального значения муниципальный округ Пороховые,2024-01
v2,1.5,внутригородская территория города федерального значения муниципальный округ Пороховые,2024-10
v2,1.5,внутригородская территория города федерального значения муниципальный округ Посадский,2024-10
v2,1.5,внутригородская территория города федерального значения муниципальный округ Правобережный,2024-10
v2,1.5,внутригородская территория города федерального значения муниципальный округ Преображенское,2024-10
v2,1.5,внутригородская территория города федерального значения муниципальный округ Пулковский меридиан,2024-01
v2,1.5,внутригородская территория города федерального значения муниципальный округ Пулковский меридиан,2024-10
v2,1.5,внутригородская территория города федерального значения муниципальный округ Раменки,2024-01
v2,1.5,внутригородская территория города федерального значения муниципальный округ Раменки,2024-10
v2,1.5,внутригородская территория города федерального значения муниципальный округ Ржевка,2023-10
v2,1.5,внутригородская территория города федерального значения муниципальный округ Ржевка,2024-01
v2,1.5,внутригородская территория города федерального значения муниципальный округ Ржевка,2024-10
v2,1.5,внутригородская территория города федерального значения муниципальный округ Рыбацкое,2024-01
v2,1.5,внутригородская территория города федерального значения муниципальный округ Рыбацкое,2024-10
v2,1.5,внутригородская территория города федерального значения муниципальный округ Рязанский,2024-10
v2,1.5,внутригородская территория города федерального значения муниципальный округ Савеловский,2024-01
v2,1.5,внутригородская территория города федерального значения муниципальный округ Савеловский,2024-10
v2,1.5,внутригородская территория города федерального значения муниципальный округ Светлановское,2024-10
v2,1.5,внутригородская территория города федерального значения муниципальный округ Свиблово,2024-01
v2,1.5,внутригородская территория города федерального значения муниципальный округ Свиблово,2024-10
v2,1.5,внутригородская территория города федерального значения муниципальный округ Северное Бутово,2024-01
v2,1.5,внутригородская территория города федерального значения муниципальный округ Северное Бутово,2024-10
v2,1.5,внутригородская территория города федерального значения муниципальный округ Северное Измайлово,2024-10
v2,1.5,внутригородская территория города федерального значения муниципальный округ Северное Медведково,2024-10
v2,1.5,внутригородская территория города федерального значения муниципальный округ Северное Тушино,2024-10
v2,1.5,внутригородская территория города федерального значения муниципальный округ Северный #1,2024-10
v2,1.5,внутригородская территория города федерального значения муниципальный округ Северный #2,2024-10
v2,1.5,внутригородская территория города федерального значения муниципальный округ Семеновский,2024-10
v2,1.5,внутригородская территория города федерального значения муниципальный округ Сенной округ,2024-01
v2,1.5,внутригородская территория города федерального значения муниципальный округ Сенной округ,2024-10
v2,1.5,внутригородская территория города федерального значения муниципальный округ Сергиевское,2024-10
v2,1.5,внутригородская территория города федерального значения муниципальный округ Силино,2024-10
v2,1.5,внутригородская территория города федерального значения муниципальный округ Смольнинское,2024-10
v2,1.5,внутригородская территория города федерального значения муниципальный округ Сокол,2024-10
v2,1.5,внутригородская территория города федерального значения муниципальный округ Соколиная гора,2024-01
v2,1.5,внутригородская территория города федерального значения муниципальный округ Соколиная гора,2024-10
v2,1.5,внутригородская территория города федерального значения муниципальный округ Сокольники,2024-01
v2,1.5,внутригородская территория города федерального значения муниципальный округ Сокольники,2024-10
v2,1.5,внутригородская территория города федерального значения муниципальный округ Солнцево,2024-01
v2,1.5,внутригородская территория города федерального значения муниципальный округ Солнцево,2024-10
v2,1.5,внутригородская территория города федерального значения муниципальный округ Сосновая поляна,2024-10
v2,1.5,внутригородская территория города федерального значения муниципальный округ Сосновское,2024-10
v2,1.5,внутригородская территория города федерального значения муниципальный округ Старое Крюково,2024-10
v2,1.5,внутригородская территория города федерального значения муниципальный округ Строгино,2024-01
v2,1.5,внутригородская территория города федерального значения муниципальный округ Строгино,2024-10
v2,1.5,внутригородская территория города федерального значения муниципальный округ Таганский,2024-01
v2,1.5,внутригородская территория города федерального значения муниципальный округ Таганский,2024-10
v2,1.5,внутригородская территория города федерального значения муниципальный округ Текстильщики,2024-10
v2,1.5,внутригородская территория города федерального значения муниципальный округ Теплый Стан,2024-01
v2,1.5,внутригородская территория города федерального значения муниципальный округ Теплый Стан,2024-10
v2,1.5,внутригородская территория города федерального значения муниципальный округ Тимирязевский,2024-10
v2,1.5,внутригородская территория города федерального значения муниципальный округ Тропарево-Никулино,2024-01
v2,1.5,внутригородская территория города федерального значения муниципальный округ Тропарево-Никулино,2024-10
v2,1.5,внутригородская территория города федерального значения муниципальный округ Ульянка,2024-10
v2,1.5,внутригородская территория города федерального значения муниципальный округ Урицк,2024-10
v2,1.5,внутригородская территория города федерального значения муниципальный округ Филевский парк,2024-01
v2,1.5,внутригородская территория города федерального значения муниципальный округ Филевский парк,2024-10
v2,1.5,внутригородская территория города федерального значения муниципальный округ Фили-Давыдково,2024-10
v2,1.5,внутригородская территория города федерального значения муниципальный округ Финляндский округ,2024-01
v2,1.5,внутригородская территория города федерального значения муниципальный округ Финляндский округ,2024-10
v2,1.5,внутригородская территория города федерального значения муниципальный округ Хамовники,2024-01
v2,1.5,внутригородская территория города федерального значения муниципальный округ Хамовники,2024-10
v2,1.5,внутригородская территория города федерального значения муниципальный округ Ховрино,2024-10
v2,1.5,внутригородская территория города федерального значения муниципальный округ Хорошево-Мневники,2024-01
v2,1.5,внутригородская территория города федерального значения муниципальный округ Хорошево-Мневники,2024-10
v2,1.5,внутригородская территория города федерального значения муниципальный округ Хорошевский,2024-01
v2,1.5,внутригородская территория города федерального значения муниципальный округ Хорошевский,2024-10
v2,1.5,внутригородская территория города федерального значения муниципальный округ Царицыно,2024-10
v2,1.5,внутригородская территория города федерального значения муниципальный округ Черемушки,2024-01
v2,1.5,внутригородская территория города федерального значения муниципальный округ Черемушки,2024-10
v2,1.5,внутригородская территория города федерального значения муниципальный округ Чертаново Северное,2024-10
v2,1.5,внутригородская территория города федерального значения муниципальный округ Чертаново Центральное,2024-01
v2,1.5,внутригородская территория города федерального значения муниципальный округ Чертаново Центральное,2024-10
v2,1.5,внутригородская территория города федерального значения муниципальный округ Чертаново Южное,2024-10
v2,1.5,внутригородская территория города федерального значения муниципальный округ Шувалово-Озерки,2024-01
v2,1.5,внутригородская территория города федерального значения муниципальный округ Шувалово-Озерки,2024-10
v2,1.5,внутригородская территория города федерального значения муниципальный округ Щукино,2024-01
v2,1.5,внутригородская территория города федерального значения муниципальный округ Щукино,2024-10
v2,1.5,внутригородская территория города федерального значения муниципальный округ Юго-Запад,2024-10
v2,1.5,внутригородская территория города федерального значения муниципальный округ Южно-Приморский,2024-10
v2,1.5,внутригородская территория города федерального значения муниципальный округ Южное Бутово,2024-10
v2,1.5,внутригородская территория города федерального значения муниципальный округ Южное Медведково,2024-01
v2,1.5,внутригородская территория города федерального значения муниципальный округ Южное Медведково,2024-10
v2,1.5,внутригородская территория города федерального значения муниципальный округ Южное Тушино,2024-10
v2,1.5,внутригородская территория города федерального значения муниципальный округ Южнопортовый,2024-10
v2,1.5,внутригородская территория города федерального значения муниципальный округ Юнтолово,2024-10
v2,1.5,внутригородская территория города федерального значения муниципальный округ Ярославский,2024-10
v2,1.5,внутригородская территория города федерального значения муниципальный округ Ясенево,2024-10
v2,1.5,внутригородская территория города федерального значения муниципальный округ округ Петровский,2024-01
v2,1.5,внутригородская территория города федерального значения муниципальный округ округ Петровский,2024-10
v2,1.5,внутригородская территория города федерального значения муниципальный округ № 15,2024-10
v2,1.5,внутригородская территория города федерального значения муниципальный округ № 21,2024-01
v2,1.5,внутригородская территория города федерального значения муниципальный округ № 21,2024-10
v2,1.5,внутригородская территория города федерального значения муниципальный округ № 54,2024-10
v2,1.5,внутригородская территория города федерального значения муниципальный округ № 65,2024-10
v2,1.5,внутригородская территория города федерального значения муниципальный округ № 7,2024-01
v2,1.5,внутригородская территория города федерального значения муниципальный округ № 7,2024-10
v2,1.5,внутригородская территория города федерального значения муниципальный округ № 72,2024-10
v2,1.5,внутригородская территория города федерального значения муниципальный округ № 78,2024-10
v2,1.5,внутригородская территория города федерального значения поселение Внуковское,2024-01
v2,1.5,внутригородская территория города федерального значения поселение Внуковское,2024-10
v2,1.5,внутригородская территория города федерального значения поселение Вороновское,2024-10
v2,1.5,внутригородская территория города федерального значения поселение Воскресенское,2024-01
v2,1.5,внутригородская территория города федерального значения поселение Воскресенское,2024-10
v2,1.5,внутригородская территория города федерального значения поселение Десеновское,2024-01
v2,1.5,внутригородская территория города федерального значения поселение Десеновское,2024-10
v2,1.5,внутригородская территория города федерального значения поселение Киевский,2024-02
v2,1.5,внутригородская территория города федерального значения поселение Кокошкино,2023-10
v2,1.5,внутригородская территория города федерального значения поселение Краснопахорское,2024-10
v2,1.5,внутригородская территория города федерального значения поселение Марушкинское,2023-10
v2,1.5,внутригородская территория города федерального значения поселение Марушкинское,2024-01
v2,1.5,внутригородская территория города федерального значения поселение Марушкинское,2024-10
v2,1.5,внутригородская территория города федерального значения поселение Михайлово-Ярцевское,2024-02
v2,1.5,внутригородская территория города федерального значения поселение Московский,2024-01
v2,1.5,внутригородская территория города федерального значения поселение Московский,2024-10
v2,1.5,"внутригородская территория города федерального значения поселение Мосрентген""""",2024-01
v2,1.5,"внутригородская территория города федерального значения поселение Мосрентген""""",2024-10
v2,1.5,внутригородская территория города федерального значения поселение Новофедоровское,2024-01
v2,1.5,внутригородская территория города федерального значения поселение Новофедоровское,2024-10
v2,1.5,внутригородская территория города федерального значения поселение Первомайское,2024-01
v2,1.5,внутригородская территория города федерального значения поселение Первомайское,2024-10
v2,1.5,внутригородская территория города федерального значения поселение Рязановское,2024-01
v2,1.5,внутригородская территория города федерального значения поселение Рязановское,2024-10
v2,1.5,внутригородская территория города федерального значения поселение Сосенское,2024-01
v2,1.5,внутригородская территория города федерального значения поселение Сосенское,2024-10
v2,1.5,внутригородская территория города федерального значения поселение Филимонковское,2024-10
v2,1.5,внутригородская территория города федерального значения поселение Щаповское,2024-02
v2,1.5,внутригородская территория города федерального значения поселок Левашово,2024-10
v2,1.5,внутригородская территория города федерального значения поселок Лисий Нос,2024-06
v2,1.5,внутригородская территория города федерального значения поселок Лисий Нос,2024-10
v2,1.5,внутригородская территория города федерального значения поселок Металлострой,2024-10
v2,1.5,внутригородская территория города федерального значения поселок Парголово,2024-10
v2,1.5,внутригородская территория города федерального значения поселок Песочный,2024-10
v2,1.5,внутригородская территория города федерального значения поселок Стрельна,2024-01
v2,1.5,внутригородская территория города федерального значения поселок Стрельна,2024-10
v2,1.5,внутригородская территория города федерального значения поселок Шушары,2024-10
v2,1.5,городской округ Абдулинский,2023-10
v2,1.5,городской округ Абдулинский,2024-01
v2,1.5,городской округ Абдулинский,2024-10
v2,1.5,городской округ Анадырь,2023-08
v2,1.5,городской округ Анадырь,2024-02
v2,1.5,городской округ Анадырь,2024-08
v2,1.5,городской округ Анивский,2024-10
v2,1.5,городской округ Арамильский,2024-10
v2,1.5,городской округ Арсеньевский,2024-10
v2,1.5,городской округ Артемовский #1,2024-10
v2,1.5,городской округ Артемовский #2,2024-01
v2,1.5,городской округ Артемовский #2,2024-10
v2,1.5,городской округ Баксан,2024-01
v2,1.5,городской округ Баксан,2024-10
v2,1.5,городской округ Балашиха,2024-01
v2,1.5,городской округ Балашиха,2024-10
v2,1.5,городской округ Балтийский,2023-10
v2,1.5,городской округ Балтийский,2024-01
v2,1.5,городской округ Балтийский,2024-10
v2,1.5,городской округ Белоярский,2024-10
v2,1.5,городской округ Березовский #2,2024-01
v2,1.5,городской округ Березовский #2,2024-10
v2,1.5,городской округ Богородский,2024-10
v2,1.5,городской округ Бронницы,2024-01
v2,1.5,городской округ Бронницы,2024-10
v2,1.5,городской округ Верхнесалдинский,2023-10
v2,1.5,городской округ Верхнесалдинский,2024-01
v2,1.5,городской округ Верхнесалдинский,2024-10
v2,1.5,городской округ Верхний Тагил,2023-10
v2,1.5,городской округ Верхний Тагил,2024-01
v2,1.5,городской округ Верхний Тагил,2024-10
v2,1.5,городской округ Верхняя Пышма,2024-10
v2,1.5,городской округ Верхотурский,2024-10
v2,1.5,городской округ Вичуга,2024-10
v2,1.5,городской округ Владивостокский,2024-01
v2,1.5,городской округ Владивостокский,2024-10
v2,1.5,городской округ Воркута,2023-08
v2,1.5,городской округ Воркута,2024-02
v2,1.5,городской округ Воркута,2024-06
v2,1.5,городской округ Вышневолоцкий,2024-01
v2,1.5,городской округ Вышневолоцкий,2024-10
v2,1.5,городской округ Гайский,2024-01
v2,1.5,городской округ Гайский,2024-10
v2,1.5,городской округ Гусевский,2024-10
v2,1.5,городской округ Дальнегорский,2024-10
v2,1.5,городской округ Дегтярск,2023-10
v2,1.5,городской округ Дегтярск,2024-01
v2,1.5,городской округ Дегтярск,2024-10
v2,1.5,городской округ Дзержинский,2024-01
v2,1.5,городской округ Дзержинский,2024-10
v2,1.5,городской округ Добрянский,2024-10
v2,1.5,городской округ Долгопрудный,2024-01
v2,1.5,городской округ Долгопрудный,2024-10
v2,1.5,городской округ Долинский,2024-10
v2,1.5,городской округ Домодедово,2024-01
v2,1.5,городской округ Домодедово,2024-10
v2,1.5,городской округ Дубна,2024-10
v2,1.5,городской округ Егорьевск,2024-10
v2,1.5,городской округ Жуковский,2024-10
v2,1.5,городской округ Заречный,2024-10
v2,1.5,городской округ Ирбитское,2024-10
v2,1.5,городской округ Истра,2024-10
v2,1.5,городской округ Карабашский,2024-10
v2,1.5,городской округ Кировградский,2023-10
v2,1.5,городской округ Кировградский,2024-01
v2,1.5,городской округ Кировградский,2024-10
v2,1.5,городской округ Клин,2024-10
v2,1.5,городской округ Коломна,2024-10
v2,1.5,городской округ Королёв,2024-01
v2,1.5,городской округ Королёв,2024-10
v2,1.5,городской округ Котельники,2024-01
v2,1.5,городской округ Котельники,2024-10
v2,1.5,городской округ Котлас,2024-10
v2,1.5,городской округ Красновишерский,2024-10
v2,1.5,городской округ Красногорск,2024-01
v2,1.5,городской округ Красногорск,2024-10
v2,1.5,городской округ Краснокамский,2024-10
v2,1.5,городской округ Краснотурьинск,2023-10
v2,1.5,городской округ Краснотурьинск,2024-01
v2,1.5,городской округ Краснотурьинск,2024-10
v2,1.5,городской округ Красноуральск,2023-10
v2,1.5,городской округ Красноуральск,2024-01
v2,1.5,городской округ Красноуральск,2024-10
v2,1.5,городской округ Кушвинский,2023-10
v2,1.5,городской округ Кушвинский,2024-01
v2,1.5,городской округ Кушвинский,2024-10
v2,1.5,городской округ Ленинский,2024-01
v2,1.5,городской округ Ленинский,2024-10
v2,1.5,городской округ Лесозаводский,2024-10
v2,1.5,городской округ Лобня,2024-01
v2,1.5,городской округ Лобня,2024-10
v2,1.5,городской округ Лотошино,2024-10
v2,1.5,городской округ Лысьвенский,2023-10
v2,1.5,городской округ Лысьвенский,2024-01
v2,1.5,городской округ Лысьвенский,2024-10
v2,1.5,городской округ Лыткарино,2024-01
v2,1.5,городской округ Лыткарино,2024-10
v2,1.5,городской округ Люберцы,2024-01
v2,1.5,городской округ Люберцы,2024-10
v2,1.5,городской округ Макаровский,2024-10
v2,1.5,городской округ Малышевский,2024-10
v2,1.5,городской округ Мамоновский,2023-07
v2,1.5,городской округ Мамоновский,2023-10
v2,1.5,городской округ Мамоновский,2024-01
v2,1.5,городской округ Миасский,2023-10
v2,1.5,городской округ Миасский,2024-01
v2,1.5,городской округ Миасский,2024-10
v2,1.5,городской округ Мытищи,2024-01
v2,1.5,городской округ Мытищи,2024-10
v2,1.5,городской округ Наро-Фоминский,2024-01
v2,1.5,городской округ Наро-Фоминский,2024-10
v2,1.5,городской округ Находкинский,2024-10
v2,1.5,городской округ Невельский,2024-10
v2,1.5,городской округ Невьянский,2023-10
v2,1.5,городской округ Невьянский,2024-01
v2,1.5,городской округ Невьянский,2024-10
v2,1.5,городской округ Нижнетуринский,2023-10
v2,1.5,городской округ Нижнетуринский,2024-01
v2,1.5,городской округ Нижнетуринский,2024-10
v2,1.5,городской округ Нижняя Салда,2024-10
v2,1.5,городской округ Новолялинский,2023-10
v2,1.5,городской округ Новолялинский,2024-01
v2,1.5,городской округ Новолялинский,2024-10
v2,1.5,городской округ Одинцовский,2024-01
v2,1.5,городской округ Одинцовский,2024-10
v2,1.5,городской округ Октябрьский,2024-10
v2,1.5,городской округ Осинский,2024-10
v2,1.5,городской округ Осташковский,2024-10
v2,1.5,городской округ Партизанский,2024-10
v2,1.5,городской округ Первоуральск,2024-10
v2,1.5,городской округ Пермский,2024-10
v2,1.5,городской округ Петрозаводский,2024-10
v2,1.5,городской округ Пионерский,2023-06
v2,1.5,городской округ Пионерский,2024-01
v2,1.5,городской округ Пионерский,2024-07
v2,1.5,городской округ Подольск,2024-01
v2,1.5,городской округ Подольск,2024-10
v2,1.5,городской округ Полевской,2024-10
v2,1.5,городской округ Полысаевский,2023-06
v2,1.5,городской округ Полысаевский,2024-02
v2,1.5,городской округ Поронайский,2023-08
v2,1.5,городской округ Поронайский,2024-02
v2,1.5,городской округ Похвистнево,2024-10
v2,1.5,городской округ Протвино,2023-10
v2,1.5,городской округ Протвино,2024-01
v2,1.5,городской округ Протвино,2024-10
v2,1.5,городской округ Пушкинский,2024-01
v2,1.5,городской округ Пушкинский,2024-10
v2,1.5,городской округ Пущино,2024-02
v2,1.5,городской округ Пущино,2024-05
v2,1.5,городской округ Пущино,2024-10
v2,1.5,городской округ Пышминский,2023-10
v2,1.5,городской округ Пышминский,2024-01
v2,1.5,городской округ Пышминский,2024-10
v2,1.5,городской округ Раменский,2024-01
v2,1.5,городской округ Раменский,2024-10
v2,1.5,городской округ Ревда,2023-10
v2,1.5,городской округ Ревда,2024-01
v2,1.5,городской округ Ревда,2024-10
v2,1.5,городской округ Режевской,2023-10
v2,1.5,городской округ Режевской,2024-01
v2,1.5,городской округ Режевской,2024-10
v2,1.5,городской округ Реутов,2024-01
v2,1.5,городской округ Реутов,2024-10
v2,1.5,городской округ Рефтинский,2024-10
v2,1.5,городской округ Рузский,2024-10
v2,1.5,городской округ Светловский,2023-10
v2,1.5,городской округ Светловский,2024-01
v2,1.5,городской округ Светловский,2024-10
v2,1.5,городской округ Светлогорский,2024-01
v2,1.5,городской округ Светлогорский,2024-05
v2,1.5,городской округ Северодвинск,2024-10
v2,1.5,городской округ Североуральский,2023-10
v2,1.5,городской округ Североуральский,2024-01
v2,1.5,городской округ Североуральский,2024-10
v2,1.5,городской округ Семеновский,2024-10
v2,1.5,городской округ Сергиево-Посадский,2024-01
v2,1.5,городской округ Сергиево-Посадский,2024-10
v2,1.5,городской округ Серебряные Пруды,2024-10
v2,1.5,городской округ Серовский,2023-10
v2,1.5,городской округ Серовский,2024-01
v2,1.5,городской округ Серовский,2024-10
v2,1.5,городской округ Серпухов,2024-10
v2,1.5,городской округ Смирныховский,2024-10
v2,1.5,городской округ Советский,2023-10
v2,1.5,городской округ Советский,2024-01
v2,1.5,городской округ Советский,2024-10
v2,1.5,городской округ Соликамский,2023-10
v2,1.5,городской округ Соликамский,2024-01
v2,1.5,городской округ Соликамский,2024-10
v2,1.5,городской округ Солнечногорск,2024-10
v2,1.5,городской округ Соль-Илецкий,2024-01
v2,1.5,городской округ Соль-Илецкий,2024-10
v2,1.5,городской округ Сорочинский,2024-10
v2,1.5,городской округ Ступино,2024-01
v2,1.5,городской округ Ступино,2024-10
v2,1.5,городской округ Суксунский,2024-10
v2,1.5,городской округ Сыктывкар,2024-10
v2,1.5,городской округ Сысертский,2024-10
v2,1.5,городской округ Тавдинский,2024-10
v2,1.5,городской округ Талдомский,2024-10
v2,1.5,городской округ Талицкий,2024-10
v2,1.5,городской округ Троицкий,2024-10
v2,1.5,городской округ Тугулымский,2023-10
v2,1.5,городской округ Тугулымский,2024-01
v2,1.5,городской округ Тугулымский,2024-10
v2,1.5,городской округ Тымовский,2024-10
v2,1.5,городской округ Уссурийский,2024-01
v2,1.5,городской округ Уссурийский,2024-10
v2,1.5,городской округ Холмский,2024-10
v2,1.5,городской округ Чебаркульский,2023-10
v2,1.5,городской округ Чебаркульский,2024-01
v2,1.5,городской округ Чебаркульский,2024-10
v2,1.5,городской округ Шалинский,2024-10
v2,1.5,городской округ Шуя,2024-10
v2,1.5,городской округ Щёлково,2024-01
v2,1.5,городской округ Щёлково,2024-10
v2,1.5,городской округ Эгвекинот,2023-08
v2,1.5,городской округ Эгвекинот,2023-12
v2,1.5,городской округ Эгвекинот,2024-08
v2,1.5,городской округ Южно-Курильский,2023-08
v2,1.5,городской округ Южно-Курильский,2024-02
v2,1.5,городской округ Южно-Курильский,2024-08
v2,1.5,городской округ Янтарный,2024-10
v2,1.5,городской округ город Агидель,2023-10
v2,1.5,городской округ город Агидель,2024-01
v2,1.5,городской округ город Агидель,2024-10
v2,1.5,городской округ город Адыгейск,2024-10
v2,1.5,городской округ город Алатырь,2023-10
v2,1.5,городской округ город Алатырь,2024-01
v2,1.5,городской округ город Алатырь,2024-10
v2,1.5,городской округ город Алейск,2024-10
v2,1.5,городской округ город Арзамас,2024-10
v2,1.5,городской округ город Архангельск,2024-10
v2,1.5,городской округ город Ачинск,2024-10
v2,1.5,городской округ город Бердск,2024-01
v2,1.5,городской округ город Бердск,2024-10
v2,1.5,городской округ город Березники,2023-10
v2,1.5,городской округ город Березники,2024-01
v2,1.5,городской округ город Березники,2024-10
v2,1.5,городской округ город Биробиджан,2024-10
v2,1.5,городской округ город Бор,2024-10
v2,1.5,городской округ город Бугуруслан,2024-10
v2,1.5,городской округ город Великие Луки,2024-10
v2,1.5,городской округ город Владикавказ,2024-01
v2,1.5,городской округ город Владикавказ,2024-10
v2,1.5,городской округ город Владимир,2024-10
v2,1.5,городской округ город Волгореченск,2024-04
v2,1.5,городской округ город Волгореченск,2024-10
v2,1.5,городской округ город Волжск,2023-10
v2,1.5,городской округ город Волжск,2024-01
v2,1.5,городской округ город Волжск,2024-10
v2,1.5,городской округ город Вятские Поляны,2024-10
v2,1.5,городской округ город Галич,2024-10
v2,1.5,городской округ город Губкинский,2023-08
v2,1.5,городской округ город Губкинский,2024-02
v2,1.5,городской округ город Губкинский,2024-08
v2,1.5,городской округ город Гусь-Хрустальный,2024-10
v2,1.5,городской округ город Димитровград,2024-10
v2,1.5,городской округ город Екатеринбург,2024-01
v2,1.5,городской округ город Екатеринбург,2024-10
v2,1.5,городской округ город Елец,2023-10
v2,1.5,городской округ город Елец,2024-01
v2,1.5,городской округ город Елец,2024-10
v2,1.5,городской округ город Ижевск,2024-10
v2,1.5,городской округ город Ирбит,2023-10
v2,1.5,городской округ город Ирбит,2024-01
v2,1.5,городской округ город Ирбит,2024-10
v2,1.5,городской округ город Йошкар-Ола,2024-10
v2,1.5,городской округ город Казань,2024-10
v2,1.5,городской округ город Калининград,2024-10
v2,1.5,городской округ город Калуга,2024-10
v2,1.5,городской округ город Каменск-Уральский,2024-10
v2,1.5,городской округ город Камышин,2024-10
v2,1.5,городской округ город Канаш,2024-10
v2,1.5,городской округ город Канск,2023-10
v2,1.5,городской округ город Канск,2024-01
v2,1.5,городской округ город Канск,2024-10
v2,1.5,городской округ город Кедровый,2024-10
v2,1.5,городской округ город Кизел,2023-10
v2,1.5,городской округ город Кизел,2024-01
v2,1.5,городской округ город Кизел,2024-10
v2,1.5,городской округ город Киров,2024-10
v2,1.5,городской округ город Кирово-Чепецк,2024-10
v2,1.5,городской округ город Кирсанов,2024-10
v2,1.5,городской округ город Когалым,2024-07
v2,1.5,городской округ город Когалым,2024-10
v2,1.5,городской округ город Козьмодемьянск,2024-10
v2,1.5,городской округ город Комсомольск-на-Амуре,2024-10
v2,1.5,городской округ город Коряжма,2024-04
v2,1.5,городской округ город Коряжма,2024-10
v2,1.5,городской округ город Кострома,2024-10
v2,1.5,городской округ город Котельнич,2024-10
v2,1.5,городской округ город Котовск,2024-10
v2,1.5,городской округ город Красноярск,2024-10
v2,1.5,городской округ город Кулебаки,2024-10
v2,1.5,городской округ город Кумертау,2024-10
v2,1.5,городской округ город Курган,2024-10
v2,1.5,городской округ город Ливны,2024-10
v2,1.5,городской округ город Липецк,2023-10
v2,1.5,городской округ город Липецк,2024-01
v2,1.5,городской округ город Липецк,2024-10
v2,1.5,городской округ город Магадан,2024-10
v2,1.5,городской округ город Медногорск,2024-10
v2,1.5,городской округ город Мичуринск,2024-10
v2,1.5,городской округ город Можга,2024-10
v2,1.5,городской округ город Мценск,2024-10
v2,1.5,городской округ город Назарово,2024-10
v2,1.5,городской округ город Нарьян-Мар,2023-08
v2,1.5,городской округ город Нарьян-Мар,2024-02
v2,1.5,городской округ город Нефтеюганск,2024-10
v2,1.5,городской округ город Нижний Новгород,2024-10
v2,1.5,городской округ город Нижний Тагил,2024-10
v2,1.5,городской округ город Новодвинск,2024-02
v2,1.5,городской округ город Новодвинск,2024-06
v2,1.5,городской округ город Новодвинск,2024-10
v2,1.5,городской округ город Новомосковск,2024-01
v2,1.5,городской округ город Новомосковск,2024-10
v2,1.5,городской округ город Новосибирск,2024-01
v2,1.5,городской округ город Новосибирск,2024-10
v2,1.5,городской округ город Новотроицк,2024-01
v2,1.5,городской округ город Новотроицк,2024-10
v2,1.5,городской округ город Новоульяновск,2023-10
v2,1.5,городской округ город Новоульяновск,2024-01
v2,1.5,городской округ город Новоульяновск,2024-10
v2,1.5,городской округ город Новочебоксарск,2024-10
v2,1.5,городской округ город Новый Уренгой,2023-08
v2,1.5,городской округ город Новый Уренгой,2024-02
v2,1.5,городской округ город Новый Уренгой,2024-08
v2,1.5,городской округ город Ноябрьск,2023-08
v2,1.5,городской округ город Ноябрьск,2024-02
v2,1.5,городской округ город Ноябрьск,2024-07
v2,1.5,городской округ город Нягань,2024-10
v2,1.5,городской округ город Обнинск,2024-01
v2,1.5,городской округ город Обнинск,2024-10
v2,1.5,городской округ город Обь,2024-01
v2,1.5,городской округ город Обь,2024-10
v2,1.5,городской округ город Октябрьский,2024-10
v2,1.5,городской округ город Орск,2024-10
v2,1.5,городской округ город Переславль-Залесский,2024-10
v2,1.5,городской округ город Петровск-Забайкальский,2024-10
v2,1.5,городской округ город Псков,2024-10
v2,1.5,городской округ город Рассказово,2024-10
v2,1.5,городской округ город Рубцовск,2024-10
v2,1.5,городской округ город Рыбинск,2023-10
v2,1.5,городской округ город Рыбинск,2024-01
v2,1.5,городской округ город Рыбинск,2024-10
v2,1.5,городской округ город Рязань,2024-10
v2,1.5,городской округ город Салават,2024-10
v2,1.5,городской округ город Саратов,2024-10
v2,1.5,городской округ город Саяногорск,2023-10
v2,1.5,городской округ город Саяногорск,2024-01
v2,1.5,городской округ город Саяногорск,2024-10
v2,1.5,городской округ город Сибай,2023-10
v2,1.5,городской округ город Сибай,2024-01
v2,1.5,городской округ город Сибай,2024-10
v2,1.5,городской округ город Скопин,2024-10
v2,1.5,городской округ город Слободской,2024-10
v2,1.5,городской округ город Смоленск,2024-10
v2,1.5,городской округ город Сорск,2023-10
v2,1.5,городской округ город Сорск,2024-01
v2,1.5,городской округ город Сорск,2024-10
v2,1.5,городской округ город Сосновоборск,2024-01
v2,1.5,городской округ город Сосновоборск,2024-10
v2,1.5,городской округ город Сургут,2024-10
v2,1.5,городской округ город Тамбов,2024-10
v2,1.5,городской округ город Тверь,2024-10
v2,1.5,городской округ город Тобольск,2024-10
v2,1.5,городской округ город Томск,2024-10
v2,1.5,городской округ город Тула,2024-10
v2,1.5,городской округ город Тюмень,2024-10
v2,1.5,городской округ город Уварово,2024-10
v2,1.5,городской округ город Ульяновск,2024-10
v2,1.5,городской округ город Урюпинск,2024-10
v2,1.5,городской округ город Усолье-Сибирское,2024-10
v2,1.5,городской округ город Хабаровск,2024-10
v2,1.5,городской округ город Ханты-Мансийск,2024-10
v2,1.5,городской округ город Чебоксары,2024-10
v2,1.5,городской округ город Черногорск,2024-10
v2,1.5,городской округ город Шарыпово,2024-10
v2,1.5,городской округ город Шарья,2024-10
v2,1.5,городской округ город Шиханы,2023-10
v2,1.5,городской округ город Шиханы,2024-01
v2,1.5,городской округ город Шиханы,2024-10
v2,1.5,городской округ город Шумерля,2023-10
v2,1.5,городской округ город Шумерля,2024-01
v2,1.5,городской округ город Шумерля,2024-10
v2,1.5,городской округ город Ялуторовск,2024-10
v2,1.5,городской округ город Ярославль,2024-10
v2,1.5,городской округ город-курорт Железноводск,2023-10
v2,1.5,городской округ город-курорт Железноводск,2024-01
v2,1.5,городской округ город-курорт Железноводск,2024-10
v2,1.5,городской округ округ Муром,2024-10
v2,1.5,городской округ рабочий поселок Кольцово,2024-01
v2,1.5,городской округ рабочий поселок Кольцово,2024-10
v2,1.5,муниципальный округ Андреапольский,2024-10
v2,1.5,муниципальный округ Арбажский,2024-10
v2,1.5,муниципальный округ Багратионовский,2023-10
v2,1.5,муниципальный округ Багратионовский,2024-01
v2,1.5,муниципальный округ Багратионовский,2024-10
v2,1.5,муниципальный округ Бежецкий,2024-10
v2,1.5,муниципальный округ Бологовский,2024-10
v2,1.5,муниципальный округ Вавожский район,2024-10
v2,1.5,муниципальный округ Верхнекамский,2023-10
v2,1.5,муниципальный округ Верхнекамский,2024-01
v2,1.5,муниципальный округ Верхнекамский,2024-10
v2,1.5,муниципальный округ Весьегонский,2024-10
v2,1.5,муниципальный округ Вилегодский,2024-10
v2,1.5,муниципальный округ Гайнский,2024-10
v2,1.5,муниципальный округ Гвардейский,2023-10
v2,1.5,муниципальный округ Гвардейский,2024-01
v2,1.5,муниципальный округ Гвардейский,2024-10
v2,1.5,муниципальный округ Губахинский,2023-10
v2,1.5,муниципальный округ Губахинский,2024-01
v2,1.5,муниципальный округ Губахинский,2024-10
v2,1.5,муниципальный округ Дебёсский район,2024-02
v2,1.5,муниципальный округ Завьяловский район,2024-01
v2,1.5,муниципальный округ Завьяловский район,2024-10
v2,1.5,муниципальный округ Западнодвинский,2024-10
v2,1.5,муниципальный округ Калининский,2023-10
v2,1.5,муниципальный округ Калининский,2024-01
v2,1.5,муниципальный округ Калининский,2024-10
v2,1.5,муниципальный округ Камбарский район,2024-10
v2,1.5,муниципальный округ Кимрский,2023-10
v2,1.5,муниципальный округ Кимрский,2024-01
v2,1.5,муниципальный округ Кимрский,2024-10
v2,1.5,муниципальный округ Кишертский,2023-10
v2,1.5,муниципальный округ Кишертский,2024-01
v2,1.5,муниципальный округ Кишертский,2024-10
v2,1.5,муниципальный округ Краснознаменский,2024-10
v2,1.5,муниципальный округ Красноселькупский район,2023-08
v2,1.5,муниципальный округ Красноселькупский район,2024-05
v2,1.5,муниципальный округ Красноселькупский район,2024-08
v2,1.5,муниципальный округ Крестецкий,2024-10
v2,1.5,муниципальный округ Кунгурский,2024-10
v2,1.5,муниципальный округ Лебяжский,2024-10
v2,1.5,муниципальный округ Лесной,2023-10
v2,1.5,муниципальный округ Лесной,2024-01
v2,1.5,муниципальный округ Лесной,2024-10
v2,1.5,муниципальный округ Марёвский,2024-10
v2,1.5,муниципальный округ Мошенской,2024-01
v2,1.5,муниципальный округ Мошенской,2024-10
v2,1.5,муниципальный округ Надымский район,2023-08
v2,1.5,муниципальный округ Надымский район,2024-02
v2,1.5,муниципальный округ Надымский район,2024-08
v2,1.5,муниципальный округ Невельский,2024-10
v2,1.5,муниципальный округ Неманский,2024-10
v2,1.5,муниципальный округ Ольский,2023-09
v2,1.5,муниципальный округ Ольский,2024-02
v2,1.5,муниципальный округ Орловский,2024-01
v2,1.5,муниципальный округ Орловский,2024-10
v2,1.5,муниципальный округ Пермский,2024-01
v2,1.5,муниципальный округ Пермский,2024-10
v2,1.5,муниципальный округ Печорский,2024-10
v2,1.5,муниципальный округ Полесский,2024-10
v2,1.5,муниципальный округ Пуровский район,2023-08
v2,1.5,муниципальный округ Пуровский район,2024-02
v2,1.5,муниципальный округ Пуровский район,2024-08
v2,1.5,муниципальный округ Пыталовский,2023-10
v2,1.5,муниципальный округ Пыталовский,2024-01
v2,1.5,муниципальный округ Пыталовский,2024-10
v2,1.5,муниципальный округ Ржевский,2024-01
v2,1.5,муниципальный округ Ржевский,2024-10
v2,1.5,муниципальный округ Сандовский,2024-10
v2,1.5,муниципальный округ Селтинский район,2024-10
v2,1.5,муниципальный округ Славский,2024-10
v2,1.5,муниципальный округ Солецкий,2023-10
v2,1.5,муниципальный округ Солецкий,2024-01
v2,1.5,муниципальный округ Старицкий,2024-10
v2,1.5,муниципальный округ Тазовский район,2023-08
v2,1.5,муниципальный округ Тазовский район,2023-11
v2,1.5,муниципальный округ Тазовский район,2024-08
v2,1.5,муниципальный округ Торопецкий,2024-10
v2,1.5,муниципальный округ Увинский район,2024-10
v2,1.5,муниципальный округ Унинский,2024-10
v2,1.5,муниципальный округ Фаленский,2024-10
v2,1.5,муниципальный округ Хвойнинский,2024-10
v2,1.5,муниципальный округ Черняховский,2023-10
v2,1.5,муниципальный округ Черняховский,2024-01
v2,1.5,муниципальный округ Черняховский,2024-10
v2,1.5,муниципальный округ Шумихинский,2024-10
v2,1.5,муниципальный округ Шурышкарский район,2023-08
v2,1.5,муниципальный округ Шурышкарский район,2023-12
v2,1.5,муниципальный округ Шурышкарский район,2024-08
v2,1.5,муниципальный округ Юсьвинский,2024-10
v2,1.5,муниципальный округ Ягоднинский,2023-10
v2,1.5,муниципальный округ Ягоднинский,2024-01
v2,1.5,муниципальный округ Ягоднинский,2024-10
v2,1.5,муниципальный округ Ямальский район,2023-08
v2,1.5,муниципальный округ Ямальский район,2023-12
v2,1.5,муниципальный округ Ярский район,2024-02
v2,1.5,муниципальный округ Ярский район,2024-05
v2,1.5,муниципальный округ Ярский район,2024-10
v2,1.5,муниципальный округ город Полярные Зори,2024-10
v2,2.0,Адамовский муниципальный район,2024-10
v2,2.0,Аларский муниципальный район,2024-10
v2,2.0,Александро-Невский муниципальный район,2024-10
v2,2.0,Александровский муниципальный район #3,2024-10
v2,2.0,Алексеевский муниципальный район #2,2024-10
v2,2.0,Алтайский муниципальный район #2,2024-10
v2,2.0,Амурский муниципальный район,2024-10
v2,2.0,Андроповский муниципальный округ,2024-10
v2,2.0,Апастовский муниципальный район,2024-10
v2,2.0,Армизонский муниципальный район,2024-10
v2,2.0,Асекеевский муниципальный район,2024-10
v2,2.0,Атнинский муниципальный район,2023-10
v2,2.0,Атнинский муниципальный район,2024-01
v2,2.0,Бабаевский муниципальный округ,2024-10
v2,2.0,Баганский муниципальный район,2024-10
v2,2.0,Батыревский муниципальный округ,2024-10
v2,2.0,Бейский муниципальный район,2024-10
v2,2.0,Бековский муниципальный район,2024-10
v2,2.0,Белинский муниципальный район,2023-10
v2,2.0,Белинский муниципальный район,2024-01
v2,2.0,Белинский муниципальный район,2024-10
v2,2.0,Белозерский муниципальный округ #1,2024-10
v2,2.0,Белохолуницкий муниципальный район,2024-10
v2,2.0,Бирилюсский муниципальный район,2023-10
v2,2.0,Бирилюсский муниципальный район,2024-01
v2,2.0,Бирилюсский муниципальный район,2024-10
v2,2.0,Бокситогорский муниципальный район,2024-10
v2,2.0,Большесельский муниципальный район,2024-10
v2,2.0,Боровичский муниципальный район,2024-10
v2,2.0,Боровский муниципальный район,2024-10
v2,2.0,Борский муниципальный район,2024-10
v2,2.0,Брединский муниципальный район,2024-10
v2,2.0,Буздякский муниципальный район,2023-10
v2,2.0,Буздякский муниципальный район,2024-01
v2,2.0,Буздякский муниципальный район,2024-10
v2,2.0,Вадский муниципальный округ,2024-10
v2,2.0,Валдайский муниципальный район,2024-10
v2,2.0,Варненский муниципальный район,2024-10
v2,2.0,Великоустюгский муниципальный округ,2024-10
v2,2.0,Верхнеуральский муниципальный район,2023-10
v2,2.0,Верхнеуральский муниципальный район,2024-01
v2,2.0,Верхнеуральский муниципальный район,2024-10
v2,2.0,Верховский муниципальный район,2024-10
v2,2.0,Вешкаймский муниципальный район,2024-10
v2,2.0,Вожегодский муниципальный округ,2023-10
v2,2.0,Вожегодский муниципальный округ,2024-01
v2,2.0,Вожегодский муниципальный округ,2024-10
v2,2.0,Воловский муниципальный район #2,2023-10
v2,2.0,Воловский муниципальный район #2,2024-01
v2,2.0,Воловский муниципальный район #2,2024-10
v2,2.0,Вологодский муниципальный округ,2024-10
v2,2.0,Вяземский муниципальный район #1,2024-10
v2,2.0,Глазуновский муниципальный район,2024-10
v2,2.0,Городищенский муниципальный район #1,2024-10
v2,2.0,Грачёвский муниципальный район,2024-10
v2,2.0,Дедовичский муниципальный район,2024-10
v2,2.0,Дивеевский муниципальный округ,2024-10
v2,2.0,Добринский муниципальный район,2024-10
v2,2.0,Добровский муниципальный район,2024-10
v2,2.0,Долгоруковский муниципальный район,2024-10
v2,2.0,Дорогобужский муниципальный район,2024-10
v2,2.0,Духовщинский муниципальный район,2024-10
v2,2.0,Ельниковский муниципальный район,2024-10
v2,2.0,Ельнинский муниципальный район,2024-10
v2,2.0,Енисейский муниципальный район,2024-10
v2,2.0,Ершичский муниципальный район,2024-10
v2,2.0,Ершовский муниципальный район,2024-10
v2,2.0,Жердевский муниципальный округ,2024-10
v2,2.0,Задонский муниципальный район,2024-10
v2,2.0,Залесовский муниципальный округ,2024-10
v2,2.0,Зейский муниципальный округ,2024-10
v2,2.0,Земетчинский муниципальный район,2024-10
v2,2.0,Знаменский муниципальный округ,2023-10
v2,2.0,Знаменский муниципальный округ,2024-01
v2,2.0,Знаменский муниципальный округ,2024-10
v2,2.0,Зубово-Полянский муниципальный район,2024-10
v2,2.0,Ивановский муниципальный округ,2024-10
v2,2.0,Измалковский муниципальный район,2024-10
v2,2.0,Износковский муниципальный район,2023-09
v2,2.0,Износковский муниципальный район,2024-01
v2,2.0,Износковский муниципальный район,2024-10
v2,2.0,Иссинский муниципальный район,2024-10
v2,2.0,Кадуйский муниципальный округ,2024-10
v2,2.0,Каларский муниципальный округ,2024-10
v2,2.0,Калининский муниципальный район,2024-10
v2,2.0,Калманский муниципальный район,2024-10
v2,2.0,Калтасинский муниципальный район,2024-10
v2,2.0,Каменский муниципальный район #3,2024-10
v2,2.0,Камешковский муниципальный район,2024-10
v2,2.0,Карагинский муниципальный район,2023-09
v2,2.0,Карагинский муниципальный район,2024-02
v2,2.0,Кардымовский муниципальный район,2024-10
v2,2.0,Кармаскалинский муниципальный район,2024-10
v2,2.0,Касимовский муниципальный район,2024-10
v2,2.0,Кваркенский муниципальный район,2024-10
v2,2.0,Кемский муниципальный район,2024-10
v2,2.0,Кирилловский муниципальный округ,2024-10
v2,2.0,Кирово-Чепецкий муниципальный район,2024-10
v2,2.0,Козельский муниципальный район,2024-10
v2,2.0,Колпнянский муниципальный район,2023-10
v2,2.0,Колпнянский муниципальный район,2024-01
v2,2.0,Кольский муниципальный район,2024-10
v2,2.0,Кольчугинский муниципальный район,2024-10
v2,2.0,Кораблинский муниципальный район,2024-10
v2,2.0,Корткеросский муниципальный район,2024-10
v2,2.0,Котласский муниципальный округ,2024-10
v2,2.0,Кошкинский муниципальный район,2024-10
v2,2.0,Краснинский муниципальный район #2,2024-10
v2,2.0,Краснооктябрьский муниципальный округ,2024-10
v2,2.0,Красносельский муниципальный район,2024-10
v2,2.0,Кромской муниципальный район,2024-01
v2,2.0,Кромской муниципальный район,2024-10
v2,2.0,Куженерский муниципальный район,2024-10
v2,2.0,Кукморский муниципальный район,2024-10
v2,2.0,Кыринский муниципальный район,2024-01
v2,2.0,Кыринский муниципальный район,2024-10
v2,2.0,Лазовский муниципальный округ,2024-10
v2,2.0,Лебедянский муниципальный район,2024-10
v2,2.0,Лебяжьевский муниципальный округ,2024-10
v2,2.0,Ленинский муниципальный район #2,2024-10
v2,2.0,Лысковский муниципальный округ,2024-10
v2,2.0,Любинский муниципальный район,2024-10
v2,2.0,Малокарачаевский муниципальный район,2024-10
v2,2.0,Матвеевский муниципальный район,2024-10
v2,2.0,Медведевский муниципальный район,2024-10
v2,2.0,Медвежьегорский муниципальный район,2024-10
v2,2.0,Милославский муниципальный район,2024-10
v2,2.0,Михайловский муниципальный район #3,2024-10
v2,2.0,Миякинский муниципальный район,2024-10
v2,2.0,Мокроусовский муниципальный округ,2024-10
v2,2.0,Мордовский муниципальный округ,2024-10
v2,2.0,Мосальский муниципальный район,2024-10
v2,2.0,Муслюмовский муниципальный район,2023-10
v2,2.0,Муслюмовский муниципальный район,2024-01
v2,2.0,Муслюмовский муниципальный район,2024-10
v2,2.0,Некоузский муниципальный район,2024-10
v2,2.0,Некрасовский муниципальный район,2023-10
v2,2.0,Некрасовский муниципальный район,2024-01
v2,2.0,Некрасовский муниципальный район,2024-10
v2,2.0,Нижнеломовский муниципальный район,2024-10
v2,2.0,Нижнеомский муниципальный район,2024-10
v2,2.0,Никифоровский муниципальный округ,2024-10
v2,2.0,Николаевский муниципальный район #1,2024-10
v2,2.0,Николаевский муниципальный район #3,2024-10
v2,2.0,Новодеревеньковский муниципальный район,2024-10
v2,2.0,Новониколаевский муниципальный район,2024-10
v2,2.0,Новосергиевский муниципальный район,2024-10
v2,2.0,Новошешминский муниципальный район,2024-10
v2,2.0,Оконешниковский муниципальный район,2024-10
v2,2.0,Оловяннинский муниципальный район,2024-10
v2,2.0,Ольгинский муниципальный округ,2024-10
v2,2.0,Омутнинский муниципальный район,2024-10
v2,2.0,Оршанский муниципальный район,2024-10
v2,2.0,Павловский муниципальный район #2,2024-10
v2,2.0,Павлоградский муниципальный район,2024-10
v2,2.0,Палласовский муниципальный район,2024-10
v2,2.0,Первомайский муниципальный район #2,2024-10
v2,2.0,Перелюбский муниципальный район,2024-10
v2,2.0,Перемышльский муниципальный район,2024-10
v2,2.0,Петуховский муниципальный округ,2024-10
v2,2.0,Поддорский муниципальный район,2024-10
v2,2.0,Пожарский муниципальный округ,2024-10
v2,2.0,Полтавский муниципальный район,2024-10
v2,2.0,Поназыревский муниципальный округ,2024-10
v2,2.0,Приволжский муниципальный район #2,2024-10
v2,2.0,Радищевский муниципальный район,2024-10
v2,2.0,Ромненский муниципальный округ,2024-10
v2,2.0,Рославльский муниципальный район,2024-10
v2,2.0,Рузаевский муниципальный район,2024-10
v2,2.0,Русско-Полянский муниципальный район,2024-10
v2,2.0,Рыбинский муниципальный район #2,2024-10
v2,2.0,Рязанский муниципальный район,2024-10
v2,2.0,Сабинский муниципальный район,2024-10
v2,2.0,Самойловский муниципальный район,2024-10
v2,2.0,Сапожковский муниципальный район,2024-10
v2,2.0,Сармановский муниципальный район,2024-10
v2,2.0,Сафакулевский муниципальный округ,2024-10
v2,2.0,Светлоярский муниципальный район,2024-10
v2,2.0,Селемджинский муниципальный район,2024-10
v2,2.0,Сергиевский муниципальный район,2024-10
v2,2.0,Сердобский муниципальный район,2024-10
v2,2.0,Серышевский муниципальный округ,2024-10
v2,2.0,Слободской муниципальный район,2024-10
v2,2.0,Собинский муниципальный район,2024-10
v2,2.0,Солигаличский муниципальный округ,2024-10
v2,2.0,Сосновский муниципальный округ #2,2024-10
v2,2.0,Спасский муниципальный район #1,2024-10
v2,2.0,Старорусский муниципальный район,2024-10
v2,2.0,Старошайговский муниципальный район,2024-02
v2,2.0,Старошайговский муниципальный район,2024-05
v2,2.0,Староюрьевский муниципальный округ,2024-10
v2,2.0,Суоярвский муниципальный округ,2024-10
v2,2.0,Сухиничский муниципальный район,2024-10
v2,2.0,Сычевский муниципальный район,2024-10
v2,2.0,Тальменский муниципальный район,2024-10
v2,2.0,Тамалинский муниципальный район,2024-10
v2,2.0,Тарусский муниципальный район,2024-10
v2,2.0,Ташлинский муниципальный район,2024-10
v2,2.0,Тегульдетский муниципальный район,2024-10
v2,2.0,Тербунский муниципальный район,2024-10
v2,2.0,Тетюшский муниципальный район,2024-10
v2,2.0,Токарёвский муниципальный округ,2024-10
v2,2.0,Троснянский муниципальный район,2024-10
v2,2.0,Турковский муниципальный район,2024-10
v2,2.0,Туруханский муниципальный район,2023-08
v2,2.0,Туруханский муниципальный район,2024-02
v2,2.0,Тындинский муниципальный округ,2024-10
v2,2.0,Усманский муниципальный район,2024-10
v2,2.0,Усть-Майский муниципальный район,2024-10
v2,2.0,Устюженский муниципальный округ,2024-10
v2,2.0,Фурмановский муниципальный район,2024-10
v2,2.0,Хабаровский муниципальный район,2024-10
v2,2.0,Хайбуллинский муниципальный район,2024-10
v2,2.0,Харабалинский муниципальный район,2024-10
v2,2.0,Хлевенский муниципальный район,2024-10
v2,2.0,Чебаркульский муниципальный район,2024-10
v2,2.0,Челно-Вершинский муниципальный район,2024-10
v2,2.0,Чердаклинский муниципальный район,2024-10
v2,2.0,Черемшанский муниципальный район,2024-10
v2,2.0,Черноярский муниципальный район,2024-10
v2,2.0,Чесменский муниципальный район,2024-10
v2,2.0,Чудовский муниципальный район,2024-10
v2,2.0,Шекснинский муниципальный район,2024-10
v2,2.0,Шигонский муниципальный район,2024-10
v2,2.0,Шиловский муниципальный район,2024-10
v2,2.0,Шимановский муниципальный округ,2024-10
v2,2.0,Шкотовский муниципальный округ,2024-10
v2,2.0,Юргинский муниципальный район,2024-10
v2,2.0,Юрьев-Польский муниципальный район,2024-10
v2,2.0,Янтиковский муниципальный округ,2024-02
v2,2.0,внутригородская территория города федерального значения  Александровский муниципальный округ,2024-10
v2,2.0,внутригородская территория города федерального значения город Кронштадт,2024-10
v2,2.0,внутригородская территория города федерального значения городской округ Троицк,2024-10
v2,2.0,внутригородская территория города федерального значения муниципальный округ Адмиралтейский округ,2024-10
v2,2.0,внутригородская территория города федерального значения муниципальный округ Бабушкинский,2024-10
v2,2.0,внутригородская территория города федерального значения муниципальный округ Братеево,2024-10
v2,2.0,внутригородская территория города федерального значения муниципальный округ Бутырский,2024-10
v2,2.0,внутригородская территория города федерального значения муниципальный округ Внуково,2024-10
v2,2.0,внутригородская территория города федерального значения муниципальный округ Восточное Измайлово,2024-10
v2,2.0,внутригородская территория города федерального значения муниципальный округ Дачное,2024-10
v2,2.0,внутригородская территория города федерального значения муниципальный округ Екатерингофский,2024-10
v2,2.0,внутригородская территория города федерального значения муниципальный округ Ивановский,2024-10
v2,2.0,внутригородская территория города федерального значения муниципальный округ Ивановское,2024-10
v2,2.0,внутригородская территория города федерального значения муниципальный округ Измайлово,2024-10
v2,2.0,внутригородская территория города федерального значения муниципальный округ Княжево,2024-10
v2,2.0,внутригородская территория города федерального значения муниципальный округ Коломна,2024-10
v2,2.0,внутригородская территория города федерального значения муниципальный округ Константиновское,2024-10
v2,2.0,внутригородская территория города федерального значения муниципальный округ Котловка,2024-10
v2,2.0,внутригородская территория города федерального значения муниципальный округ Красненькая речка,2024-10
v2,2.0,внутригородская территория города федерального значения муниципальный округ Марьина роща,2024-10
v2,2.0,внутригородская территория города федерального значения муниципальный округ Метрогородок,2024-10
v2,2.0,внутригородская территория города федерального значения муниципальный округ Митино,2024-10
v2,2.0,внутригородская территория города федерального значения муниципальный округ Морской,2024-10
v2,2.0,внутригородская территория города федерального значения муниципальный округ Нагорный,2024-10
v2,2.0,внутригородская территория города федерального значения муниципальный округ Невский округ,2024-10
v2,2.0,внутригородская территория города федерального значения муниципальный округ Орехово-Борисово Южное,2024-10
v2,2.0,внутригородская территория города федерального значения муниципальный округ Останкинский,2024-01
v2,2.0,внутригородская территория города федерального значения муниципальный округ Останкинский,2024-10
v2,2.0,внутригородская территория города федерального значения муниципальный округ Покровское-Стрешнево,2024-10
v2,2.0,внутригородская территория города федерального значения муниципальный округ Посадский,2024-10
v2,2.0,внутригородская территория города федерального значения муниципальный округ Семеновский,2024-10
v2,2.0,внутригородская территория города федерального значения муниципальный округ Силино,2024-10
v2,2.0,внутригородская территория города федерального значения муниципальный округ Сокольники,2024-10
v2,2.0,внутригородская территория города федерального значения муниципальный округ Сосновское,2024-10
v2,2.0,внутригородская территория города федерального значения муниципальный округ Старое Крюково,2024-10
v2,2.0,внутригородская территория города федерального значения муниципальный округ Строгино,2024-10
v2,2.0,внутригородская территория города федерального значения муниципальный округ Теплый Стан,2024-10
v2,2.0,внутригородская территория города федерального значения муниципальный округ Ульянка,2024-10
v2,2.0,внутригородская территория города федерального значения муниципальный округ Урицк,2024-10
v2,2.0,внутригородская территория города федерального значения муниципальный округ Фили-Давыдково,2024-10
v2,2.0,внутригородская территория города федерального значения муниципальный округ Чертаново Центральное,2024-10
v2,2.0,внутригородская территория города федерального значения муниципальный округ Южное Медведково,2024-10
v2,2.0,внутригородская территория города федерального значения муниципальный округ Южное Тушино,2024-10
v2,2.0,внутригородская территория города федерального значения муниципальный округ округ Петровский,2024-01
v2,2.0,внутригородская территория города федерального значения муниципальный округ округ Петровский,2024-10
v2,2.0,внутригородская территория города федерального значения муниципальный округ № 15,2024-10
v2,2.0,внутригородская территория города федерального значения муниципальный округ № 21,2024-10
v2,2.0,внутригородская территория города федерального значения муниципальный округ № 7,2024-10
v2,2.0,внутригородская территория города федерального значения муниципальный округ № 72,2024-10
v2,2.0,внутригородская территория города федерального значения поселение Вороновское,2024-10
v2,2.0,внутригородская территория города федерального значения поселение Десеновское,2024-10
v2,2.0,внутригородская территория города федерального значения поселение Киевский,2024-02
v2,2.0,внутригородская территория города федерального значения поселение Кокошкино,2024-02
v2,2.0,внутригородская территория города федерального значения поселение Краснопахорское,2024-10
v2,2.0,внутригородская территория города федерального значения поселение Марушкинское,2024-10
v2,2.0,внутригородская территория города федерального значения поселение Михайлово-Ярцевское,2024-02
v2,2.0,"внутригородская территория города федерального значения поселение Мосрентген""""",2024-01
v2,2.0,"внутригородская территория города федерального значения поселение Мосрентген""""",2024-10
v2,2.0,внутригородская территория города федерального значения поселение Новофедоровское,2024-10
v2,2.0,внутригородская территория города федерального значения поселение Первомайское,2024-10
v2,2.0,внутригородская территория города федерального значения поселение Щаповское,2024-02
v2,2.0,внутригородская территория города федерального значения поселок Лисий Нос,2024-10
v2,2.0,внутригородская территория города федерального значения поселок Песочный,2024-10
v2,2.0,внутригородская территория города федерального значения поселок Стрельна,2024-10
v2,2.0,городской округ Анивский,2024-10
v2,2.0,городской округ Балтийский,2024-10
v2,2.0,городской округ Верхний Тагил,2024-10
v2,2.0,городской округ Гусевский,2024-10
v2,2.0,городской округ Дальнегорский,2024-10
v2,2.0,городской округ Ирбитское,2024-10
v2,2.0,городской округ Красноуральск,2024-10
v2,2.0,городской округ Макаровский,2024-10
v2,2.0,городской округ Мамоновский,2023-07
v2,2.0,городской округ Мамоновский,2023-10
v2,2.0,городской округ Мытищи,2024-10
v2,2.0,городской округ Партизанский,2024-10
v2,2.0,городской округ Пионерский,2023-06
v2,2.0,городской округ Пионерский,2024-01
v2,2.0,городской округ Пионерский,2024-07
v2,2.0,городской округ Полевской,2024-10
v2,2.0,городской округ Пышминский,2024-10
v2,2.0,городской округ Рефтинский,2024-10
v2,2.0,городской округ Североуральский,2024-10
v2,2.0,городской округ Семеновский,2024-10
v2,2.0,городской округ Смирныховский,2024-10
v2,2.0,городской округ Советский,2024-10
v2,2.0,городской округ Соликамский,2024-10
v2,2.0,городской округ Тавдинский,2024-10
v2,2.0,городской округ Тугулымский,2024-10
v2,2.0,городской округ Южно-Курильский,2023-08
v2,2.0,городской округ Южно-Курильский,2024-02
v2,2.0,городской округ Южно-Курильский,2024-08
v2,2.0,городской округ Янтарный,2024-10
v2,2.0,городской округ город Алатырь,2024-10
v2,2.0,городской округ город Березники,2024-10
v2,2.0,городской округ город Волгореченск,2024-04
v2,2.0,городской округ город Волгореченск,2024-10
v2,2.0,городской округ город Волжск,2024-10
v2,2.0,городской округ город Вятские Поляны,2024-10
v2,2.0,городской округ город Губкинский,2023-08
v2,2.0,городской округ город Губкинский,2024-02
v2,2.0,городской округ город Губкинский,2024-08
v2,2.0,городской округ город Йошкар-Ола,2024-10
v2,2.0,городской округ город Кедровый,2024-10
v2,2.0,городской округ город Кирово-Чепецк,2024-10
v2,2.0,городской округ город Кирсанов,2024-10
v2,2.0,городской округ город Козьмодемьянск,2024-10
v2,2.0,городской округ город Коряжма,2024-04
v2,2.0,городской округ город Коряжма,2024-10
v2,2.0,городской округ город Котовск,2024-10
v2,2.0,городской округ город Ливны,2024-10
v2,2.0,городской округ город Липецк,2024-10
v2,2.0,городской округ город Мичуринск,2024-10
v2,2.0,городской округ город Мценск,2024-10
v2,2.0,городской округ город Новодвинск,2024-10
v2,2.0,городской округ город Новочебоксарск,2024-10
v2,2.0,городской округ город Рассказово,2024-10
v2,2.0,городской округ город Рыбинск,2024-10
v2,2.0,городской округ город Рязань,2024-10
v2,2.0,городской округ город Саяногорск,2023-10
v2,2.0,городской округ город Саяногорск,2024-01
v2,2.0,городской округ город Саяногорск,2024-10
v2,2.0,городской округ город Скопин,2024-10
v2,2.0,городской округ город Сорск,2023-10
v2,2.0,городской округ город Сорск,2024-01
v2,2.0,городской округ город Сорск,2024-10
v2,2.0,городской округ город Уварово,2024-10
v2,2.0,городской округ город Урюпинск,2024-10
v2,2.0,городской округ город Шарыпово,2024-10
v2,2.0,городской округ город Шумерля,2024-10
v2,2.0,муниципальный округ Арбажский,2024-10
v2,2.0,муниципальный округ Багратионовский,2023-10
v2,2.0,муниципальный округ Багратионовский,2024-01
v2,2.0,муниципальный округ Багратионовский,2024-10
v2,2.0,муниципальный округ Бежецкий,2024-10
v2,2.0,муниципальный округ Верхнекамский,2024-10
v2,2.0,муниципальный округ Весьегонский,2024-10
v2,2.0,муниципальный округ Вилегодский,2024-10
v2,2.0,муниципальный округ Калининский,2024-10
v2,2.0,муниципальный округ Кимрский,2024-10
v2,2.0,муниципальный округ Лебяжский,2024-10
v2,2.0,муниципальный округ Марёвский,2024-10
v2,2.0,муниципальный округ Мошенской,2024-10
v2,2.0,муниципальный округ Невельский,2024-10
v2,2.0,муниципальный округ Неманский,2024-10
v2,2.0,муниципальный округ Старицкий,2024-10
v2,2.0,муниципальный округ Торопецкий,2024-10
v2,2.0,муниципальный округ Увинский район,2024-10
v2,2.0,муниципальный округ Хвойнинский,2024-10
v2,2.0,муниципальный округ Черняховский,2024-10
v2,2.0,муниципальный округ Ягоднинский,2024-10
v2,3.0,Армизонский муниципальный район,2024-10
v2,3.0,Атнинский муниципальный район,2023-10
v2,3.0,Атнинский муниципальный район,2024-01
v2,3.0,Баганский муниципальный район,2024-10
v2,3.0,Городищенский муниципальный район #1,2024-10
v2,3.0,Знаменский муниципальный округ,2024-10
v2,3.0,Кадуйский муниципальный округ,2024-10
v2,3.0,Краснооктябрьский муниципальный округ,2024-10
v2,3.0,Кромской муниципальный район,2024-10
v2,3.0,Оконешниковский муниципальный район,2024-10
v2,3.0,Перемышльский муниципальный район,2024-10
v2,3.0,Рыбинский муниципальный район #2,2024-10
v2,3.0,Сармановский муниципальный район,2024-10
v2,3.0,Светлоярский муниципальный район,2024-10
v2,3.0,Сергиевский муниципальный район,2024-10
v2,3.0,Сосновский муниципальный округ #2,2024-10
v2,3.0,внутригородская территория города федерального значения поселение Киевский,2024-02
v2,3.0,внутригородская территория города федерального значения поселение Кокошкино,2024-02
v2,3.0,внутригородская территория города федерального значения поселение Новофедоровское,2024-10
v2,3.0,внутригородская территория города федерального значения поселок Лисий Нос,2024-10
v2,3.0,городской округ Анивский,2024-10
v2,3.0,городской округ Балтийский,2024-10
v2,3.0,городской округ Макаровский,2024-10
v2,3.0,городской округ Североуральский,2024-10
v2,3.0,городской округ Южно-Курильский,2023-08
v2,3.0,городской округ Южно-Курильский,2024-02
v2,3.0,городской округ город Волгореченск,2024-10
v2,3.0,городской округ город Коряжма,2024-10
v2,3.0,городской округ город Сорск,2024-10
v2,3.0,муниципальный округ Мошенской,2024-10
v2,3.0,муниципальный округ Старицкий,2024-10
v2,5.0,городской округ город Волгореченск,2024-10
v2,5.0,городской округ город Коряжма,2024-10
